mapping,type_pre,side_pre,type_post,offset_wedges,weight
interleaved,EPG,R,PEG,-6,12
interleaved,EPG,R,PEG,-4,132
interleaved,EPG,R,PEG,-2,81
interleaved,EPG,R,PEG,-1,47
interleaved,EPG,R,PEG,0,2224
interleaved,EPG,R,PEG,1,324
interleaved,EPG,R,PEG,2,59
interleaved,EPG,R,PEG,4,122
interleaved,EPG,R,PEG,6,18
interleaved,EPG,R,PEG,8,122
interleaved,PEN_a(PEN1),L,EPG,-7,12
interleaved,PEN_a(PEN1),L,EPG,-6,73
interleaved,PEN_a(PEN1),L,EPG,-5,374
interleaved,PEN_a(PEN1),L,EPG,-4,1185
interleaved,PEN_a(PEN1),L,EPG,-3,2017
interleaved,PEN_a(PEN1),L,EPG,-2,1988
interleaved,PEN_a(PEN1),L,EPG,-1,1190
interleaved,PEN_a(PEN1),L,EPG,0,415
interleaved,PEN_a(PEN1),L,EPG,1,93
interleaved,PEN_a(PEN1),L,EPG,2,20
interleaved,PEN_a(PEN1),L,EPG,3,1
interleaved,EPG,L,PEG,-6,22
interleaved,EPG,L,PEG,-4,136
interleaved,EPG,L,PEG,-3,6
interleaved,EPG,L,PEG,-2,49
interleaved,EPG,L,PEG,-1,251
interleaved,EPG,L,PEG,0,2127
interleaved,EPG,L,PEG,1,68
interleaved,EPG,L,PEG,2,75
interleaved,EPG,L,PEG,4,130
interleaved,EPG,L,PEG,6,12
interleaved,EPG,L,PEG,8,137
interleaved,PEN_a(PEN1),R,EPG,-2,1
interleaved,PEN_a(PEN1),R,EPG,-1,46
interleaved,PEN_a(PEN1),R,EPG,0,352
interleaved,PEN_a(PEN1),R,EPG,1,1131
interleaved,PEN_a(PEN1),R,EPG,2,2048
interleaved,PEN_a(PEN1),R,EPG,3,1970
interleaved,PEN_a(PEN1),R,EPG,4,1101
interleaved,PEN_a(PEN1),R,EPG,5,321
interleaved,PEN_a(PEN1),R,EPG,6,59
interleaved,PEN_a(PEN1),R,EPG,7,1
interleaved,PEN_b(PEN2),L,EPG,-6,2
interleaved,PEN_b(PEN2),L,EPG,-5,45
interleaved,PEN_b(PEN2),L,EPG,-4,609
interleaved,PEN_b(PEN2),L,EPG,-3,1656
interleaved,PEN_b(PEN2),L,EPG,-2,1821
interleaved,PEN_b(PEN2),L,EPG,-1,629
interleaved,PEN_b(PEN2),L,EPG,0,62
interleaved,PEN_b(PEN2),L,EPG,1,6
interleaved,PEN_b(PEN2),R,EPG,0,56
interleaved,PEN_b(PEN2),R,EPG,1,636
interleaved,PEN_b(PEN2),R,EPG,2,1985
interleaved,PEN_b(PEN2),R,EPG,3,1636
interleaved,PEN_b(PEN2),R,EPG,4,483
interleaved,PEN_b(PEN2),R,EPG,5,42
interleaved,PEN_b(PEN2),R,EPG,6,3
interleaved,Delta7,both,PEN_b(PEN2),-7,1
interleaved,Delta7,both,PEN_b(PEN2),-6,1
interleaved,Delta7,both,PEN_b(PEN2),-4,1
interleaved,Delta7,both,PEN_b(PEN2),-2,116
interleaved,Delta7,both,PEN_b(PEN2),-1,226
interleaved,Delta7,both,PEN_b(PEN2),0,5287
interleaved,Delta7,both,PEN_b(PEN2),1,345
interleaved,Delta7,both,PEN_b(PEN2),2,79
interleaved,Delta7,both,PEN_b(PEN2),6,4
interleaved,Delta7,both,PEN_b(PEN2),7,1
interleaved,EPG,R,EPG,-7,1
interleaved,EPG,R,EPG,-6,10
interleaved,EPG,R,EPG,-4,50
interleaved,EPG,R,EPG,-3,21
interleaved,EPG,R,EPG,-2,188
interleaved,EPG,R,EPG,-1,1474
interleaved,EPG,R,EPG,0,2261
interleaved,EPG,R,EPG,1,1409
interleaved,EPG,R,EPG,2,182
interleaved,EPG,R,EPG,3,15
interleaved,EPG,R,EPG,4,55
interleaved,EPG,R,EPG,6,6
interleaved,EPG,R,EPG,8,53
interleaved,EPGt,R,PEG,0,169
interleaved,EPGt,R,PEG,2,1
interleaved,EPG,R,PEN_b(PEN2),-4,147
interleaved,EPG,R,PEN_b(PEN2),-2,1302
interleaved,EPG,R,PEN_b(PEN2),0,365
interleaved,EPG,R,PEN_b(PEN2),1,226
interleaved,EPG,R,PEN_b(PEN2),2,9
interleaved,EPG,R,PEN_b(PEN2),3,1077
interleaved,EPG,R,PEN_b(PEN2),5,3
interleaved,EPGt,L,PEG,0,171
interleaved,EPG,L,EPG,-6,20
interleaved,EPG,L,EPG,-4,58
interleaved,EPG,L,EPG,-3,20
interleaved,EPG,L,EPG,-2,227
interleaved,EPG,L,EPG,-1,1417
interleaved,EPG,L,EPG,0,2269
interleaved,EPG,L,EPG,1,1383
interleaved,EPG,L,EPG,2,208
interleaved,EPG,L,EPG,3,24
interleaved,EPG,L,EPG,4,62
interleaved,EPG,L,EPG,6,17
interleaved,EPG,L,EPG,7,1
interleaved,EPG,L,EPG,8,55
interleaved,Delta7,both,EPGt,-3,1
interleaved,Delta7,both,EPGt,-1,10
interleaved,Delta7,both,EPGt,0,1048
interleaved,Delta7,both,EPGt,1,8
interleaved,Delta7,both,PEG,-7,2
interleaved,Delta7,both,PEG,-6,2
interleaved,Delta7,both,PEG,-5,2
interleaved,Delta7,both,PEG,-4,4
interleaved,Delta7,both,PEG,-3,5
interleaved,Delta7,both,PEG,-2,63
interleaved,Delta7,both,PEG,-1,261
interleaved,Delta7,both,PEG,0,3199
interleaved,Delta7,both,PEG,1,296
interleaved,Delta7,both,PEG,2,66
interleaved,Delta7,both,PEG,3,2
interleaved,Delta7,both,PEG,4,4
interleaved,Delta7,both,PEG,5,4
interleaved,Delta7,both,PEG,6,1
interleaved,Delta7,both,PEG,7,15
interleaved,EPG,L,PEN_b(PEN2),-5,3
interleaved,EPG,L,PEN_b(PEN2),-3,1122
interleaved,EPG,L,PEN_b(PEN2),-2,11
interleaved,EPG,L,PEN_b(PEN2),-1,208
interleaved,EPG,L,PEN_b(PEN2),0,362
interleaved,EPG,L,PEN_b(PEN2),2,1238
interleaved,EPG,L,PEN_b(PEN2),4,156
interleaved,EPG,L,PEN_b(PEN2),6,1
interleaved,PEG,L,PEN_b(PEN2),-5,6
interleaved,PEG,L,PEN_b(PEN2),-3,475
interleaved,PEG,L,PEN_b(PEN2),-1,32
interleaved,PEG,L,PEN_b(PEN2),0,14
interleaved,PEG,L,PEN_b(PEN2),2,511
interleaved,PEG,L,PEN_b(PEN2),4,30
interleaved,PEG,R,PEN_b(PEN2),-4,61
interleaved,PEG,R,PEN_b(PEN2),-2,496
interleaved,PEG,R,PEN_b(PEN2),0,12
interleaved,PEG,R,PEN_b(PEN2),1,84
interleaved,PEG,R,PEN_b(PEN2),2,2
interleaved,PEG,R,PEN_b(PEN2),3,507
interleaved,PEG,R,PEN_b(PEN2),5,6
interleaved,PEG,R,PEN_b(PEN2),7,2
interleaved,PEN_b(PEN2),L,PEN_b(PEN2),-7,10
interleaved,PEN_b(PEN2),L,PEN_b(PEN2),-6,340
interleaved,PEN_b(PEN2),L,PEN_b(PEN2),-5,231
interleaved,PEN_b(PEN2),L,PEN_b(PEN2),-4,525
interleaved,PEN_b(PEN2),L,PEN_b(PEN2),-3,10
interleaved,PEN_b(PEN2),L,PEN_b(PEN2),-2,353
interleaved,PEN_b(PEN2),L,PEN_b(PEN2),0,240
interleaved,PEN_b(PEN2),L,PEN_b(PEN2),2,284
interleaved,PEN_b(PEN2),L,PEN_b(PEN2),4,533
interleaved,PEN_b(PEN2),L,PEN_b(PEN2),6,297
interleaved,PEN_b(PEN2),L,PEN_b(PEN2),8,459
interleaved,PEN_a(PEN1),R,PEN_a(PEN1),-7,1
interleaved,PEN_a(PEN1),R,PEN_a(PEN1),-6,311
interleaved,PEN_a(PEN1),R,PEN_a(PEN1),-4,379
interleaved,PEN_a(PEN1),R,PEN_a(PEN1),-2,363
interleaved,PEN_a(PEN1),R,PEN_a(PEN1),0,130
interleaved,PEN_a(PEN1),R,PEN_a(PEN1),1,4
interleaved,PEN_a(PEN1),R,PEN_a(PEN1),2,379
interleaved,PEN_a(PEN1),R,PEN_a(PEN1),3,57
interleaved,PEN_a(PEN1),R,PEN_a(PEN1),4,378
interleaved,PEN_a(PEN1),R,PEN_a(PEN1),5,197
interleaved,PEN_a(PEN1),R,PEN_a(PEN1),6,323
interleaved,PEN_a(PEN1),R,PEN_a(PEN1),7,48
interleaved,PEN_a(PEN1),R,PEN_a(PEN1),8,342
interleaved,PEN_b(PEN2),R,PEN_b(PEN2),-6,283
interleaved,PEN_b(PEN2),R,PEN_b(PEN2),-4,520
interleaved,PEN_b(PEN2),R,PEN_b(PEN2),-2,256
interleaved,PEN_b(PEN2),R,PEN_b(PEN2),0,214
interleaved,PEN_b(PEN2),R,PEN_b(PEN2),2,258
interleaved,PEN_b(PEN2),R,PEN_b(PEN2),3,11
interleaved,PEN_b(PEN2),R,PEN_b(PEN2),4,474
interleaved,PEN_b(PEN2),R,PEN_b(PEN2),5,171
interleaved,PEN_b(PEN2),R,PEN_b(PEN2),6,263
interleaved,PEN_b(PEN2),R,PEN_b(PEN2),7,5
interleaved,PEN_b(PEN2),R,PEN_b(PEN2),8,487
interleaved,PEN_a(PEN1),L,PEN_a(PEN1),-7,45
interleaved,PEN_a(PEN1),L,PEN_a(PEN1),-6,256
interleaved,PEN_a(PEN1),L,PEN_a(PEN1),-5,207
interleaved,PEN_a(PEN1),L,PEN_a(PEN1),-4,310
interleaved,PEN_a(PEN1),L,PEN_a(PEN1),-3,55
interleaved,PEN_a(PEN1),L,PEN_a(PEN1),-2,332
interleaved,PEN_a(PEN1),L,PEN_a(PEN1),-1,2
interleaved,PEN_a(PEN1),L,PEN_a(PEN1),0,93
interleaved,PEN_a(PEN1),L,PEN_a(PEN1),2,327
interleaved,PEN_a(PEN1),L,PEN_a(PEN1),4,310
interleaved,PEN_a(PEN1),L,PEN_a(PEN1),6,278
interleaved,PEN_a(PEN1),L,PEN_a(PEN1),8,319
interleaved,Delta7,both,Delta7,-7,2977
interleaved,Delta7,both,Delta7,-6,1172
interleaved,Delta7,both,Delta7,-5,2999
interleaved,Delta7,both,Delta7,-4,1017
interleaved,Delta7,both,Delta7,-3,2140
interleaved,Delta7,both,Delta7,-2,656
interleaved,Delta7,both,Delta7,-1,1520
interleaved,Delta7,both,Delta7,0,4444
interleaved,Delta7,both,Delta7,1,1435
interleaved,Delta7,both,Delta7,2,638
interleaved,Delta7,both,Delta7,3,2088
interleaved,Delta7,both,Delta7,4,1054
interleaved,Delta7,both,Delta7,5,3023
interleaved,Delta7,both,Delta7,6,1197
interleaved,Delta7,both,Delta7,7,179
interleaved,EPG,R,PEN_a(PEN1),-6,4
interleaved,EPG,R,PEN_a(PEN1),-4,419
interleaved,EPG,R,PEN_a(PEN1),-2,888
interleaved,EPG,R,PEN_a(PEN1),-1,14
interleaved,EPG,R,PEN_a(PEN1),0,422
interleaved,EPG,R,PEN_a(PEN1),1,402
interleaved,EPG,R,PEN_a(PEN1),2,2
interleaved,EPG,R,PEN_a(PEN1),3,842
interleaved,EPG,R,PEN_a(PEN1),5,98
interleaved,EPG,R,PEN_a(PEN1),7,1
interleaved,EPG,L,PEN_a(PEN1),-5,73
interleaved,EPG,L,PEN_a(PEN1),-3,807
interleaved,EPG,L,PEN_a(PEN1),-2,13
interleaved,EPG,L,PEN_a(PEN1),-1,371
interleaved,EPG,L,PEN_a(PEN1),0,448
interleaved,EPG,L,PEN_a(PEN1),1,6
interleaved,EPG,L,PEN_a(PEN1),2,861
interleaved,EPG,L,PEN_a(PEN1),4,414
interleaved,EPG,L,PEN_a(PEN1),6,14
interleaved,EPG,L,PEN_a(PEN1),8,1
interleaved,EPG,L,Delta7,-7,2173
interleaved,EPG,L,Delta7,-6,351
interleaved,EPG,L,Delta7,-5,1696
interleaved,EPG,L,Delta7,-4,177
interleaved,EPG,L,Delta7,-3,565
interleaved,EPG,L,Delta7,-2,51
interleaved,EPG,L,Delta7,-1,137
interleaved,EPG,L,Delta7,0,203
interleaved,EPG,L,Delta7,1,19
interleaved,EPG,L,Delta7,2,280
interleaved,EPG,L,Delta7,3,142
interleaved,EPG,L,Delta7,4,1229
interleaved,EPG,L,Delta7,5,414
interleaved,EPG,L,Delta7,6,2050
interleaved,EPG,L,Delta7,7,399
interleaved,EPG,R,Delta7,-7,416
interleaved,EPG,R,Delta7,-6,2025
interleaved,EPG,R,Delta7,-5,340
interleaved,EPG,R,Delta7,-4,1309
interleaved,EPG,R,Delta7,-3,119
interleaved,EPG,R,Delta7,-2,268
interleaved,EPG,R,Delta7,-1,18
interleaved,EPG,R,Delta7,0,223
interleaved,EPG,R,Delta7,1,121
interleaved,EPG,R,Delta7,2,31
interleaved,EPG,R,Delta7,3,587
interleaved,EPG,R,Delta7,4,237
interleaved,EPG,R,Delta7,5,1742
interleaved,EPG,R,Delta7,6,362
interleaved,EPG,R,Delta7,7,2212
interleaved,Delta7,both,EPG,-7,5
interleaved,Delta7,both,EPG,-6,8
interleaved,Delta7,both,EPG,-5,9
interleaved,Delta7,both,EPG,-4,6
interleaved,Delta7,both,EPG,-3,2
interleaved,Delta7,both,EPG,-2,66
interleaved,Delta7,both,EPG,-1,247
interleaved,Delta7,both,EPG,0,3503
interleaved,Delta7,both,EPG,1,339
interleaved,Delta7,both,EPG,2,56
interleaved,Delta7,both,EPG,3,3
interleaved,Delta7,both,EPG,4,4
interleaved,Delta7,both,EPG,5,8
interleaved,Delta7,both,EPG,6,5
interleaved,Delta7,both,EPG,7,33
interleaved,PEN_a(PEN1),R,PEN_b(PEN2),-6,131
interleaved,PEN_a(PEN1),R,PEN_b(PEN2),-4,204
interleaved,PEN_a(PEN1),R,PEN_b(PEN2),-2,167
interleaved,PEN_a(PEN1),R,PEN_b(PEN2),0,335
interleaved,PEN_a(PEN1),R,PEN_b(PEN2),2,156
interleaved,PEN_a(PEN1),R,PEN_b(PEN2),3,16
interleaved,PEN_a(PEN1),R,PEN_b(PEN2),4,208
interleaved,PEN_a(PEN1),R,PEN_b(PEN2),5,75
interleaved,PEN_a(PEN1),R,PEN_b(PEN2),6,149
interleaved,PEN_a(PEN1),R,PEN_b(PEN2),7,5
interleaved,PEN_a(PEN1),R,PEN_b(PEN2),8,201
interleaved,PEN_a(PEN1),L,PEN_b(PEN2),-7,7
interleaved,PEN_a(PEN1),L,PEN_b(PEN2),-6,139
interleaved,PEN_a(PEN1),L,PEN_b(PEN2),-5,105
interleaved,PEN_a(PEN1),L,PEN_b(PEN2),-4,175
interleaved,PEN_a(PEN1),L,PEN_b(PEN2),-3,11
interleaved,PEN_a(PEN1),L,PEN_b(PEN2),-2,151
interleaved,PEN_a(PEN1),L,PEN_b(PEN2),0,284
interleaved,PEN_a(PEN1),L,PEN_b(PEN2),2,155
interleaved,PEN_a(PEN1),L,PEN_b(PEN2),4,197
interleaved,PEN_a(PEN1),L,PEN_b(PEN2),6,149
interleaved,PEN_a(PEN1),L,PEN_b(PEN2),8,159
interleaved,PEN_b(PEN2),L,PEN_a(PEN1),-7,9
interleaved,PEN_b(PEN2),L,PEN_a(PEN1),-6,153
interleaved,PEN_b(PEN2),L,PEN_a(PEN1),-5,62
interleaved,PEN_b(PEN2),L,PEN_a(PEN1),-4,191
interleaved,PEN_b(PEN2),L,PEN_a(PEN1),-3,17
interleaved,PEN_b(PEN2),L,PEN_a(PEN1),-2,154
interleaved,PEN_b(PEN2),L,PEN_a(PEN1),0,258
interleaved,PEN_b(PEN2),L,PEN_a(PEN1),2,150
interleaved,PEN_b(PEN2),L,PEN_a(PEN1),4,201
interleaved,PEN_b(PEN2),L,PEN_a(PEN1),6,180
interleaved,PEN_b(PEN2),L,PEN_a(PEN1),8,168
interleaved,PEN_b(PEN2),R,PEN_a(PEN1),-6,137
interleaved,PEN_b(PEN2),R,PEN_a(PEN1),-4,178
interleaved,PEN_b(PEN2),R,PEN_a(PEN1),-2,154
interleaved,PEN_b(PEN2),R,PEN_a(PEN1),0,274
interleaved,PEN_b(PEN2),R,PEN_a(PEN1),2,190
interleaved,PEN_b(PEN2),R,PEN_a(PEN1),3,6
interleaved,PEN_b(PEN2),R,PEN_a(PEN1),4,193
interleaved,PEN_b(PEN2),R,PEN_a(PEN1),5,55
interleaved,PEN_b(PEN2),R,PEN_a(PEN1),6,150
interleaved,PEN_b(PEN2),R,PEN_a(PEN1),7,12
interleaved,PEN_b(PEN2),R,PEN_a(PEN1),8,175
interleaved,EPG,L,EPGt,-1,17
interleaved,EPG,L,EPGt,0,67
interleaved,EPG,L,EPGt,2,8
interleaved,EPG,R,EPGt,-4,2
interleaved,EPG,R,EPGt,-2,13
interleaved,EPG,R,EPGt,0,62
interleaved,EPG,R,EPGt,1,25
interleaved,EPG,R,EPGt,4,5
interleaved,EPG,R,EPGt,8,2
interleaved,Delta7,both,PEN_a(PEN1),-7,1
interleaved,Delta7,both,PEN_a(PEN1),-5,2
interleaved,Delta7,both,PEN_a(PEN1),-4,1
interleaved,Delta7,both,PEN_a(PEN1),-2,28
interleaved,Delta7,both,PEN_a(PEN1),-1,50
interleaved,Delta7,both,PEN_a(PEN1),0,983
interleaved,Delta7,both,PEN_a(PEN1),1,82
interleaved,Delta7,both,PEN_a(PEN1),2,18
interleaved,Delta7,both,PEN_a(PEN1),3,1
interleaved,Delta7,both,PEN_a(PEN1),5,2
interleaved,Delta7,both,PEN_a(PEN1),6,1
interleaved,Delta7,both,PEN_a(PEN1),7,9
interleaved,EPGt,L,PEN_a(PEN1),0,34
interleaved,PEN_b(PEN2),L,PEG,-4,11
interleaved,PEN_b(PEN2),L,PEG,-3,56
interleaved,PEN_b(PEN2),L,PEG,-2,96
interleaved,PEN_b(PEN2),L,PEG,-1,19
interleaved,PEN_b(PEN2),L,PEG,0,3
interleaved,EPGt,R,PEN_a(PEN1),0,42
interleaved,EPGt,R,PEN_a(PEN1),3,4
interleaved,PEN_b(PEN2),L,EPGt,-3,38
interleaved,PEN_b(PEN2),L,EPGt,-2,24
interleaved,PEN_b(PEN2),L,EPGt,0,1
interleaved,PEG,L,EPG,-6,3
interleaved,PEG,L,EPG,-4,55
interleaved,PEG,L,EPG,-3,1
interleaved,PEG,L,EPG,-2,19
interleaved,PEG,L,EPG,-1,89
interleaved,PEG,L,EPG,0,216
interleaved,PEG,L,EPG,1,32
interleaved,PEG,L,EPG,2,2
interleaved,PEG,L,EPG,4,45
interleaved,PEG,L,EPG,6,5
interleaved,PEG,L,EPG,8,58
interleaved,EPGt,R,PEN_b(PEN2),-2,1
interleaved,EPGt,R,PEN_b(PEN2),0,65
interleaved,EPGt,R,PEN_b(PEN2),3,3
interleaved,PEG,R,EPG,-6,2
interleaved,PEG,R,EPG,-4,36
interleaved,PEG,R,EPG,-2,8
interleaved,PEG,R,EPG,-1,37
interleaved,PEG,R,EPG,0,199
interleaved,PEG,R,EPG,1,77
interleaved,PEG,R,EPG,2,18
interleaved,PEG,R,EPG,3,1
interleaved,PEG,R,EPG,4,46
interleaved,PEG,R,EPG,6,7
interleaved,PEG,R,EPG,8,38
interleaved,PEG,R,PEG,-6,1
interleaved,PEG,R,PEG,-4,31
interleaved,PEG,R,PEG,-2,5
interleaved,PEG,R,PEG,-1,12
interleaved,PEG,R,PEG,0,38
interleaved,PEG,R,PEG,1,95
interleaved,PEG,R,PEG,2,4
interleaved,PEG,R,PEG,3,1
interleaved,PEG,R,PEG,4,30
interleaved,PEG,R,PEG,5,1
interleaved,PEG,R,PEG,8,39
interleaved,PEG,L,PEG,-6,1
interleaved,PEG,L,PEG,-5,2
interleaved,PEG,L,PEG,-4,38
interleaved,PEG,L,PEG,-3,2
interleaved,PEG,L,PEG,-2,16
interleaved,PEG,L,PEG,-1,89
interleaved,PEG,L,PEG,0,34
interleaved,PEG,L,PEG,1,10
interleaved,PEG,L,PEG,2,10
interleaved,PEG,L,PEG,4,35
interleaved,PEG,L,PEG,8,49
interleaved,EPGt,R,Delta7,-6,45
interleaved,EPGt,R,Delta7,-5,20
interleaved,EPGt,R,Delta7,-4,23
interleaved,EPGt,R,Delta7,-2,1
interleaved,EPGt,R,Delta7,0,43
interleaved,EPGt,R,Delta7,1,7
interleaved,EPGt,R,Delta7,3,70
interleaved,EPGt,R,Delta7,4,11
interleaved,EPGt,R,Delta7,5,62
interleaved,EPGt,R,Delta7,6,4
interleaved,EPGt,R,Delta7,7,70
interleaved,EPGt,L,PEN_b(PEN2),0,47
interleaved,PEN_a(PEN1),L,EPGt,-7,3
interleaved,PEN_a(PEN1),L,EPGt,-5,8
interleaved,PEN_a(PEN1),L,EPGt,-3,25
interleaved,PEN_a(PEN1),L,EPGt,-2,13
interleaved,PEN_a(PEN1),L,EPGt,-1,3
interleaved,PEN_a(PEN1),L,EPGt,0,4
interleaved,EPGt,L,Delta7,-7,44
interleaved,EPGt,L,Delta7,-6,13
interleaved,EPGt,L,Delta7,-5,17
interleaved,EPGt,L,Delta7,-4,15
interleaved,EPGt,L,Delta7,-3,29
interleaved,EPGt,L,Delta7,-1,4
interleaved,EPGt,L,Delta7,0,44
interleaved,EPGt,L,Delta7,2,2
interleaved,EPGt,L,Delta7,3,2
interleaved,EPGt,L,Delta7,4,3
interleaved,EPGt,L,Delta7,5,2
interleaved,EPGt,L,Delta7,6,63
interleaved,EPGt,L,EPGt,0,23
interleaved,PEN_b(PEN2),R,PEG,1,6
interleaved,PEN_b(PEN2),R,PEG,2,47
interleaved,PEN_b(PEN2),R,PEG,3,64
interleaved,PEN_b(PEN2),R,PEG,4,9
interleaved,PEN_b(PEN2),R,PEG,5,1
interleaved,EPGt,R,EPGt,0,21
interleaved,PEN_b(PEN2),R,EPGt,0,5
interleaved,PEN_b(PEN2),R,EPGt,2,9
interleaved,PEN_b(PEN2),R,EPGt,3,23
interleaved,PEN_a(PEN1),L,PEG,-5,1
interleaved,PEN_a(PEN1),L,PEG,-4,10
interleaved,PEN_a(PEN1),L,PEG,-3,18
interleaved,PEN_a(PEN1),L,PEG,-2,37
interleaved,PEN_a(PEN1),L,PEG,-1,6
interleaved,PEN_a(PEN1),L,PEG,0,7
interleaved,EPGt,R,EPG,0,9
interleaved,EPGt,R,EPG,1,2
interleaved,EPGt,R,EPG,2,15
interleaved,EPGt,R,EPG,3,1
interleaved,PEN_a(PEN1),R,PEG,0,3
interleaved,PEN_a(PEN1),R,PEG,1,8
interleaved,PEN_a(PEN1),R,PEG,2,18
interleaved,PEN_a(PEN1),R,PEG,3,28
interleaved,PEN_a(PEN1),R,PEG,4,9
interleaved,PEN_a(PEN1),R,PEG,5,2
interleaved,PEG,R,EPGt,-4,2
interleaved,PEG,R,EPGt,0,16
interleaved,PEG,R,EPGt,1,2
interleaved,PEG,R,EPGt,4,5
interleaved,PEG,L,EPGt,-1,4
interleaved,PEG,L,EPGt,0,15
interleaved,PEG,R,PEN_a(PEN1),-4,10
interleaved,PEG,R,PEN_a(PEN1),-2,33
interleaved,PEG,R,PEN_a(PEN1),0,6
interleaved,PEG,R,PEN_a(PEN1),1,7
interleaved,PEG,R,PEN_a(PEN1),3,39
interleaved,PEG,R,PEN_a(PEN1),7,2
interleaved,PEG,L,PEN_a(PEN1),-5,1
interleaved,PEG,L,PEN_a(PEN1),-3,42
interleaved,PEG,L,PEN_a(PEN1),-1,6
interleaved,PEG,L,PEN_a(PEN1),0,4
interleaved,PEG,L,PEN_a(PEN1),2,31
interleaved,PEG,L,PEN_a(PEN1),4,5
interleaved,EPGt,L,EPG,-2,9
interleaved,EPGt,L,EPG,-1,2
interleaved,EPGt,L,EPG,0,2
interleaved,EPGt,L,EPG,2,1
interleaved,PEN_a(PEN1),R,EPGt,-2,1
interleaved,PEN_a(PEN1),R,EPGt,0,2
interleaved,PEN_a(PEN1),R,EPGt,2,7
interleaved,PEN_a(PEN1),R,EPGt,3,9
interleaved,PEN_a(PEN1),R,EPGt,4,1
interleaved,PEN_a(PEN1),R,EPGt,5,6
interleaved,PEN_a(PEN1),R,Delta7,-5,1
interleaved,PEN_a(PEN1),R,Delta7,-1,1
interleaved,PEN_a(PEN1),R,Delta7,0,2
interleaved,PEN_a(PEN1),R,Delta7,1,4
interleaved,PEN_a(PEN1),R,Delta7,5,1
interleaved,PEN_a(PEN1),R,Delta7,7,1
interleaved,PEN_a(PEN1),L,Delta7,-1,2
interleaved,PEN_a(PEN1),L,Delta7,0,2
interleaved,PEN_a(PEN1),L,Delta7,2,1
interleaved,PEG,R,Delta7,-6,1
interleaved,PEG,R,Delta7,7,2
interleaved,PEG,L,Delta7,-7,1
interleaved,PEG,L,Delta7,0,1
interleaved,PEG,L,Delta7,2,1
interleaved,PEN_b(PEN2),R,Delta7,-7,1
interleaved,PEN_b(PEN2),R,Delta7,-2,1
interleaved,PEN_b(PEN2),R,Delta7,0,4
interleaved,PEN_b(PEN2),R,Delta7,5,3
interleaved,PEN_b(PEN2),L,Delta7,-7,1
interleaved,PEN_b(PEN2),L,Delta7,-1,1
interleaved,PEN_b(PEN2),L,Delta7,0,2
interleaved,PEN_b(PEN2),L,Delta7,6,1
paired,EPG,R,PEG,-7,2
paired,EPG,R,PEG,-6,18
paired,EPG,R,PEG,-5,20
paired,EPG,R,PEG,-4,122
paired,EPG,R,PEG,-3,9
paired,EPG,R,PEG,-2,59
paired,EPG,R,PEG,-1,141
paired,EPG,R,PEG,0,2224
paired,EPG,R,PEG,1,13
paired,EPG,R,PEG,2,81
paired,EPG,R,PEG,3,88
paired,EPG,R,PEG,4,132
paired,EPG,R,PEG,5,23
paired,EPG,R,PEG,6,12
paired,EPG,R,PEG,7,75
paired,EPG,R,PEG,8,122
paired,PEN_a(PEN1),L,EPG,-7,442
paired,PEN_a(PEN1),L,EPG,-6,73
paired,PEN_a(PEN1),L,EPG,-5,568
paired,PEN_a(PEN1),L,EPG,-4,1185
paired,PEN_a(PEN1),L,EPG,-3,408
paired,PEN_a(PEN1),L,EPG,-2,1988
paired,PEN_a(PEN1),L,EPG,-1,473
paired,PEN_a(PEN1),L,EPG,0,415
paired,PEN_a(PEN1),L,EPG,1,319
paired,PEN_a(PEN1),L,EPG,2,20
paired,PEN_a(PEN1),L,EPG,3,420
paired,PEN_a(PEN1),L,EPG,5,396
paired,PEN_a(PEN1),L,EPG,7,661
paired,EPG,L,PEG,-7,52
paired,EPG,L,PEG,-6,22
paired,EPG,L,PEG,-5,2
paired,EPG,L,PEG,-4,136
paired,EPG,L,PEG,-3,20
paired,EPG,L,PEG,-2,49
paired,EPG,L,PEG,-1,30
paired,EPG,L,PEG,0,2127
paired,EPG,L,PEG,1,127
paired,EPG,L,PEG,2,75
paired,EPG,L,PEG,3,10
paired,EPG,L,PEG,4,130
paired,EPG,L,PEG,5,52
paired,EPG,L,PEG,6,12
paired,EPG,L,PEG,7,32
paired,EPG,L,PEG,8,137
paired,PEN_a(PEN1),R,EPG,-7,617
paired,PEN_a(PEN1),R,EPG,-6,59
paired,PEN_a(PEN1),R,EPG,-5,413
paired,PEN_a(PEN1),R,EPG,-4,1101
paired,PEN_a(PEN1),R,EPG,-3,432
paired,PEN_a(PEN1),R,EPG,-2,2048
paired,PEN_a(PEN1),R,EPG,-1,344
paired,PEN_a(PEN1),R,EPG,0,352
paired,PEN_a(PEN1),R,EPG,1,377
paired,PEN_a(PEN1),R,EPG,2,1
paired,PEN_a(PEN1),R,EPG,3,326
paired,PEN_a(PEN1),R,EPG,5,591
paired,PEN_a(PEN1),R,EPG,7,369
paired,PEN_b(PEN2),L,EPG,-7,170
paired,PEN_b(PEN2),L,EPG,-6,2
paired,PEN_b(PEN2),L,EPG,-5,470
paired,PEN_b(PEN2),L,EPG,-4,609
paired,PEN_b(PEN2),L,EPG,-3,169
paired,PEN_b(PEN2),L,EPG,-2,1821
paired,PEN_b(PEN2),L,EPG,-1,361
paired,PEN_b(PEN2),L,EPG,0,62
paired,PEN_b(PEN2),L,EPG,1,159
paired,PEN_b(PEN2),L,EPG,3,362
paired,PEN_b(PEN2),L,EPG,5,176
paired,PEN_b(PEN2),L,EPG,7,469
paired,PEN_b(PEN2),R,EPG,-7,448
paired,PEN_b(PEN2),R,EPG,-6,3
paired,PEN_b(PEN2),R,EPG,-5,177
paired,PEN_b(PEN2),R,EPG,-4,483
paired,PEN_b(PEN2),R,EPG,-3,343
paired,PEN_b(PEN2),R,EPG,-2,1985
paired,PEN_b(PEN2),R,EPG,-1,172
paired,PEN_b(PEN2),R,EPG,0,56
paired,PEN_b(PEN2),R,EPG,1,388
paired,PEN_b(PEN2),R,EPG,3,136
paired,PEN_b(PEN2),R,EPG,5,457
paired,PEN_b(PEN2),R,EPG,7,193
paired,Delta7,both,PEN_b(PEN2),-6,2
paired,Delta7,both,PEN_b(PEN2),-5,1
paired,Delta7,both,PEN_b(PEN2),-3,1
paired,Delta7,both,PEN_b(PEN2),-2,342
paired,Delta7,both,PEN_b(PEN2),-1,91
paired,Delta7,both,PEN_b(PEN2),0,5287
paired,Delta7,both,PEN_b(PEN2),1,66
paired,Delta7,both,PEN_b(PEN2),2,269
paired,Delta7,both,PEN_b(PEN2),5,2
paired,EPG,R,EPG,-7,356
paired,EPG,R,EPG,-6,6
paired,EPG,R,EPG,-5,377
paired,EPG,R,EPG,-4,55
paired,EPG,R,EPG,-3,375
paired,EPG,R,EPG,-2,182
paired,EPG,R,EPG,-1,285
paired,EPG,R,EPG,0,2261
paired,EPG,R,EPG,1,399
paired,EPG,R,EPG,2,188
paired,EPG,R,EPG,3,407
paired,EPG,R,EPG,4,50
paired,EPG,R,EPG,5,359
paired,EPG,R,EPG,6,10
paired,EPG,R,EPG,7,362
paired,EPG,R,EPG,8,53
paired,EPGt,R,PEG,-2,1
paired,EPGt,R,PEG,0,169
paired,EPG,R,PEN_b(PEN2),-7,281
paired,EPG,R,PEN_b(PEN2),-5,65
paired,EPG,R,PEN_b(PEN2),-3,218
paired,EPG,R,PEN_b(PEN2),-2,9
paired,EPG,R,PEN_b(PEN2),-1,32
paired,EPG,R,PEN_b(PEN2),0,365
paired,EPG,R,PEN_b(PEN2),1,292
paired,EPG,R,PEN_b(PEN2),2,1302
paired,EPG,R,PEN_b(PEN2),3,70
paired,EPG,R,PEN_b(PEN2),4,147
paired,EPG,R,PEN_b(PEN2),5,286
paired,EPG,R,PEN_b(PEN2),7,62
paired,EPGt,L,PEG,0,171
paired,EPG,L,EPG,-7,366
paired,EPG,L,EPG,-6,20
paired,EPG,L,EPG,-5,325
paired,EPG,L,EPG,-4,58
paired,EPG,L,EPG,-3,432
paired,EPG,L,EPG,-2,227
paired,EPG,L,EPG,-1,338
paired,EPG,L,EPG,0,2269
paired,EPG,L,EPG,1,280
paired,EPG,L,EPG,2,208
paired,EPG,L,EPG,3,377
paired,EPG,L,EPG,4,62
paired,EPG,L,EPG,5,364
paired,EPG,L,EPG,6,17
paired,EPG,L,EPG,7,363
paired,EPG,L,EPG,8,55
paired,Delta7,both,EPGt,-1,9
paired,Delta7,both,EPGt,0,1048
paired,Delta7,both,EPGt,1,10
paired,Delta7,both,PEG,-7,2
paired,Delta7,both,PEG,-6,1
paired,Delta7,both,PEG,-5,1
paired,Delta7,both,PEG,-4,3
paired,Delta7,both,PEG,-3,1
paired,Delta7,both,PEG,-2,167
paired,Delta7,both,PEG,-1,86
paired,Delta7,both,PEG,0,3199
paired,Delta7,both,PEG,1,108
paired,Delta7,both,PEG,2,342
paired,Delta7,both,PEG,3,7
paired,Delta7,both,PEG,4,6
paired,Delta7,both,PEG,5,1
paired,Delta7,both,PEG,6,2
paired,EPG,L,PEN_b(PEN2),-7,64
paired,EPG,L,PEN_b(PEN2),-5,309
paired,EPG,L,PEN_b(PEN2),-3,30
paired,EPG,L,PEN_b(PEN2),-2,11
paired,EPG,L,PEN_b(PEN2),-1,230
paired,EPG,L,PEN_b(PEN2),0,362
paired,EPG,L,PEN_b(PEN2),1,62
paired,EPG,L,PEN_b(PEN2),2,1238
paired,EPG,L,PEN_b(PEN2),3,272
paired,EPG,L,PEN_b(PEN2),4,156
paired,EPG,L,PEN_b(PEN2),5,55
paired,EPG,L,PEN_b(PEN2),6,1
paired,EPG,L,PEN_b(PEN2),7,311
paired,PEG,L,PEN_b(PEN2),-7,7
paired,PEG,L,PEN_b(PEN2),-5,134
paired,PEG,L,PEN_b(PEN2),-3,14
paired,PEG,L,PEN_b(PEN2),-1,137
paired,PEG,L,PEN_b(PEN2),0,14
paired,PEG,L,PEN_b(PEN2),1,8
paired,PEG,L,PEN_b(PEN2),2,511
paired,PEG,L,PEN_b(PEN2),3,114
paired,PEG,L,PEN_b(PEN2),4,30
paired,PEG,L,PEN_b(PEN2),5,9
paired,PEG,L,PEN_b(PEN2),7,90
paired,PEG,R,PEN_b(PEN2),-7,135
paired,PEG,R,PEN_b(PEN2),-5,30
paired,PEG,R,PEN_b(PEN2),-3,116
paired,PEG,R,PEN_b(PEN2),-2,2
paired,PEG,R,PEN_b(PEN2),-1,11
paired,PEG,R,PEN_b(PEN2),0,12
paired,PEG,R,PEN_b(PEN2),1,147
paired,PEG,R,PEN_b(PEN2),2,496
paired,PEG,R,PEN_b(PEN2),3,40
paired,PEG,R,PEN_b(PEN2),4,61
paired,PEG,R,PEN_b(PEN2),5,111
paired,PEG,R,PEN_b(PEN2),7,9
paired,PEN_b(PEN2),L,PEN_b(PEN2),-7,64
paired,PEN_b(PEN2),L,PEN_b(PEN2),-6,340
paired,PEN_b(PEN2),L,PEN_b(PEN2),-5,8
paired,PEN_b(PEN2),L,PEN_b(PEN2),-4,525
paired,PEN_b(PEN2),L,PEN_b(PEN2),-3,47
paired,PEN_b(PEN2),L,PEN_b(PEN2),-2,353
paired,PEN_b(PEN2),L,PEN_b(PEN2),-1,3
paired,PEN_b(PEN2),L,PEN_b(PEN2),0,240
paired,PEN_b(PEN2),L,PEN_b(PEN2),1,69
paired,PEN_b(PEN2),L,PEN_b(PEN2),2,284
paired,PEN_b(PEN2),L,PEN_b(PEN2),3,6
paired,PEN_b(PEN2),L,PEN_b(PEN2),4,533
paired,PEN_b(PEN2),L,PEN_b(PEN2),5,51
paired,PEN_b(PEN2),L,PEN_b(PEN2),6,297
paired,PEN_b(PEN2),L,PEN_b(PEN2),7,3
paired,PEN_b(PEN2),L,PEN_b(PEN2),8,459
paired,PEN_a(PEN1),R,PEN_a(PEN1),-7,31
paired,PEN_a(PEN1),R,PEN_a(PEN1),-6,323
paired,PEN_a(PEN1),R,PEN_a(PEN1),-5,36
paired,PEN_a(PEN1),R,PEN_a(PEN1),-4,378
paired,PEN_a(PEN1),R,PEN_a(PEN1),-3,18
paired,PEN_a(PEN1),R,PEN_a(PEN1),-2,379
paired,PEN_a(PEN1),R,PEN_a(PEN1),-1,67
paired,PEN_a(PEN1),R,PEN_a(PEN1),0,130
paired,PEN_a(PEN1),R,PEN_a(PEN1),1,32
paired,PEN_a(PEN1),R,PEN_a(PEN1),2,363
paired,PEN_a(PEN1),R,PEN_a(PEN1),3,40
paired,PEN_a(PEN1),R,PEN_a(PEN1),4,379
paired,PEN_a(PEN1),R,PEN_a(PEN1),5,24
paired,PEN_a(PEN1),R,PEN_a(PEN1),6,311
paired,PEN_a(PEN1),R,PEN_a(PEN1),7,59
paired,PEN_a(PEN1),R,PEN_a(PEN1),8,342
paired,PEN_b(PEN2),R,PEN_b(PEN2),-7,1
paired,PEN_b(PEN2),R,PEN_b(PEN2),-6,263
paired,PEN_b(PEN2),R,PEN_b(PEN2),-5,34
paired,PEN_b(PEN2),R,PEN_b(PEN2),-4,474
paired,PEN_b(PEN2),R,PEN_b(PEN2),-3,4
paired,PEN_b(PEN2),R,PEN_b(PEN2),-2,258
paired,PEN_b(PEN2),R,PEN_b(PEN2),-1,57
paired,PEN_b(PEN2),R,PEN_b(PEN2),0,214
paired,PEN_b(PEN2),R,PEN_b(PEN2),1,5
paired,PEN_b(PEN2),R,PEN_b(PEN2),2,256
paired,PEN_b(PEN2),R,PEN_b(PEN2),3,38
paired,PEN_b(PEN2),R,PEN_b(PEN2),4,520
paired,PEN_b(PEN2),R,PEN_b(PEN2),5,6
paired,PEN_b(PEN2),R,PEN_b(PEN2),6,283
paired,PEN_b(PEN2),R,PEN_b(PEN2),7,42
paired,PEN_b(PEN2),R,PEN_b(PEN2),8,487
paired,PEN_a(PEN1),L,PEN_a(PEN1),-7,54
paired,PEN_a(PEN1),L,PEN_a(PEN1),-6,256
paired,PEN_a(PEN1),L,PEN_a(PEN1),-5,31
paired,PEN_a(PEN1),L,PEN_a(PEN1),-4,310
paired,PEN_a(PEN1),L,PEN_a(PEN1),-3,39
paired,PEN_a(PEN1),L,PEN_a(PEN1),-2,332
paired,PEN_a(PEN1),L,PEN_a(PEN1),-1,29
paired,PEN_a(PEN1),L,PEN_a(PEN1),0,93
paired,PEN_a(PEN1),L,PEN_a(PEN1),1,81
paired,PEN_a(PEN1),L,PEN_a(PEN1),2,327
paired,PEN_a(PEN1),L,PEN_a(PEN1),3,13
paired,PEN_a(PEN1),L,PEN_a(PEN1),4,310
paired,PEN_a(PEN1),L,PEN_a(PEN1),5,35
paired,PEN_a(PEN1),L,PEN_a(PEN1),6,278
paired,PEN_a(PEN1),L,PEN_a(PEN1),7,27
paired,PEN_a(PEN1),L,PEN_a(PEN1),8,319
paired,Delta7,both,Delta7,-6,999
paired,Delta7,both,Delta7,-5,1179
paired,Delta7,both,Delta7,-4,1481
paired,Delta7,both,Delta7,-3,2120
paired,Delta7,both,Delta7,-2,1537
paired,Delta7,both,Delta7,-1,2958
paired,Delta7,both,Delta7,0,4444
paired,Delta7,both,Delta7,1,3530
paired,Delta7,both,Delta7,2,1407
paired,Delta7,both,Delta7,3,2317
paired,Delta7,both,Delta7,4,1311
paired,Delta7,both,Delta7,5,1548
paired,Delta7,both,Delta7,6,871
paired,Delta7,both,Delta7,7,837
paired,EPG,R,PEN_a(PEN1),-7,228
paired,EPG,R,PEN_a(PEN1),-5,130
paired,EPG,R,PEN_a(PEN1),-3,172
paired,EPG,R,PEN_a(PEN1),-2,2
paired,EPG,R,PEN_a(PEN1),-1,82
paired,EPG,R,PEN_a(PEN1),0,422
paired,EPG,R,PEN_a(PEN1),1,202
paired,EPG,R,PEN_a(PEN1),2,888
paired,EPG,R,PEN_a(PEN1),3,166
paired,EPG,R,PEN_a(PEN1),4,419
paired,EPG,R,PEN_a(PEN1),5,255
paired,EPG,R,PEN_a(PEN1),6,4
paired,EPG,R,PEN_a(PEN1),7,122
paired,EPG,L,PEN_a(PEN1),-7,148
paired,EPG,L,PEN_a(PEN1),-5,246
paired,EPG,L,PEN_a(PEN1),-3,90
paired,EPG,L,PEN_a(PEN1),-2,13
paired,EPG,L,PEN_a(PEN1),-1,176
paired,EPG,L,PEN_a(PEN1),0,448
paired,EPG,L,PEN_a(PEN1),1,89
paired,EPG,L,PEN_a(PEN1),2,861
paired,EPG,L,PEN_a(PEN1),3,190
paired,EPG,L,PEN_a(PEN1),4,414
paired,EPG,L,PEN_a(PEN1),5,117
paired,EPG,L,PEN_a(PEN1),6,14
paired,EPG,L,PEN_a(PEN1),7,201
paired,EPG,L,PEN_a(PEN1),8,1
paired,EPG,L,Delta7,-6,720
paired,EPG,L,Delta7,-5,737
paired,EPG,L,Delta7,-4,552
paired,EPG,L,Delta7,-3,1100
paired,EPG,L,Delta7,-2,176
paired,EPG,L,Delta7,-1,1066
paired,EPG,L,Delta7,0,203
paired,EPG,L,Delta7,1,1094
paired,EPG,L,Delta7,2,184
paired,EPG,L,Delta7,3,1184
paired,EPG,L,Delta7,4,639
paired,EPG,L,Delta7,5,1049
paired,EPG,L,Delta7,6,549
paired,EPG,L,Delta7,7,633
paired,EPG,R,Delta7,-7,599
paired,EPG,R,Delta7,-6,541
paired,EPG,R,Delta7,-5,1085
paired,EPG,R,Delta7,-4,356
paired,EPG,R,Delta7,-3,1148
paired,EPG,R,Delta7,-2,107
paired,EPG,R,Delta7,-1,1177
paired,EPG,R,Delta7,0,223
paired,EPG,R,Delta7,1,1262
paired,EPG,R,Delta7,2,200
paired,EPG,R,Delta7,3,1194
paired,EPG,R,Delta7,4,728
paired,EPG,R,Delta7,5,783
paired,EPG,R,Delta7,6,607
paired,Delta7,both,EPG,-7,4
paired,Delta7,both,EPG,-6,1
paired,Delta7,both,EPG,-5,7
paired,Delta7,both,EPG,-4,4
paired,Delta7,both,EPG,-3,8
paired,Delta7,both,EPG,-2,195
paired,Delta7,both,EPG,-1,105
paired,Delta7,both,EPG,0,3503
paired,Delta7,both,EPG,1,151
paired,Delta7,both,EPG,2,295
paired,Delta7,both,EPG,3,12
paired,Delta7,both,EPG,4,3
paired,Delta7,both,EPG,5,3
paired,Delta7,both,EPG,6,3
paired,PEN_a(PEN1),R,PEN_b(PEN2),-7,5
paired,PEN_a(PEN1),R,PEN_b(PEN2),-6,149
paired,PEN_a(PEN1),R,PEN_b(PEN2),-5,17
paired,PEN_a(PEN1),R,PEN_b(PEN2),-4,208
paired,PEN_a(PEN1),R,PEN_b(PEN2),-3,3
paired,PEN_a(PEN1),R,PEN_b(PEN2),-2,156
paired,PEN_a(PEN1),R,PEN_b(PEN2),-1,19
paired,PEN_a(PEN1),R,PEN_b(PEN2),0,335
paired,PEN_a(PEN1),R,PEN_b(PEN2),1,7
paired,PEN_a(PEN1),R,PEN_b(PEN2),2,167
paired,PEN_a(PEN1),R,PEN_b(PEN2),3,12
paired,PEN_a(PEN1),R,PEN_b(PEN2),4,204
paired,PEN_a(PEN1),R,PEN_b(PEN2),5,6
paired,PEN_a(PEN1),R,PEN_b(PEN2),6,131
paired,PEN_a(PEN1),R,PEN_b(PEN2),7,27
paired,PEN_a(PEN1),R,PEN_b(PEN2),8,201
paired,PEN_a(PEN1),L,PEN_b(PEN2),-7,32
paired,PEN_a(PEN1),L,PEN_b(PEN2),-6,139
paired,PEN_a(PEN1),L,PEN_b(PEN2),-5,2
paired,PEN_a(PEN1),L,PEN_b(PEN2),-4,175
paired,PEN_a(PEN1),L,PEN_b(PEN2),-3,15
paired,PEN_a(PEN1),L,PEN_b(PEN2),-2,151
paired,PEN_a(PEN1),L,PEN_b(PEN2),-1,6
paired,PEN_a(PEN1),L,PEN_b(PEN2),0,284
paired,PEN_a(PEN1),L,PEN_b(PEN2),1,43
paired,PEN_a(PEN1),L,PEN_b(PEN2),2,155
paired,PEN_a(PEN1),L,PEN_b(PEN2),3,2
paired,PEN_a(PEN1),L,PEN_b(PEN2),4,197
paired,PEN_a(PEN1),L,PEN_b(PEN2),5,15
paired,PEN_a(PEN1),L,PEN_b(PEN2),6,149
paired,PEN_a(PEN1),L,PEN_b(PEN2),7,8
paired,PEN_a(PEN1),L,PEN_b(PEN2),8,159
paired,PEN_b(PEN2),L,PEN_a(PEN1),-7,24
paired,PEN_b(PEN2),L,PEN_a(PEN1),-6,153
paired,PEN_b(PEN2),L,PEN_a(PEN1),-5,20
paired,PEN_b(PEN2),L,PEN_a(PEN1),-4,191
paired,PEN_b(PEN2),L,PEN_a(PEN1),-3,8
paired,PEN_b(PEN2),L,PEN_a(PEN1),-2,154
paired,PEN_b(PEN2),L,PEN_a(PEN1),-1,1
paired,PEN_b(PEN2),L,PEN_a(PEN1),0,258
paired,PEN_b(PEN2),L,PEN_a(PEN1),1,19
paired,PEN_b(PEN2),L,PEN_a(PEN1),2,150
paired,PEN_b(PEN2),L,PEN_a(PEN1),3,4
paired,PEN_b(PEN2),L,PEN_a(PEN1),4,201
paired,PEN_b(PEN2),L,PEN_a(PEN1),5,11
paired,PEN_b(PEN2),L,PEN_a(PEN1),6,180
paired,PEN_b(PEN2),L,PEN_a(PEN1),7,1
paired,PEN_b(PEN2),L,PEN_a(PEN1),8,168
paired,PEN_b(PEN2),R,PEN_a(PEN1),-7,5
paired,PEN_b(PEN2),R,PEN_a(PEN1),-6,150
paired,PEN_b(PEN2),R,PEN_a(PEN1),-5,3
paired,PEN_b(PEN2),R,PEN_a(PEN1),-4,193
paired,PEN_b(PEN2),R,PEN_a(PEN1),-2,190
paired,PEN_b(PEN2),R,PEN_a(PEN1),-1,24
paired,PEN_b(PEN2),R,PEN_a(PEN1),0,274
paired,PEN_b(PEN2),R,PEN_a(PEN1),1,4
paired,PEN_b(PEN2),R,PEN_a(PEN1),2,154
paired,PEN_b(PEN2),R,PEN_a(PEN1),3,17
paired,PEN_b(PEN2),R,PEN_a(PEN1),4,178
paired,PEN_b(PEN2),R,PEN_a(PEN1),5,9
paired,PEN_b(PEN2),R,PEN_a(PEN1),6,137
paired,PEN_b(PEN2),R,PEN_a(PEN1),7,11
paired,PEN_b(PEN2),R,PEN_a(PEN1),8,175
paired,EPG,L,EPGt,0,67
paired,EPG,L,EPGt,1,17
paired,EPG,L,EPGt,2,8
paired,EPG,R,EPGt,-4,5
paired,EPG,R,EPGt,-1,25
paired,EPG,R,EPGt,0,62
paired,EPG,R,EPGt,2,13
paired,EPG,R,EPGt,4,2
paired,EPG,R,EPGt,8,2
paired,Delta7,both,PEN_a(PEN1),-7,1
paired,Delta7,both,PEN_a(PEN1),-5,1
paired,Delta7,both,PEN_a(PEN1),-3,1
paired,Delta7,both,PEN_a(PEN1),-2,55
paired,Delta7,both,PEN_a(PEN1),-1,26
paired,Delta7,both,PEN_a(PEN1),0,983
paired,Delta7,both,PEN_a(PEN1),1,25
paired,Delta7,both,PEN_a(PEN1),2,82
paired,Delta7,both,PEN_a(PEN1),3,2
paired,Delta7,both,PEN_a(PEN1),4,1
paired,Delta7,both,PEN_a(PEN1),5,1
paired,EPGt,L,PEN_a(PEN1),0,34
paired,PEN_b(PEN2),L,PEG,-7,1
paired,PEN_b(PEN2),L,PEG,-5,11
paired,PEN_b(PEN2),L,PEG,-4,11
paired,PEN_b(PEN2),L,PEG,-3,15
paired,PEN_b(PEN2),L,PEG,-2,96
paired,PEN_b(PEN2),L,PEG,-1,28
paired,PEN_b(PEN2),L,PEG,0,3
paired,PEN_b(PEN2),L,PEG,3,10
paired,PEN_b(PEN2),L,PEG,5,3
paired,PEN_b(PEN2),L,PEG,7,7
paired,EPGt,R,PEN_a(PEN1),0,42
paired,EPGt,R,PEN_a(PEN1),1,4
paired,PEN_b(PEN2),L,EPGt,-2,24
paired,PEN_b(PEN2),L,EPGt,-1,38
paired,PEN_b(PEN2),L,EPGt,0,1
paired,PEG,L,EPG,-7,27
paired,PEG,L,EPG,-6,3
paired,PEG,L,EPG,-5,9
paired,PEG,L,EPG,-4,55
paired,PEG,L,EPG,-3,29
paired,PEG,L,EPG,-2,19
paired,PEG,L,EPG,-1,12
paired,PEG,L,EPG,0,216
paired,PEG,L,EPG,1,25
paired,PEG,L,EPG,2,2
paired,PEG,L,EPG,3,7
paired,PEG,L,EPG,4,45
paired,PEG,L,EPG,5,8
paired,PEG,L,EPG,6,5
paired,PEG,L,EPG,7,5
paired,PEG,L,EPG,8,58
paired,EPGt,R,PEN_b(PEN2),0,65
paired,EPGt,R,PEN_b(PEN2),1,3
paired,EPGt,R,PEN_b(PEN2),2,1
paired,PEG,R,EPG,-7,11
paired,PEG,R,EPG,-6,7
paired,PEG,R,EPG,-5,18
paired,PEG,R,EPG,-4,46
paired,PEG,R,EPG,-3,1
paired,PEG,R,EPG,-2,18
paired,PEG,R,EPG,-1,18
paired,PEG,R,EPG,0,199
paired,PEG,R,EPG,1,17
paired,PEG,R,EPG,2,8
paired,PEG,R,EPG,3,10
paired,PEG,R,EPG,4,36
paired,PEG,R,EPG,5,9
paired,PEG,R,EPG,6,2
paired,PEG,R,EPG,7,31
paired,PEG,R,EPG,8,38
paired,PEG,R,PEG,-7,1
paired,PEG,R,PEG,-5,10
paired,PEG,R,PEG,-4,30
paired,PEG,R,PEG,-3,3
paired,PEG,R,PEG,-2,4
paired,PEG,R,PEG,-1,48
paired,PEG,R,PEG,0,38
paired,PEG,R,PEG,1,6
paired,PEG,R,PEG,2,5
paired,PEG,R,PEG,3,17
paired,PEG,R,PEG,4,31
paired,PEG,R,PEG,5,3
paired,PEG,R,PEG,6,1
paired,PEG,R,PEG,7,21
paired,PEG,R,PEG,8,39
paired,PEG,L,PEG,-7,16
paired,PEG,L,PEG,-6,1
paired,PEG,L,PEG,-5,3
paired,PEG,L,PEG,-4,38
paired,PEG,L,PEG,-3,11
paired,PEG,L,PEG,-2,16
paired,PEG,L,PEG,-1,4
paired,PEG,L,PEG,0,34
paired,PEG,L,PEG,1,48
paired,PEG,L,PEG,2,10
paired,PEG,L,PEG,3,4
paired,PEG,L,PEG,4,35
paired,PEG,L,PEG,5,16
paired,PEG,L,PEG,7,1
paired,PEG,L,PEG,8,49
paired,EPGt,R,Delta7,-1,7
paired,EPGt,R,Delta7,0,43
paired,EPGt,R,Delta7,1,70
paired,EPGt,R,Delta7,2,1
paired,EPGt,R,Delta7,3,73
paired,EPGt,R,Delta7,4,23
paired,EPGt,R,Delta7,5,74
paired,EPGt,R,Delta7,6,65
paired,EPGt,L,PEN_b(PEN2),0,47
paired,PEN_a(PEN1),L,EPGt,-5,3
paired,PEN_a(PEN1),L,EPGt,-3,8
paired,PEN_a(PEN1),L,EPGt,-2,13
paired,PEN_a(PEN1),L,EPGt,-1,25
paired,PEN_a(PEN1),L,EPGt,0,4
paired,PEN_a(PEN1),L,EPGt,1,3
paired,EPGt,L,Delta7,-6,13
paired,EPGt,L,Delta7,-5,2
paired,EPGt,L,Delta7,-4,15
paired,EPGt,L,Delta7,-3,2
paired,EPGt,L,Delta7,0,44
paired,EPGt,L,Delta7,1,4
paired,EPGt,L,Delta7,2,2
paired,EPGt,L,Delta7,3,29
paired,EPGt,L,Delta7,4,3
paired,EPGt,L,Delta7,5,17
paired,EPGt,L,Delta7,6,63
paired,EPGt,L,Delta7,7,44
paired,EPGt,L,EPGt,0,23
paired,PEN_b(PEN2),R,PEG,-7,3
paired,PEN_b(PEN2),R,PEG,-5,1
paired,PEN_b(PEN2),R,PEG,-4,9
paired,PEN_b(PEN2),R,PEG,-3,21
paired,PEN_b(PEN2),R,PEG,-2,47
paired,PEN_b(PEN2),R,PEG,-1,3
paired,PEN_b(PEN2),R,PEG,1,21
paired,PEN_b(PEN2),R,PEG,3,2
paired,PEN_b(PEN2),R,PEG,5,19
paired,PEN_b(PEN2),R,PEG,7,1
paired,EPGt,R,EPGt,0,21
paired,PEN_b(PEN2),R,EPGt,-3,23
paired,PEN_b(PEN2),R,EPGt,-2,9
paired,PEN_b(PEN2),R,EPGt,0,5
paired,PEN_a(PEN1),L,PEG,-5,5
paired,PEN_a(PEN1),L,PEG,-4,10
paired,PEN_a(PEN1),L,PEG,-3,2
paired,PEN_a(PEN1),L,PEG,-2,37
paired,PEN_a(PEN1),L,PEG,-1,3
paired,PEN_a(PEN1),L,PEG,0,7
paired,PEN_a(PEN1),L,PEG,3,6
paired,PEN_a(PEN1),L,PEG,5,5
paired,PEN_a(PEN1),L,PEG,7,4
paired,EPGt,R,EPG,-2,15
paired,EPGt,R,EPG,-1,2
paired,EPGt,R,EPG,0,9
paired,EPGt,R,EPG,1,1
paired,PEN_a(PEN1),R,PEG,-7,2
paired,PEN_a(PEN1),R,PEG,-5,5
paired,PEN_a(PEN1),R,PEG,-4,9
paired,PEN_a(PEN1),R,PEG,-3,17
paired,PEN_a(PEN1),R,PEG,-2,18
paired,PEN_a(PEN1),R,PEG,-1,3
paired,PEN_a(PEN1),R,PEG,0,3
paired,PEN_a(PEN1),R,PEG,1,9
paired,PEN_a(PEN1),R,PEG,3,2
paired,PEG,R,EPGt,-4,5
paired,PEG,R,EPGt,-1,2
paired,PEG,R,EPGt,0,16
paired,PEG,R,EPGt,4,2
paired,PEG,L,EPGt,0,15
paired,PEG,L,EPGt,1,4
paired,PEG,R,PEN_a(PEN1),-7,8
paired,PEG,R,PEN_a(PEN1),-5,5
paired,PEG,R,PEN_a(PEN1),-3,10
paired,PEG,R,PEN_a(PEN1),0,6
paired,PEG,R,PEN_a(PEN1),1,17
paired,PEG,R,PEN_a(PEN1),2,33
paired,PEG,R,PEN_a(PEN1),3,2
paired,PEG,R,PEN_a(PEN1),4,10
paired,PEG,R,PEN_a(PEN1),5,6
paired,PEG,L,PEN_a(PEN1),-5,12
paired,PEG,L,PEN_a(PEN1),-3,4
paired,PEG,L,PEN_a(PEN1),-1,10
paired,PEG,L,PEN_a(PEN1),0,4
paired,PEG,L,PEN_a(PEN1),1,1
paired,PEG,L,PEN_a(PEN1),2,31
paired,PEG,L,PEN_a(PEN1),3,11
paired,PEG,L,PEN_a(PEN1),4,5
paired,PEG,L,PEN_a(PEN1),5,2
paired,PEG,L,PEN_a(PEN1),7,9
paired,EPGt,L,EPG,-2,9
paired,EPGt,L,EPG,0,2
paired,EPGt,L,EPG,1,2
paired,EPGt,L,EPG,2,1
paired,PEN_a(PEN1),R,EPGt,-5,6
paired,PEN_a(PEN1),R,EPGt,-4,1
paired,PEN_a(PEN1),R,EPGt,-3,9
paired,PEN_a(PEN1),R,EPGt,-2,7
paired,PEN_a(PEN1),R,EPGt,0,2
paired,PEN_a(PEN1),R,EPGt,2,1
paired,PEN_a(PEN1),R,Delta7,-6,1
paired,PEN_a(PEN1),R,Delta7,-3,1
paired,PEN_a(PEN1),R,Delta7,-2,1
paired,PEN_a(PEN1),R,Delta7,-1,3
paired,PEN_a(PEN1),R,Delta7,0,2
paired,PEN_a(PEN1),R,Delta7,2,1
paired,PEN_a(PEN1),R,Delta7,6,1
paired,PEN_a(PEN1),L,Delta7,-2,2
paired,PEN_a(PEN1),L,Delta7,0,2
paired,PEN_a(PEN1),L,Delta7,1,1
paired,PEG,R,Delta7,-7,1
paired,PEG,R,Delta7,5,1
paired,PEG,R,Delta7,6,1
paired,PEG,L,Delta7,-5,1
paired,PEG,L,Delta7,0,1
paired,PEG,L,Delta7,1,1
paired,PEN_b(PEN2),R,Delta7,-5,1
paired,PEN_b(PEN2),R,Delta7,-1,1
paired,PEN_b(PEN2),R,Delta7,0,4
paired,PEN_b(PEN2),R,Delta7,2,1
paired,PEN_b(PEN2),R,Delta7,3,2
paired,PEN_b(PEN2),L,Delta7,-2,1
paired,PEN_b(PEN2),L,Delta7,-1,1
paired,PEN_b(PEN2),L,Delta7,0,2
paired,PEN_b(PEN2),L,Delta7,5,1
