bodyId,type,instance,somaSide,nt
10011,OA-AL2i1,OA-AL2i1_L,L,unclear
10041,OA-VUMa1,OA-VUMa1_M,M,octopamine
10050,5-HTPMPV03,5-HTPMPV03_R,R,serotonin
10072,OA-AL2i1,OA-AL2i1_R,R,unclear
10080,OA-VUMa3,OA-VUMa3_M,M,octopamine
10100,LoVCLo3,LoVCLo3_R,R,octopamine
10110,OA-VUMa1,OA-VUMa1_M,M,octopamine
10120,OA-VPM4,OA-VPM4_L,L,octopamine
10123,DNg30,DNg30_L,L,serotonin
10168,OA-VUMa6,OA-VUMa6(OA-VUMa7)_M,M,octopamine
10175,OA-VUMa6,OA-VUMa6(OA-VUMa7)_M,M,octopamine
10185,OA-VUMa8,OA-VUMa8_M,M,octopamine
10187,OA-VPM3,OA-VPM3_R,R,octopamine
10204,OA-AL2i2,OA-AL2i2_L,L,octopamine
10226,OA-AL2i3,OA-AL2i3_L,L,octopamine
10237,DNg30,DNg30_R,R,serotonin
10265,OA-AL2i2,OA-AL2i2_L,L,octopamine
10269,OA-AL2i2,OA-AL2i2_R,R,octopamine
10278,5-HTPMPV03,5-HTPMPV03_L,L,serotonin
10322,OA-AL2i2,OA-AL2i2_R,R,octopamine
10399,PPL202,PPL202_R,R,dopamine
10432,LoVCLo3,LoVCLo3_L,L,octopamine
10479,PS196_a,PS196_a_R,R,acetylcholine
10545,AN06B009,AN06B009(hb1687321237)_R,R,gaba
10555,OA-VUMa3,OA-VUMa3_M,M,octopamine
10603,PS196_a,PS196_a_L,L,acetylcholine
10639,LoVC22,LoVC22_R,R,dopamine
10652,OA-AL2i4,OA-AL2i4_L,L,octopamine
10658,OA-AL2i3,OA-AL2i3_L,L,octopamine
10677,OA-AL2i4,OA-AL2i4_R,R,octopamine
10687,OA-AL2i3,OA-AL2i3_R,R,octopamine
10735,LoVC18,"LoVC18(PLP030,PLP031)_L",L,dopamine
10753,PPL201,PPL201_L,L,dopamine
10799,OA-VUMa4,OA-VUMa4_M,M,octopamine
10825,OA-AL2i3,OA-AL2i3_R,R,octopamine
10852,LoVC18,"LoVC18(PLP030,PLP031)_L",L,dopamine
10898,AVLP476,AVLP476_R,R,dopamine
10910,PPM1203,PPM1203_L,L,dopamine
10914,LoVC18,LoVC18_R,R,dopamine
10997,AN06B009,AN06B009_L,L,gaba
11005,OA-VUMa4,OA-VUMa4_M,M,octopamine
11079,LoVC22,LoVC22_R,R,dopamine
11125,AVLP610,AVLP610_R,R,dopamine
11214,LoVC22,LoVC22_L,L,dopamine
11227,CSD,CSD_R,R,serotonin
11264,OA-ASM1,OA-ASM1_L,L,octopamine
11327,PPL101,PPL101(y1ped)_R,R,dopamine
11428,5-HTPMPV01,5-HTPMPV01_R,R,serotonin
11442,DNg28,DNg28_R,R,serotonin
11532,PPM1203,PPM1203_R,R,dopamine
11560,PPL201,PPL201_R,R,dopamine
11569,5-HTPLP01,5-HTPLP01_L,L,glutamate
11601,5-HTPLP01,5-HTPLP01_R,R,glutamate
11602,OA-ASM1,OA-ASM1_L,L,octopamine
11608,OA-VUMa2,OA-VUMa2_M,M,octopamine
11618,PPL102,PPL102(y1)_L,L,dopamine
11734,DPM,DPM_L,L,dopamine
11740,GNG540,GNG540_L,L,serotonin
11752,PPL103,PPL103(y2a'1)_L,L,dopamine
11756,DNg28,DNg28_R,R,serotonin
11900,PPL101,PPL101(y1ped)_L,L,dopamine
11921,OA-VPM4,OA-VPM4_R,R,octopamine
11964,SIP106m,SIP106m_R,R,dopamine
12055,PS196_b,PS196_b_L,L,acetylcholine
12091,PS196_b,PS196_b_R,R,acetylcholine
12109,OA-VUMa2,OA-VUMa2_M,M,octopamine
12301,PS326,PS326(hb1748648841)_L,L,glutamate
12336,PS326,PS326_R,R,glutamate
12542,5-HTPMPD01,5-HTPMPD01_L,L,serotonin
12569,DPM,DPM_R,R,dopamine
12588,PPM1201,PPM1201_R,R,dopamine
12644,PPM1201,PPM1201_L,L,dopamine
12688,OA-ASM1,OA-ASM1_R,R,octopamine
12858,PPM1205,PPM1205_R,R,dopamine
12896,OA-VUMa5,OA-VUMa5_M,M,octopamine
12902,PPL108,PPL108_R,R,dopamine
13068,PPM1201,PPM1201_R,R,dopamine
13259,PPL202,PPL202_L,L,dopamine
13303,OA-VUMa5,OA-VUMa5_M,M,octopamine
13312,PPL203,PPL203_L,L,unclear
13428,PPL102,PPL102(y1)_R,R,dopamine
13959,OA-ASM3,OA-ASM3_L,L,unclear
14100,GNG056,GNG056_L,L,serotonin
14182,PPL103,PPL103(y2a'1)_R,R,dopamine
14212,CSD,CSD_L,L,serotonin
14225,PPL105,PPL105(a'2a2)_R,R,dopamine
14254,GNG056,GNG056_R,R,serotonin
14358,LLPC1,LLPC1_L,L,acetylcholine
14521,AN07B037_b,AN07B037_b_L,L,acetylcholine
14576,EN00B026,EN00B026_M,M,octopamine
14694,5-HTPMPV01,5-HTPMPV01_L,L,serotonin
14705,PPL107,PPL107_R,R,dopamine
15042,LoVC22,LoVC22_L,L,dopamine
15102,LLPC1,LLPC1_L,L,acetylcholine
15157,LLPC1,LLPC1_L,L,acetylcholine
15214,GNG540,GNG540_R,R,serotonin
15274,LAL143,LAL143_L,L,gaba
15310,PPL108,PPL108_L,L,dopamine
15344,AN07B037_b,AN07B037_b_R,R,acetylcholine
15487,GNG550,GNG550_L,L,serotonin
15693,PPL203,PPL203_R,R,unclear
15779,LLPC1,LLPC1_L,L,acetylcholine
15882,LLPC1,LLPC1_L,L,acetylcholine
16101,LLPC1,LLPC1_L,L,acetylcholine
16295,LLPC1,LLPC1_L,L,acetylcholine
17155,5-HTPMPD01,5-HTPMPD01_R,R,serotonin
17188,LLPC1,LLPC1_L,L,acetylcholine
17369,GNG550,GNG550_R,R,serotonin
17421,LAL128,LAL128_R,R,dopamine
17489,LLPC1,LLPC1_L,L,acetylcholine
17687,LLPC1,LLPC1_L,L,acetylcholine
18405,LLPC1,LLPC1_L,L,acetylcholine
18436,AN07B037_a,AN07B037_a_L,L,acetylcholine
18548,PPM1204,PPM1204_L,L,glutamate
18623,LLPC1,LLPC1_L,L,acetylcholine
18727,LLPC1,LLPC1_L,L,acetylcholine
18788,LLPC1,LLPC1_L,L,acetylcholine
19090,AN07B037_a,AN07B037_a_R,R,acetylcholine
19329,LLPC1,LLPC1_L,L,acetylcholine
19478,LAL143,LAL143_R,R,gaba
19651,AN07B037_a,AN07B037_a_R,R,acetylcholine
20049,aDT4,aDT4_R,R,serotonin
21024,LLPC1,LLPC1_L,L,acetylcholine
21051,LLPC1,LLPC1_L,L,acetylcholine
21120,LLPC1,LLPC1_R,R,acetylcholine
21145,PPL104,PPL104(a'3)_R,R,dopamine
21171,LLPC1,LLPC1_L,L,acetylcholine
21231,PPM1204,PPM1204_R,R,glutamate
21393,LLPC1,LLPC1_L,L,acetylcholine
21406,LLPC1,LLPC1_R,R,acetylcholine
21648,LLPC1,LLPC1_R,R,acetylcholine
21671,PPM1202,PPM1202_R,R,dopamine
21819,LLPC1,LLPC1_L,L,acetylcholine
21832,LLPC1,LLPC1_R,R,acetylcholine
22063,LLPC1,LLPC1_R,R,acetylcholine
22193,LLPC1,LLPC1_L,L,acetylcholine
22453,LLPC1,LLPC1_L,L,acetylcholine
22586,LLPC1,LLPC1_L,L,acetylcholine
22615,LLPC1,LLPC1_L,L,acetylcholine
22666,LLPC1,LLPC1_L,L,acetylcholine
22982,PPM1202,PPM1202_L,L,dopamine
23164,LLPC1,LLPC1_L,L,acetylcholine
23734,LLPC1,LLPC1_R,R,acetylcholine
23850,OA-ASM2,OA-ASM2_R,R,unclear
23936,LLPC1,LLPC1_R,R,acetylcholine
24253,LLPC1,LLPC1_R,R,acetylcholine
24371,LLPC1,LLPC1_L,L,acetylcholine
24483,LLPC1,LLPC1_R,R,acetylcholine
24774,LLPC1,LLPC1_R,R,acetylcholine
24899,LLPC1,LLPC1_L,L,acetylcholine
25220,LLPC1,LLPC1_R,R,acetylcholine
25298,LLPC1,LLPC1_R,R,acetylcholine
25339,LLPC1,LLPC1_R,R,acetylcholine
25372,LLPC1,LLPC1_R,R,acetylcholine
25583,LLPC1,LLPC1_L,L,acetylcholine
25605,LLPC1,LLPC1_L,L,acetylcholine
25625,LLPC1,LLPC1_L,L,acetylcholine
25665,LLPC1,LLPC1_R,R,acetylcholine
25815,LLPC1,LLPC1_R,R,acetylcholine
26006,LLPC1,LLPC1_R,R,acetylcholine
26008,LLPC1,LLPC1_R,R,acetylcholine
26037,LLPC1,LLPC1_R,R,acetylcholine
26070,LLPC1,LLPC1_R,R,acetylcholine
26111,LLPC1,LLPC1_R,R,acetylcholine
26162,LLPC1,LLPC1_R,R,acetylcholine
26599,LLPC1,LLPC1_R,R,acetylcholine
26884,LLPC1,LLPC1_R,R,acetylcholine
26955,LLPC1,LLPC1_R,R,acetylcholine
27000,LLPC1,LLPC1_R,R,acetylcholine
27006,LLPC1,LLPC1_R,R,acetylcholine
27131,LLPC1,LLPC1_R,R,acetylcholine
27142,LLPC1,LLPC1_R,R,acetylcholine
27168,LLPC1,LLPC1_R,R,acetylcholine
27291,LLPC1,LLPC1_R,R,acetylcholine
27396,LLPC1,LLPC1_R,R,acetylcholine
27461,LLPC1,LLPC1_R,R,acetylcholine
27755,LLPC1,LLPC1_R,R,acetylcholine
28071,LLPC1,LLPC1_L,L,acetylcholine
28118,LLPC1,LLPC1_R,R,acetylcholine
28153,LLPC1,LLPC1_R,R,acetylcholine
28243,LLPC1,LLPC1_R,R,acetylcholine
28260,LLPC1,LLPC1_R,R,acetylcholine
28424,LLPC1,LLPC1_R,R,acetylcholine
28434,PAM10,PAM10(B1)_R,R,dopamine
28497,LLPC1,LLPC1_R,R,acetylcholine
28504,LLPC1,LLPC1_R,R,acetylcholine
28541,LLPC1,LLPC1_R,R,acetylcholine
28761,LLPC1,LLPC1_L,L,acetylcholine
28868,LLPC1,LLPC1_R,R,acetylcholine
28873,LLPC1,LLPC1_R,R,acetylcholine
29125,LLPC1,LLPC1_R,R,acetylcholine
29172,LLPC1,LLPC1_R,R,acetylcholine
29402,LLPC1,LLPC1_R,R,acetylcholine
29506,LLPC1,LLPC1_R,R,acetylcholine
29565,PAM10,PAM10(B1)_R,R,dopamine
29757,LLPC1,LLPC1_R,R,acetylcholine
30204,LLPC1,LLPC1_R,R,acetylcholine
30217,LLPC1,LLPC1_L,L,acetylcholine
30283,LLPC1,LLPC1_L,L,acetylcholine
30657,LLPC1,LLPC1_R,R,acetylcholine
30694,LLPC1,LLPC1_R,R,acetylcholine
30719,LLPC1,LLPC1_R,R,acetylcholine
30965,LLPC1,LLPC1_R,R,acetylcholine
30970,LLPC1,LLPC1_R,R,acetylcholine
31138,LLPC1,LLPC1_L,L,acetylcholine
31332,LLPC1,LLPC1_R,R,acetylcholine
31512,LLPC1,LLPC1_R,R,acetylcholine
31598,LLPC1,LLPC1_R,R,acetylcholine
31888,LLPC1,LLPC1_L,L,acetylcholine
32282,LLPC1,LLPC1_L,L,acetylcholine
32400,LLPC1,LLPC1_R,R,acetylcholine
32563,LLPC1,LLPC1_L,L,acetylcholine
32606,LLPC1,LLPC1_L,L,acetylcholine
32658,LLPC1,LLPC1_L,L,acetylcholine
32865,PAM10,PAM10(B1)_L,L,dopamine
33316,PPL204,PPL204_L,L,dopamine
33581,LLPC1,LLPC1_L,L,acetylcholine
33688,LLPC1,LLPC1_R,R,acetylcholine
33695,LLPC1,LLPC1_R,R,acetylcholine
34043,LLPC1,LLPC1_R,R,acetylcholine
34588,LLPC1,LLPC1_R,R,acetylcholine
34859,LLPC1,LLPC1_R,R,acetylcholine
34877,LLPC1,LLPC1_R,R,acetylcholine
35000,LLPC1,LLPC1_R,R,acetylcholine
35010,LLPC1,LLPC1_L,L,acetylcholine
35242,LLPC1,LLPC1_R,R,acetylcholine
36624,PAM10,PAM10(B1)_R,R,dopamine
36872,LLPC1,LLPC1_R,R,acetylcholine
36903,LLPC1,LLPC1_R,R,acetylcholine
37246,LLPC1,LLPC1_R,R,acetylcholine
37254,LLPC1,LLPC1_L,L,acetylcholine
37313,PS326,PS326(hb5813054870)_L,L,glutamate
37321,LLPC1,LLPC1_R,R,acetylcholine
37722,LLPC1,LLPC1_L,L,acetylcholine
37845,PAM04,PAM04(B2)_R,R,dopamine
38000,LLPC1,LLPC1_R,R,acetylcholine
38217,LLPC1,LLPC1_R,R,acetylcholine
39086,LLPC1,LLPC1_L,L,acetylcholine
39150,LLPC1,LLPC1_R,R,acetylcholine
39299,LLPC1,LLPC1_R,R,acetylcholine
39356,LLPC1,LLPC1_R,R,acetylcholine
39544,LLPC1,LLPC1_R,R,acetylcholine
39617,PAM07,PAM07(y4<y1y2)_L,L,dopamine
39664,LLPC1,LLPC1_R,R,acetylcholine
39947,LLPC1,LLPC1_L,L,acetylcholine
40767,LLPC1,LLPC1_R,R,acetylcholine
42154,LLPC1,LLPC1_L,L,acetylcholine
42288,LLPC1,LLPC1_R,R,acetylcholine
42351,LLPC1,LLPC1_R,R,acetylcholine
42851,LLPC1,LLPC1_R,R,acetylcholine
44454,LLPC1,LLPC1_R,R,acetylcholine
44639,LLPC1,LLPC1_R,R,acetylcholine
45218,LLPC1,LLPC1_R,R,acetylcholine
45254,LLPC1,LLPC1_R,R,acetylcholine
45767,LLPC1,LLPC1_L,L,acetylcholine
46443,LLPC1,LLPC1_R,R,acetylcholine
46794,PAM04,PAM04(B2)_R,R,dopamine
46823,LLPC1,LLPC1_R,R,acetylcholine
46963,LLPC1,LLPC1_R,R,acetylcholine
47196,PAM07,PAM07(y4<y1y2)_R,R,dopamine
47923,LLPC1,LLPC1_R,R,acetylcholine
48113,PAM10,PAM10(B1)_L,L,dopamine
49043,PAM07,PAM07(y4<y1y2)_R,R,dopamine
49251,LLPC1,LLPC1_L,L,acetylcholine
50152,LLPC1,LLPC1_R,R,acetylcholine
50308,LLPC1,LLPC1_L,L,acetylcholine
51006,LLPC1,LLPC1_R,R,acetylcholine
51180,LLPC1,LLPC1_R,R,acetylcholine
51377,LLPC1,LLPC1_R,R,acetylcholine
51997,LLPC1,LLPC1_R,R,acetylcholine
52241,LLPC1,LLPC1_L,L,acetylcholine
52504,LLPC1,LLPC1_L,L,acetylcholine
52621,LLPC1,LLPC1_R,R,acetylcholine
52666,LLPC1,LLPC1_L,L,acetylcholine
52774,LLPC1,LLPC1_R,R,acetylcholine
53285,PAM01,PAM01(y5)_L,L,dopamine
53963,LLPC1,LLPC1_R,R,acetylcholine
55210,PAM08,PAM08(y4)_L,L,dopamine
56302,LLPC1,LLPC1_L,L,acetylcholine
56909,LLPC1,LLPC1_R,R,acetylcholine
57105,LLPC1,LLPC1_R,R,acetylcholine
57270,LLPC1,LLPC1_R,R,acetylcholine
57508,LLPC1,LLPC1_L,L,acetylcholine
58082,LLPC1,LLPC1_L,L,acetylcholine
58611,LLPC1,LLPC1_L,L,acetylcholine
58941,PAM08,PAM08(y4)_L,L,dopamine
59067,LLPC1,LLPC1_R,R,acetylcholine
59745,LLPC1,LLPC1_R,R,acetylcholine
59913,LLPC1,LLPC1_L,L,acetylcholine
60228,LLPC1,LLPC1_L,L,acetylcholine
60273,PAM07,PAM07(y4<y1y2)_L,L,dopamine
60891,LLPC1,LLPC1_R,R,acetylcholine
60930,PAM10,PAM10(B1)_L,L,dopamine
61142,LLPC1,LLPC1_R,R,acetylcholine
61248,LLPC1,LLPC1_R,R,acetylcholine
61360,PAM12,PAM12(y3)_L,L,dopamine
61771,LLPC1,LLPC1_R,R,acetylcholine
62146,LLPC1,LLPC1_L,L,acetylcholine
62218,LLPC1,LLPC1_L,L,acetylcholine
62514,LLPC1,LLPC1_R,R,acetylcholine
62629,LLPC1,LLPC1_L,L,acetylcholine
62731,PAM01,PAM01(y5)_R,R,dopamine
62766,LLPC1,LLPC1_R,R,acetylcholine
63391,PAM01,PAM01(y5)_R,R,dopamine
63999,LLPC1,LLPC1_L,L,acetylcholine
64287,LLPC1,LLPC1_R,R,acetylcholine
65188,LLPC1,LLPC1_R,R,acetylcholine
65451,LLPC1,LLPC1_R,R,acetylcholine
65524,PAM08,PAM08(y4)_L,L,dopamine
65551,LLPC1,LLPC1_R,R,acetylcholine
65559,PAM07,PAM07(y4<y1y2)_R,R,dopamine
65886,PAM08,PAM08(y4)_L,L,dopamine
66129,LLPC1,LLPC1_R,R,acetylcholine
66934,PAM10,PAM10(B1)_L,L,dopamine
67003,LLPC1,LLPC1_R,R,acetylcholine
67367,LLPC1,LLPC1_R,R,acetylcholine
67658,LLPC1,LLPC1_R,R,acetylcholine
68213,LLPC1,LLPC1_R,R,acetylcholine
68284,LLPC1,LLPC1_R,R,acetylcholine
69253,LLPC1,LLPC1_R,R,acetylcholine
69493,LLPC1,LLPC1_R,R,acetylcholine
69722,PAM08,PAM08(y4)_L,L,dopamine
70433,LLPC1,LLPC1_L,L,acetylcholine
70764,aDT4,aDT4_L,L,serotonin
70808,LLPC1,LLPC1_L,L,acetylcholine
71527,LLPC1,LLPC1_R,R,acetylcholine
72213,LLPC1,LLPC1_R,R,acetylcholine
72476,LLPC1,LLPC1_L,L,acetylcholine
72508,LLPC1,LLPC1_R,R,acetylcholine
72601,PAM06,PAM06(B'2m)_L,L,dopamine
73205,LLPC1,LLPC1_L,L,acetylcholine
74011,LLPC1,LLPC1_L,L,acetylcholine
74271,LLPC1,LLPC1_R,R,acetylcholine
74505,LLPC1,LLPC1_R,R,acetylcholine
74649,LLPC1,LLPC1_R,R,acetylcholine
74743,PAM08,PAM08(y4)_L,L,dopamine
74856,PAM01,PAM01(y5)_L,L,dopamine
75743,LLPC1,LLPC1_R,R,acetylcholine
75861,LLPC1,LLPC1_R,R,acetylcholine
75922,PAM08,PAM08(y4)_L,L,dopamine
76362,PAM08,PAM08(y4)_L,L,dopamine
76805,LLPC1,LLPC1_R,R,acetylcholine
77177,LLPC1,LLPC1_R,R,acetylcholine
77225,LLPC1,LLPC1_R,R,acetylcholine
77681,LLPC1,LLPC1_R,R,acetylcholine
79080,LLPC1,LLPC1_R,R,acetylcholine
79913,LLPC1,LLPC1_L,L,acetylcholine
80129,LLPC1,LLPC1_L,L,acetylcholine
80497,LLPC1,LLPC1_R,R,acetylcholine
80590,LLPC1,LLPC1_R,R,acetylcholine
80740,LLPC1,LLPC1_R,R,acetylcholine
80744,PAM01,PAM01(y5)_L,L,dopamine
81580,LLPC1,LLPC1_R,R,acetylcholine
81719,LLPC1,LLPC1_L,L,acetylcholine
81970,LLPC1,LLPC1_L,L,acetylcholine
82140,LLPC1,LLPC1_L,L,acetylcholine
83277,PAM01,PAM01(y5)_L,L,dopamine
83852,PAM06,PAM06(B'2m)_R,R,dopamine
86066,PAM07,PAM07(y4<y1y2)_L,L,dopamine
86156,PAM08,PAM08(y4)_R,R,dopamine
86431,PAM07,PAM07(y4<y1y2)_L,L,dopamine
87177,PAM08,PAM08(y4)_L,L,dopamine
87379,LLPC1,LLPC1_R,R,acetylcholine
87927,LLPC1,LLPC1_L,L,acetylcholine
88268,LLPC1,LLPC1_R,R,acetylcholine
88477,PAM01,PAM01(y5)_L,L,dopamine
88910,LLPC1,LLPC1_L,L,acetylcholine
89662,LLPC1,LLPC1_R,R,acetylcholine
90678,PAM08,PAM08(y4)_L,L,dopamine
90867,PAM01,PAM01(y5)_R,R,dopamine
90902,PAM08,PAM08(y4)_R,R,dopamine
91391,PAM12,PAM12(y3)_L,L,dopamine
91875,PAM12,PAM12(y3)_L,L,dopamine
92324,PAM06,PAM06(B'2m)_R,R,dopamine
93704,PAM01,PAM01(y5)_L,L,dopamine
94250,PAM05,PAM05(B'2p)_L,L,dopamine
94922,PAM05,PAM05(B'2p)_L,L,dopamine
95480,LLPC1,LLPC1_L,L,acetylcholine
95523,PAM08,PAM08(y4)_L,L,dopamine
96497,PAM07,PAM07(y4<y1y2)_R,R,dopamine
96571,PAM12,PAM12(y3)_L,L,dopamine
97200,LLPC1,LLPC1_L,L,acetylcholine
97990,PAM06,PAM06(B'2m)_L,L,dopamine
98094,LLPC1,LLPC1_L,L,acetylcholine
98265,PAM06,PAM06(B'2m)_L,L,dopamine
98554,PAM07,PAM07(y4<y1y2)_L,L,dopamine
99089,PAM01,PAM01(y5)_L,L,dopamine
99333,LLPC1,LLPC1_L,L,acetylcholine
100230,LLPC1,LLPC1_L,L,acetylcholine
100258,PAM01,PAM01(y5)_R,R,dopamine
101124,LLPC1,LLPC1_L,L,acetylcholine
102936,PAM08,PAM08(y4)_R,R,dopamine
103255,PAM08,PAM08(y4)_R,R,dopamine
103433,PAM14,PAM14(B'1m)_R,R,dopamine
104460,PAM12,PAM12(y3)_L,L,dopamine
104713,PAM08,PAM08(y4)_R,R,dopamine
105362,PAM05,PAM05(B'2p)_R,R,dopamine
105365,PAM08,PAM08(y4)_R,R,dopamine
105447,PAM12,PAM12(y3)_L,L,dopamine
107285,PAM08,PAM08(y4)_L,L,dopamine
107986,PAM02,PAM02(B'2a)_L,L,dopamine
108429,PAM04,PAM04(B2)_L,L,dopamine
108445,LLPC1,LLPC1_L,L,acetylcholine
108576,PAM13,PAM13(B'1ap)_R,R,dopamine
109057,LLPC1,LLPC1_L,L,acetylcholine
109624,PAM08,PAM08(y4)_L,L,dopamine
109793,PAM04,PAM04(B2)_L,L,dopamine
109994,LLPC1,LLPC1_L,L,acetylcholine
110653,PAM05,PAM05(B'2p)_R,R,dopamine
111665,PAM12,PAM12(y3)_R,R,dopamine
113001,PAM12,PAM12(y3)_R,R,dopamine
113067,PAM01,PAM01(y5)_R,R,dopamine
114216,PAM01,PAM01(y5)_L,L,dopamine
114522,PAM07,PAM07(y4<y1y2)_R,R,dopamine
114661,PAM11,PAM11(a1)_R,R,dopamine
114681,LLPC1,LLPC1_L,L,acetylcholine
114700,PAM01,PAM01(y5)_R,R,dopamine
115617,PAM04,PAM04(B2)_L,L,dopamine
115868,PAM14,PAM14(B'1m)_R,R,dopamine
116232,LLPC1,LLPC1_L,L,acetylcholine
117782,PAM08,PAM08(y4)_L,L,dopamine
118377,LLPC1,LLPC1_L,L,acetylcholine
119499,PAM08,PAM08(y4)_L,L,dopamine
119763,PAM11,PAM11(a1)_L,L,dopamine
120259,PAM04,PAM04(B2)_R,R,dopamine
120543,LLPC1,LLPC1_L,L,acetylcholine
120768,PAM07,PAM07(y4<y1y2)_R,R,dopamine
122062,PAM08,PAM08(y4)_R,R,dopamine
124918,PAM04,PAM04(B2)_L,L,dopamine
125080,PAM04,PAM04(B2)_L,L,dopamine
126501,PAM06,PAM06(B'2m)_L,L,dopamine
126900,PAM12,PAM12(y3)_L,L,dopamine
127659,PAM02,PAM02(B'2a)_L,L,dopamine
128076,PAM04,PAM04(B2)_R,R,dopamine
128209,LLPC1,LLPC1_L,L,acetylcholine
129430,PAM08,PAM08(y4)_L,L,dopamine
129563,PAM01,PAM01(y5)_R,R,dopamine
131419,PAM06,PAM06(B'2m)_R,R,dopamine
131607,PAM07,PAM07(y4<y1y2)_L,L,dopamine
132513,PAM06,PAM06(B'2m)_R,R,dopamine
133019,PAM08,PAM08(y4)_R,R,dopamine
134265,PAM06,PAM06(B'2m)_R,R,dopamine
134769,PAM06,PAM06(B'2m)_R,R,dopamine
134869,PAM06,PAM06(B'2m)_L,L,dopamine
135046,PAM02,PAM02(B'2a)_L,L,dopamine
135171,PAM12,PAM12(y3)_R,R,dopamine
135287,PAM05,PAM05(B'2p)_L,L,dopamine
135290,PAM15,PAM15(y5B'2a)_R,R,dopamine
135578,PAM08,PAM08(y4)_L,L,dopamine
136024,PAM06,PAM06(B'2m)_L,L,dopamine
136144,PAM08,PAM08(y4)_R,R,dopamine
136215,PAM06,PAM06(B'2m)_L,L,dopamine
137321,PAM04,PAM04(B2)_L,L,dopamine
137373,PAM06,PAM06(B'2m)_L,L,dopamine
137539,PAM11,PAM11(a1)_R,R,dopamine
137595,PAM07,PAM07(y4<y1y2)_R,R,dopamine
138585,PAM12,PAM12(y3)_L,L,dopamine
138629,PAM01,PAM01(y5)_L,L,dopamine
138822,PAM11,PAM11(a1)_L,L,dopamine
139280,PAM12,PAM12(y3)_R,R,dopamine
139378,PAM12,PAM12(y3)_R,R,dopamine
139706,PAM11,PAM11(a1)_R,R,dopamine
140271,PAM06,PAM06(B'2m)_R,R,dopamine
141246,PAM02,PAM02(B'2a)_L,L,dopamine
141510,PAM15,PAM15(y5B'2a)_R,R,dopamine
141615,PAM01,PAM01(y5)_R,R,dopamine
142238,PAM02,PAM02(B'2a)_R,R,dopamine
142528,PAM09,PAM09(B1ped)_R,R,dopamine
142538,PAM08,PAM08(y4)_R,R,dopamine
142660,PAM13,PAM13(B'1ap)_R,R,dopamine
142898,PAM06,PAM06(B'2m)_R,R,dopamine
143120,PAM10,PAM10(B1)_L,L,dopamine
144126,PAM02,PAM02(B'2a)_R,R,dopamine
144315,PAM01,PAM01(y5)_R,R,dopamine
144625,PAM12,PAM12(y3)_L,L,dopamine
144678,PAM04,PAM04(B2)_R,R,dopamine
145022,PAM02,PAM02(B'2a)_L,L,dopamine
145094,PAM01,PAM01(y5)_R,R,dopamine
145148,PAM01,PAM01(y5)_L,L,dopamine
145324,PAM02,PAM02(B'2a)_L,L,dopamine
145371,PAM05,PAM05(B'2p)_L,L,dopamine
145749,PAM11,PAM11(a1)_L,L,dopamine
146058,PAM08,PAM08(y4)_R,R,dopamine
146418,PAM12,PAM12(y3)_R,R,dopamine
146603,PAM01,PAM01(y5)_R,R,dopamine
146773,PAM04,PAM04(B2)_R,R,dopamine
146774,PAM14,PAM14(B'1m)_R,R,dopamine
147184,PAM08,PAM08(y4)_L,L,dopamine
147591,PAM06,PAM06(B'2m)_R,R,dopamine
147857,PAM11,PAM11(a1)_L,L,dopamine
148328,PAM02,PAM02(B'2a)_L,L,dopamine
148469,PAM02,PAM02(B'2a)_L,L,dopamine
149869,PAM09,PAM09(B1ped)_L,L,dopamine
150034,PAM09,PAM09(B1ped)_R,R,dopamine
150177,PAM01,PAM01(y5)_L,L,dopamine
150515,LLPC1,LLPC1_L,L,acetylcholine
150828,PAM02,PAM02(B'2a)_L,L,dopamine
150983,PAM14,PAM14(B'1m)_L,L,dopamine
151013,PAM03,PAM03(B2B'2a)_L,L,dopamine
151133,PAM06,PAM06(B'2m)_L,L,dopamine
151993,PAM05,PAM05(B'2p)_R,R,dopamine
152019,PAM08,PAM08(y4)_R,R,dopamine
152044,PAM08,PAM08(y4)_R,R,dopamine
152056,PAM06,PAM06(B'2m)_L,L,dopamine
152291,PAM14,PAM14(B'1m)_L,L,dopamine
152326,PAM13,PAM13(B'1ap)_L,L,dopamine
152385,PAM08,PAM08(y4)_R,R,dopamine
152428,PAM12,PAM12(y3)_L,L,dopamine
152997,PAM05,PAM05(B'2p)_L,L,dopamine
153035,PAM04,PAM04(B2)_L,L,dopamine
153771,PAM07,PAM07(y4<y1y2)_L,L,dopamine
153891,aDT4,aDT4_L,L,serotonin
153931,PAM01,PAM01(y5)_L,L,dopamine
154230,PAM05,PAM05(B'2p)_R,R,dopamine
154387,PAM14,PAM14(B'1m)_L,L,dopamine
155329,PAM02,PAM02(B'2a)_R,R,dopamine
155916,PAM01,PAM01(y5)_L,L,dopamine
156028,PAM01,PAM01(y5)_R,R,dopamine
156046,PAM01,PAM01(y5)_L,L,dopamine
157016,PAM11,PAM11(a1)_L,L,dopamine
157134,PAM08,PAM08(y4)_R,R,dopamine
157257,PAM12,PAM12(y3)_L,L,dopamine
157265,LLPC1,LLPC1_L,L,acetylcholine
157370,PAM13,PAM13(B'1ap)_R,R,dopamine
157683,PAM04,PAM04(B2)_R,R,dopamine
157767,PAM05,PAM05(B'2p)_R,R,dopamine
157816,PAM04,PAM04(B2)_L,L,dopamine
158196,PAM04,PAM04(B2)_L,L,dopamine
158372,PAM08,PAM08(y4)_L,L,dopamine
158651,PAM06,PAM06(B'2m)_L,L,dopamine
158917,PAM12,PAM12(y3)_R,R,dopamine
159062,PAM01,PAM01(y5)_L,L,dopamine
159158,PAM01,PAM01(y5)_L,L,dopamine
159831,PAM14,PAM14(B'1m)_L,L,dopamine
160277,PAM06,PAM06(B'2m)_R,R,dopamine
161079,PAM15,PAM15(y5B'2a)_L,L,dopamine
161153,PAM08,PAM08(y4)_L,L,dopamine
161596,PAM14,PAM14(B'1m)_R,R,dopamine
162050,PAM08,PAM08(y4)_L,L,dopamine
162116,PAM13,PAM13(B'1ap)_L,L,dopamine
162631,PAM13,PAM13(B'1ap)_R,R,dopamine
163194,PAM06,PAM06(B'2m)_R,R,dopamine
163883,PAM03,PAM03(B2B'2a)_L,L,dopamine
163951,PAM06,PAM06(B'2m)_R,R,dopamine
164086,PAM01,PAM01(y5)_R,R,dopamine
164228,LLPC1,LLPC1_L,L,acetylcholine
164279,PAM14,PAM14(B'1m)_R,R,dopamine
164601,PAM14,PAM14(B'1m)_L,L,dopamine
165187,PAM05,PAM05(B'2p)_R,R,dopamine
165365,PAM01,PAM01(y5)_L,L,dopamine
166882,SNpp23,SNpp23_L,,serotonin
167009,PAM01,PAM01(y5)_R,R,dopamine
167073,PAM14,PAM14(B'1m)_R,R,dopamine
168020,PAM03,PAM03(B2B'2a)_L,L,dopamine
168080,PAM03,PAM03(B2B'2a)_L,L,dopamine
169027,PAM03,PAM03(B2B'2a)_R,R,dopamine
169101,LLPC1,LLPC1_L,L,acetylcholine
169278,PAM01,PAM01(y5)_L,L,dopamine
169674,PAM04,PAM04(B2)_L,L,dopamine
170450,PAM10,PAM10(B1)_L,L,dopamine
170467,PAM03,PAM03(B2B'2a)_R,R,dopamine
171959,PAM02,PAM02(B'2a)_R,R,dopamine
174255,PAM14,PAM14(B'1m)_L,L,dopamine
174384,PAM03,PAM03(B2B'2a)_R,R,dopamine
174672,PAM08,PAM08(y4)_L,L,dopamine
174862,PAM08,PAM08(y4)_R,R,dopamine
175232,PAM13,PAM13(B'1ap)_L,L,dopamine
175459,PAM08,PAM08(y4)_L,L,dopamine
175964,PAM08,PAM08(y4)_R,R,dopamine
176429,PAM04,PAM04(B2)_L,L,dopamine
176460,PAM15,PAM15(y5B'2a)_R,R,dopamine
177202,PAM03,PAM03(B2B'2a)_L,L,dopamine
177603,PAM04,PAM04(B2)_L,L,dopamine
177800,PAM04,PAM04(B2)_L,L,dopamine
178101,PAM08,PAM08(y4)_L,L,dopamine
178487,PAM08,PAM08(y4)_R,R,dopamine
178539,PAM04,PAM04(B2)_R,R,dopamine
178945,PAM10,PAM10(B1)_R,R,dopamine
180403,PAM09,PAM09(B1ped)_R,R,dopamine
181924,PAM01,PAM01(y5)_L,L,dopamine
183567,PAM13,PAM13(B'1ap)_L,L,dopamine
184778,PAM08,PAM08(y4)_R,R,dopamine
185518,PAM01,PAM01(y5)_L,L,dopamine
186566,PAM04,PAM04(B2)_R,R,dopamine
190296,PAM02,PAM02(B'2a)_R,R,dopamine
190297,PAM03,PAM03(B2B'2a)_L,L,dopamine
190319,EA00B006,EA00B006_M,M,octopamine
190635,PAM05,PAM05(B'2p)_R,R,dopamine
192245,PAM05,PAM05(B'2p)_R,R,dopamine
196030,PAM06,PAM06(B'2m)_L,L,dopamine
196622,PAM12,PAM12(y3)_R,R,dopamine
196985,PAM05,PAM05(B'2p)_R,R,dopamine
197691,PAM01,PAM01(y5)_L,L,dopamine
197920,PAM08,PAM08(y4)_R,R,dopamine
198507,PAM13,PAM13(B'1ap)_L,L,dopamine
198758,PAM01,PAM01(y5)_L,L,dopamine
200973,PAM10,PAM10(B1)_R,R,dopamine
202330,PAM13,PAM13(B'1ap)_R,R,dopamine
203682,PAM14,PAM14(B'1m)_R,R,dopamine
203885,PAM13,PAM13(B'1ap)_R,R,dopamine
204930,PAM11,PAM11(a1)_L,L,dopamine
205884,PAM01,PAM01(y5)_R,R,dopamine
206851,PAM12,PAM12(y3)_R,R,dopamine
207122,PAM13,PAM13(B'1ap)_L,L,dopamine
207463,PAM06,PAM06(B'2m)_R,R,dopamine
209656,PAM13,PAM13(B'1ap)_L,L,dopamine
212085,PAM01,PAM01(y5)_R,R,dopamine
212160,PAM08,PAM08(y4)_R,R,dopamine
212684,PAM14,PAM14(B'1m)_L,L,dopamine
213743,PAM05,PAM05(B'2p)_R,R,dopamine
215931,PAM11,PAM11(a1)_R,R,dopamine
215940,PAM13,PAM13(B'1ap)_L,L,dopamine
217007,PAM06,PAM06(B'2m)_R,R,dopamine
217737,PAM14,PAM14(B'1m)_L,L,dopamine
218518,PAM13,PAM13(B'1ap)_R,R,dopamine
218583,PAM04,PAM04(B2)_R,R,dopamine
218843,aDT4,aDT4_R,R,serotonin
224160,PAM14,PAM14(B'1m)_R,R,dopamine
224205,PAM09,PAM09(B1ped)_R,R,dopamine
224500,PAM11,PAM11(a1)_R,R,dopamine
226452,PAM05,PAM05(B'2p)_R,R,dopamine
226708,PAM08,PAM08(y4)_R,R,dopamine
230802,PAM05,PAM05(B'2p)_L,L,dopamine
231413,PAM14,PAM14(B'1m)_L,L,dopamine
238644,PAM11,PAM11(a1)_R,R,dopamine
239873,PAM04,PAM04(B2)_L,L,dopamine
242429,PAM08,PAM08(y4)_R,R,dopamine
243477,PAM13,PAM13(B'1ap)_R,R,dopamine
252045,PAM01,PAM01(y5)_R,R,dopamine
257650,PAM02,PAM02(B'2a)_R,R,dopamine
259089,PAM02,PAM02(B'2a)_R,R,dopamine
259486,PAM04,PAM04(B2)_R,R,dopamine
273182,PAM11,PAM11(a1)_L,L,dopamine
286259,OA-ASM1,OA-ASM1_R,R,octopamine
287884,OA-VPM3,OA-VPM3_L,L,octopamine
291665,PAM02,PAM02(B'2a)_R,R,dopamine
292203,PAM04,PAM04(B2)_L,L,dopamine
297139,PAM04,PAM04(B2)_R,R,dopamine
319321,PAM11,PAM11(a1)_R,R,dopamine
325731,PAM01,PAM01(y5)_R,R,dopamine
336850,PAM03,PAM03(B2B'2a)_L,L,dopamine
341512,PAM04,PAM04(B2)_L,L,dopamine
383627,DNg28,DNg28_L,L,serotonin
506819,PAM01,PAM01(y5)_R,R,dopamine
512326,PPL105,PPL105(a'2a2)_L,L,dopamine
512968,LLPC1,LLPC1_L,L,acetylcholine
512969,LLPC1,LLPC1_L,L,acetylcholine
512970,LLPC1,LLPC1_L,L,acetylcholine
512971,LLPC1,LLPC1_L,L,acetylcholine
513354,PPM1202,PPM1202_L,L,dopamine
514032,LLPC1,LLPC1_L,L,acetylcholine
514675,LLPC1,LLPC1_L,L,acetylcholine
514868,LLPC1,LLPC1_L,L,acetylcholine
514897,LLPC1,LLPC1_L,L,acetylcholine
514904,LLPC1,LLPC1_L,L,acetylcholine
515048,PPL104,PPL104(a'3)_L,L,dopamine
515473,LLPC1,LLPC1_L,L,acetylcholine
516044,PAM04,PAM04(B2)_R,R,dopamine
516494,LLPC1,LLPC1_L,L,acetylcholine
516495,LLPC1,LLPC1_L,L,acetylcholine
518072,PAM09,PAM09(B1ped)_L,L,dopamine
518137,PAM06,PAM06(B'2m)_L,L,dopamine
518151,LLPC1,LLPC1_L,L,acetylcholine
518271,LLPC1,LLPC1_L,L,acetylcholine
519094,LLPC1,LLPC1_L,L,acetylcholine
519616,PPL107,PPL107_L,L,dopamine
519940,PS326,PS326_R,R,glutamate
519947,PPM1205,PPM1205_L,L,dopamine
520146,SIP106m,SIP106m_L,L,dopamine
520167,LLPC1,LLPC1_L,L,acetylcholine
520182,PPL204,PPL204_R,R,dopamine
520188,AVLP610,AVLP610(hb1416796844)_L,L,dopamine
520343,LLPC1,LLPC1_L,L,acetylcholine
520384,PAM12,PAM12(y3)_R,R,dopamine
520403,PAM10,PAM10(B1)_L,L,dopamine
520616,PAM11,PAM11(a1)_L,L,dopamine
520765,LLPC1,LLPC1_L,L,acetylcholine
521049,LLPC1,LLPC1_L,L,acetylcholine
522365,LLPC1,LLPC1_L,L,acetylcholine
522395,LLPC1,LLPC1_L,L,acetylcholine
522823,PPM1201,PPM1201_L,L,dopamine
523382,PAM08,PAM08(y4)_L,L,dopamine
523553,PAM05,PAM05(B'2p)_L,L,dopamine
523638,PAM01,PAM01(y5)_R,R,dopamine
523791,PAM04,PAM04(B2)_R,R,dopamine
523942,PAM08,PAM08(y4)_R,R,dopamine
524069,PAM08,PAM08(y4)_R,R,dopamine
524503,OA-ASM2,OA-ASM2_L,L,unclear
524515,LLPC1,LLPC1_L,L,acetylcholine
525787,PAM05,PAM05(B'2p)_L,L,dopamine
526156,LLPC1,LLPC1_L,L,acetylcholine
526943,LLPC1,LLPC1_L,L,acetylcholine
527317,LLPC1,LLPC1_L,L,acetylcholine
528100,PAM09,PAM09(B1ped)_L,L,dopamine
529419,PPM1202,PPM1202_R,R,dopamine
529510,LLPC1,LLPC1_L,L,acetylcholine
529512,PPL106,PPL106_R,R,dopamine
529516,PPL106,PPL106_L,L,dopamine
529707,AN07B037_a,AN07B037_a_L,L,acetylcholine
529808,LAL128,LAL128_L,L,dopamine
529811,AVLP476,AVLP476_L,L,dopamine
529868,LLPC1,LLPC1_L,L,acetylcholine
530364,LLPC1,LLPC1_L,L,acetylcholine
530365,LLPC1,LLPC1_L,L,acetylcholine
530366,LLPC1,LLPC1_L,L,acetylcholine
530374,LLPC1,LLPC1_L,L,acetylcholine
530425,LLPC1,LLPC1_L,L,acetylcholine
530998,LLPC1,LLPC1_L,L,acetylcholine
531133,OA-ASM3,OA-ASM3_R,R,unclear
531187,LLPC1,LLPC1_L,L,acetylcholine
531402,LLPC1,LLPC1_L,L,acetylcholine
531619,LLPC1,LLPC1_L,L,acetylcholine
531790,LLPC1,LLPC1_L,L,acetylcholine
532706,LLPC1,LLPC1_L,L,acetylcholine
532715,PAM05,PAM05(B'2p)_L,L,dopamine
533294,PAM01,PAM01(y5)_L,L,dopamine
533983,LLPC1,LLPC1_L,L,acetylcholine
535340,LLPC1,LLPC1_L,L,acetylcholine
536148,LLPC1,LLPC1_L,L,acetylcholine
537150,LLPC1,LLPC1_L,L,acetylcholine
537496,LLPC1,LLPC1_L,L,acetylcholine
537899,LoVC18,LoVC18_R,R,dopamine
539010,LLPC1,LLPC1_L,L,acetylcholine
539243,LLPC1,LLPC1_L,L,acetylcholine
542987,LLPC1,LLPC1_L,L,acetylcholine
543203,LLPC1,LLPC1_L,L,acetylcholine
543677,PAM01,PAM01(y5)_R,R,dopamine
544257,PAM10,PAM10(B1)_R,R,dopamine
544359,PAM10,PAM10(B1)_R,R,dopamine
544770,PAM04,PAM04(B2)_R,R,dopamine
547260,PAM10,PAM10(B1)_R,R,dopamine
550411,LLPC1,LLPC1_R,R,acetylcholine
552362,PAM12,PAM12(y3)_R,R,dopamine
553201,PAM09,PAM09(B1ped)_R,R,dopamine
558353,LLPC1,LLPC1_L,L,acetylcholine
567409,PAM04,PAM04(B2)_R,R,dopamine
577933,PAM06,PAM06(B'2m)_L,L,dopamine
580579,PAM03,PAM03(B2B'2a)_R,R,dopamine
580777,LLPC1,LLPC1_L,L,acetylcholine
800615,EN00B013,EN00B013_M,M,octopamine
800719,EN00B001,EN00B001_M,M,octopamine
801521,EN00B002,EN00B002_M,M,octopamine
801636,EN00B013,EN00B013_M,M,octopamine
802372,EN00B018,EN00B018_M,M,octopamine
802672,EN00B016,EN00B016_M,M,octopamine
803005,EN00B004,EN00B004_M,M,octopamine
803015,EN00B020,EN00B020_M,M,octopamine
803500,EN00B003,EN00B003_M,M,octopamine
804275,EN00B010,EN00B010_M,M,octopamine
804848,mesVUM-MJ,mesVUM-MJ_M,M,octopamine
806591,EN00B012,EN00B012_M,M,octopamine
807032,SNxx31,SNxx31_L,,serotonin
807560,EN00B015,EN00B015_M,M,octopamine
808163,EN00B010,EN00B010_M,M,octopamine
808353,EN00B013,EN00B013_M,M,octopamine
808551,EN00B011,EN00B011_M,M,octopamine
808845,EN00B011,EN00B011_M,M,octopamine
808856,EN00B004,EN00B004_M,M,octopamine
808963,SNpp23,,,serotonin
809889,SNpp23,,,serotonin
809974,EN00B010,EN00B010_M,M,octopamine
810009,SNpp23,,,serotonin
810453,EN00B016,EN00B016_M,M,octopamine
810770,SNpp23,,,serotonin
810972,SNpp23,,,serotonin
811119,SNpp23,,,serotonin
811406,EN00B027,EN00B027_M,M,octopamine
811414,EN00B016,EN00B016_M,M,octopamine
811415,EN00B015,EN00B015_M,M,octopamine
811431,EN00B019,EN00B019_M,M,octopamine
811545,SNpp23,,,serotonin
812296,SNpp23,,,serotonin
812633,EN00B027,EN00B027_M,M,octopamine
813201,EN00B008,EN00B008_M,M,octopamine
813255,EN00B017,EN00B017_M,M,octopamine
813264,EN00B008,EN00B008_M,M,octopamine
814117,EN00B026,EN00B026_M,M,octopamine
814514,SNpp23,,,serotonin
814590,EN00B026,EN00B026_M,M,octopamine
814927,SNpp23,,,serotonin
815430,EN00B015,EN00B015_M,M,octopamine
816236,EA00B022,EA00B022_M,M,octopamine
816440,SNpp23,,,serotonin
816720,SNpp23,,,serotonin
816918,EN00B008,EN00B008_M,M,octopamine
817169,SNpp23,,,serotonin
817363,EN00B023,EN00B023_M,M,octopamine
817798,EN00B024,EN00B024_M,M,octopamine
817804,SNpp23,,,serotonin
817838,EN00B013,EN00B013_M,M,octopamine
817862,EN00B026,EN00B026_M,M,octopamine
818502,EN00B023,EN00B023_M,M,octopamine
818527,EN00B026,EN00B026_M,M,octopamine
818993,EN00B026,EN00B026_M,M,octopamine
819159,SNpp23,,,serotonin
819342,EN00B023,EN00B023_M,M,octopamine
903484,EN00B003,EN00B003_M,M,octopamine
907489,EN00B026,EN00B026_M,M,octopamine
907835,EN00B010,EN00B010_M,M,octopamine
909818,PAM03,PAM03(B2B'2a)_R,R,dopamine
919506,SNxx31,SNxx31_R,,serotonin
920537,PAM09,PAM09(B1ped)_L,L,dopamine
928343,EN00B025,EN00B025_M,M,octopamine
933708,PAM14,PAM14(B'1m)_R,R,dopamine
451851712,DNg28,DNg28_L,L,serotonin
1050169910,EN00B025,EN00B025_M,M,octopamine
1050215716,EN00B023,EN00B023_M,M,octopamine
1051195433,EN00B026,EN00B026_M,M,octopamine
