type,n,nt,status,total_in,total_out,self_share,recip_partner,recip_w,ext_in_share,ext_in_top,ext_out_share,ext_out_top,modules_in,modules_out,mod_in_shares,mod_out_shares
Delta7,42,glutamate,compass inhibition,51707,216445,0.513,EPG,4294,0.009,OA-AL2i1:395;AN09A005:14;AN27X013:12;pC1x_b:8,0.001,OA-AL2i1:104;AN27X013:35;DNc01:25;AN09A005:17,compass,"compass,steer,velocity",compass:0.91;velocity:0.01;steer:0.00,compass:0.20;velocity:0.07;steer:0.04
EL,18,octopamine,octopamine plasticity (Plitt 2025),74777,35599,0.02,ER4d,3917,0.018,OLVC5:582;M_l2PNl20:230;LAL100:131;SMP371_a:63,0.009,OLVC5:59;SMP568_a:43;M_l2PNl20:21;LAL100:14,"compass,rings","compass,rings",rings:0.51;compass:0.24;velocity:0.00;steer:0.00;goal:0.00,rings:0.65;compass:0.11;velocity:0.00;steer:0.00;goal:0.00
EPG,46,acetylcholine,compass,205511,181573,0.056,ExR6,6236,0.015,LAL184:1997;LHPV6q1:308;OA-AL2i1:252;LAL206:144,0.006,LAL190:253;LAL123:120;GNG303:113;LAL184:88,"compass,rings","compass,rings",rings:0.60;compass:0.20;velocity:0.00;goal:0.00;steer:0.00,compass:0.28;rings:0.11;velocity:0.02;steer:0.01;goal:0.00
EPGt,4,acetylcholine,compass,2971,5099,0.015,Delta7,594,0.021,OA-AL2i1:29;SMP371_a:13;OA-VPM3:10;PS196_b:2,0.004,OA-AL2i1:7;LAL190:6;WEDPN5:3;DNpe014:2,"compass,rings","compass,velocity",compass:0.52;rings:0.09;velocity:0.01;goal:0.00,compass:0.24;velocity:0.13;rings:0.00;goal:0.00
ER1_a,11,gaba,wind ring (Okubo 2020),9569,14509,0.087,PEN_a(PEN1),1073,0.415,WED035:684;LAL055:391;WEDPN16_d:287;LAL203:273,0.002,AN09A005:10;LAL195:2;LAL009:2;WEDPN16_d:2,"compass,rings","compass,rings",rings:0.24;compass:0.18,compass:0.39;rings:0.24
ER1_b,13,gaba,wind ring,11382,17054,0.073,PEN_a(PEN1),1389,0.326,WED145:551;LAL138:548;WED002:444;LAL203:399,0.009,LAL195:23;LAL009:8;WED057:8;WED168:4,"compass,rings","compass,rings",rings:0.33;compass:0.22;goal:0.00,compass:0.47;rings:0.11
ER1_c,4,gaba,ring,3049,4992,0.026,ER1_a,298,0.417,WEDPN16_d:199;WED035:149;WED002:103;WED016:76,0.006,WED097:2;LAL138:2;LAL189:2;LAL195:2,"compass,rings","compass,rings",rings:0.23;compass:0.18,compass:0.38;rings:0.21
ER2_a,12,gaba,visual ring,19937,28839,0.207,ER2_c,5845,0.048,TuBu09:733;AOTU046:206;TuBu10:10;SIP028:3,0.001,AOTU046:7;DNc02:3;DNc01:2;TuBu09:2,"compass,rings","compass,rings",rings:0.74;compass:0.12,rings:0.50;compass:0.29
ER2_b,4,gaba,visual ring,5422,7898,0.078,ER3w_a,731,0.05,TuBu09:206;AOTU046:61;DNc02:1;AOTU042:1,0.0,TuBu09:1;DNc02:1,"compass,rings","compass,rings",rings:0.75;compass:0.10,rings:0.47;compass:0.31
ER2_c,20,gaba,visual ring,36191,52491,0.435,ER2_a,5845,0.047,TuBu10:1283;AOTU046:308;TuBu09:61;LHPV5l1:11,0.0,DNc01:7;TuBu10:6;AOTU046:4;DNc02:3,"compass,rings","compass,rings",rings:0.75;compass:0.12,rings:0.52;compass:0.28
ER2_d,5,gaba,visual ring,7676,11053,0.088,ER2_a,1328,0.051,TuBu09:276;AOTU046:87;TuBu07:23;TuBu10:5,0.0,TuBu09:2;TuBu07:1;DNc01:1,"compass,rings","compass,rings",rings:0.75;compass:0.10,rings:0.49;compass:0.30
ER3a_a,15,gaba,ring,14992,17658,0.343,ER3m,3119,0.095,TuBu02:1309;SMP238:59;TuBu03:16;LHPV6q1:8,0.002,CB4183:14;TuBu02:10;SMP238:2;AN09A005:1,rings,rings,rings:0.82;compass:0.00,rings:0.72;compass:0.01;steer:0.00
ER3a_b,6,gaba,ring,5674,7258,0.187,ER3a_c,571,0.215,PLP046:483;LHPV6q1:341;LAL138:86;SMP183:51,0.001,SIP028:2;CB4183:2;CB2469:1;CB2245:1,rings,rings,rings:0.59;compass:0.00,rings:0.61;compass:0.02;steer:0.00
ER3a_c,4,gaba,ring,4309,5314,0.163,ER3a_b,571,0.334,LAL055:360;PLP046:137;LAL203:103;SMP183:94,0.004,SMP167:4;SIP027:4;CRE052:3;CB4155:3,rings,"compass,rings",rings:0.46;compass:0.02,rings:0.47;compass:0.13;steer:0.00
ER3a_d,5,gaba,ring,4622,5767,0.102,ER3a_a,1521,0.094,TuBu02:308;LHPV6q1:46;PLP046:29;LAL138:13,0.002,CB4183:7;TuBu02:2;LAL063:1;LAL052:1,rings,rings,rings:0.80;compass:0.00,rings:0.72;compass:0.01
ER3d_a,7,gaba,ring,10731,12145,0.187,ER3d_c,2012,0.048,TuBu03:485;OLVC5:10;AN09A005:5;AOTU046:5,0.001,TuBu03:3;ATL013:2;TuBu01:1;SMP048:1,rings,"compass,rings",rings:0.76;compass:0.00,rings:0.59;compass:0.16
ER3d_b,20,gaba,ring,25061,30869,0.525,ER3d_d,2316,0.04,TuBu04:972;AN09A005:10;EA27X006:5;AOTU046:2,0.0,TuBu04:6;AN09A005:5;AOTU042:1;TuBu03:1,rings,"compass,rings",rings:0.67;compass:0.00,rings:0.59;compass:0.12
ER3d_c,9,gaba,ring,13079,14998,0.227,ER3d_a,2012,0.048,TuBu03:590;AOTU046:15;TuBu04:8;AN09A005:5,0.0,TuBu03:1;EA27X006:1;AOTU046:1,rings,"compass,rings",rings:0.74;compass:0.00;steer:0.00,rings:0.61;compass:0.14
ER3d_d,11,gaba,ring,15045,17356,0.325,ER3d_b,2316,0.054,TuBu03:716;TuBu04:73;AN09A005:9;EA27X006:5,0.001,TuBu03:6;AN09A005:3;EA27X006:2;FB9B_b:1,rings,"compass,rings",rings:0.72;compass:0.00;steer:0.00,rings:0.64;compass:0.10;steer:0.00
ER3d_e,7,gaba,ring,10362,12520,0.278,ER3d_a,1947,0.04,TuBu03:398;AOTU046:9;AN09A005:3;KCg-m:1,0.001,AN09A005:4;TuBu03:4;TuBu05:2;KCg-d:2,rings,"compass,rings",rings:0.77;compass:0.00,rings:0.59;compass:0.16
ER3m,18,gaba,ring,22582,27851,0.478,ER3a_a,3119,0.051,TuBu02:963;TuBu03:114;SMP238:23;LAL206:11,0.001,TuBu02:8;CB4183:6;TuBu03:3;AN09A005:2,rings,"compass,rings",rings:0.84;compass:0.00,rings:0.57;compass:0.15;steer:0.00
ER3p_a,14,gaba,ring,14612,26741,0.495,EL,980,0.054,TuBu05:764;AOTU046:10;TuBu04:5;LAL075:2,0.0,TuBu05:4;CB2469:2;AOTU038:2;LHPV5l1:1,rings,"compass,rings",rings:0.59;compass:0.01;steer:0.00,compass:0.34;rings:0.34
ER3p_b,4,gaba,ring,4452,6951,0.274,EL,578,0.063,TuBu04:253;TuBu05:22;AOTU046:5;CB4183:1,0.001,MBON10:2;CB4183:1;TuBu04:1,rings,"compass,rings",rings:0.53;compass:0.01,rings:0.38;compass:0.23
ER3w_a,7,gaba,wind ring (Okubo),9592,13259,0.163,ER2_b,731,0.045,TuBu07:286;AOTU046:77;TuBu09:54;LHPV5l1:11,0.001,TuBu07:11;AOTU046:4;DNc01:1;TuBu04:1,"compass,rings","compass,rings",rings:0.75;compass:0.08,rings:0.48;compass:0.31
ER3w_b,18,gaba,wind ring,19964,29771,0.523,ER3w_c,2186,0.06,TuBu07:1031;AOTU046:124;TuBu09:28;TuBu08:4,0.001,TuBu07:21;AOTU046:5;TuBu08:1;ATL009:1,"compass,rings","compass,rings",rings:0.81;compass:0.03,rings:0.46;compass:0.36
ER3w_c,6,gaba,wind ring,7509,10739,0.151,ER3w_b,2186,0.063,TuBu07:382;AOTU046:85;TuBu09:1;SIP004:1,0.001,TuBu07:7;AN09A005:2;DNc02:1,"compass,rings","compass,rings",rings:0.78;compass:0.04,rings:0.49;compass:0.33
ER4d,26,gaba,visual ring,56995,72135,0.692,EL,3917,0.029,TuBu08:1305;AOTU046:302;TuBu06:11;DNp27:6,0.001,AOTU046:20;TuBu08:13;TuBu06:12;SMP192:4,"compass,rings","compass,rings",rings:0.76;compass:0.06,rings:0.58;compass:0.18
ER4m,11,gaba,visual ring,28007,59899,0.521,EPG,4487,0.059,TuBu01:1514;AOTU046:93;LAL206:19;TuBu02:8,0.001,TuBu01:17;DNc01:4;AOTU041:2;CRE105:1,"compass,rings","compass,rings",rings:0.63;compass:0.26;steer:0.00,rings:0.40;compass:0.36;steer:0.00
ER5,21,gaba,sleep ring,25712,51585,0.602,ExR1,5624,0.07,TuBu06:1734;LAL073:29;AOTU046:13;SMP238:6,0.001,LAL073:17;TuBu06:8;CB4183:2;KCab-s:2,rings,"compass,rings",rings:0.63;compass:0.00,rings:0.32;compass:0.06
ER6,4,gaba,ring,12516,15497,0.011,PEG,3602,0.186,LAL206:1969;PS196_b:74;LAL121:37;LAL184:36,0.018,TuBu06:59;SMP192:57;PS196_b:21;LAL190:17,compass,compass,compass:0.73;rings:0.01,compass:0.51;rings:0.01;steer:0.00
ExR1,4,acetylcholine,sleep-related (Hulse 2021),54794,38912,0.007,ER5,5624,0.253,AOTU046:3608;TuBu07:1224;TuBu01:1046;TuBu06:779,0.003,LAL013:21;EA27X006:11;AOTU046:11;AN09A005:8,"compass,rings","compass,rings",rings:0.52;compass:0.05;goal:0.00,rings:0.35;compass:0.16;goal:0.00;steer:0.00
ExR2,4,dopamine,dopamine plasticity gate (Fisher 2022),11066,11219,0.013,EPG,633,0.365,PS196_b:899;PS292:584;PS291:504;LAL184:489,0.142,TuBu09:198;TuBu10:197;AOTU046:166;TuBu08:99,"compass,rings","compass,rings",compass:0.29;rings:0.16,rings:0.20;compass:0.14;steer:0.00;goal:0.00
ExR3,2,serotonin,UNCHARACTERISED,15011,26202,0.011,PFGs,1002,0.531,PS292:483;LHPV5l1:381;SMP192:336;PLP032:325,0.075,AOTU046:234;TuBu02:133;PS348:48;PLP246:39,rings,rings,rings:0.13;compass:0.00;goal:0.00;velocity:0.00,rings:0.28;compass:0.03;goal:0.00;steer:0.00;velocity:0.00
ExR4,2,glutamate,UNCHARACTERISED,20525,21990,0.056,EPG,1660,0.188,PS196_b:686;LAL184:489;LAL056:233;LAL076:128,0.009,LAL184:13;LAL161:10;LAL002:8;PS196_b:8,"compass,rings",compass,compass:0.53;rings:0.07;steer:0.00,compass:0.43;rings:0.01
ExR5,4,glutamate,UNCHARACTERISED,12375,51892,0.003,EPG,1316,0.163,MeVPMe6:197;MeVPMe3:145;MeVP7:126;LoVP85:82,0.04,TuBu01:465;AOTU046:342;FB5V_b:216;LAL013:195,"compass,rings","compass,steer",rings:0.32;compass:0.14;velocity:0.00;goal:0.00;steer:0.00,compass:0.12;steer:0.04;rings:0.03;velocity:0.00;goal:0.00
ExR6,2,glutamate,UNCHARACTERISED,20824,31807,0.003,EPG,6236,0.287,LAL184:276;DNpe027:250;LAL056:187;OA-VUMa1:182,0.035,LAL177:81;LAL176:67;VES087:29;LAL186:22,compass,compass,compass:0.60;rings:0.02;steer:0.00;velocity:0.00,compass:0.37;rings:0.00;velocity:0.00;goal:0.00;steer:0.00
ExR7,4,acetylcholine,UNCHARACTERISED,6866,40820,0.081,EPG,1389,0.132,PS292:96;SMP147:95;WED184:92;mALD1:91,0.127,LAL013:1247;LAL002:373;LAL052:319;LAL190:299,"compass,rings",compass,compass:0.37;rings:0.05,compass:0.05;rings:0.03;steer:0.00;goal:0.00
ExR8,4,acetylcholine,UNCHARACTERISED,5707,17504,0.055,ExR4,10,0.134,PS291:201;PS262:48;DNg36_a:33;PS292:30,0.304,PS047_b:802;DNg36_a:582;PS197:462;PS047_a:431,"compass,rings",,compass:0.44;rings:0.08;velocity:0.00,compass:0.00
FB1A,4,glutamate,UNCHARACTERISED,2636,9990,0.08,FB1E_a,244,0.313,SIP006:75;LHPD2d2:68;SMP504:46;LHPV5g2:44,0.004,AN27X013:8;FS3:8;SIP046:3;PPL101:3,,goal,velocity:0.01;goal:0.00;compass:0.00,goal:0.06;velocity:0.00;compass:0.00
FB1B,4,glutamate,UNCHARACTERISED,2978,7559,0.012,FS4A,222,0.263,SMP167:83;CB4023:71;SLP414:65;SLP347:51,0.003,FS3:11;SLP414:3;CB2814:2;SLP384:1,,goal,compass:0.00;goal:0.00;velocity:0.00;rings:0.00,goal:0.05;velocity:0.00;steer:0.00;compass:0.00
FB1C,4,dopamine,UNCHARACTERISED,13300,12387,0.016,PFNp_b,811,0.476,SMP192:346;SIP004:330;AVLP705m:230;CRE067:224,0.021,AVLP705m:16;LAL035:9;LAL013:9;DNc02:7,compass,"compass,velocity",compass:0.06;velocity:0.02;rings:0.00;goal:0.00,compass:0.05;velocity:0.04;steer:0.03;goal:0.02;rings:0.00
FB1D,5,glutamate,UNCHARACTERISED,3847,13288,0.166,FB1B,159,0.587,CB1617:663;LHPV5a3:260;CB4107:234;CB1178:116,0.001,FS3:6;SMP279_a:2;SIP015:2;CB4139:1,,,velocity:0.00;goal:0.00,goal:0.00;velocity:0.00;steer:0.00;rings:0.00
FB1E_a,5,glutamate,UNCHARACTERISED,3200,17415,0.044,FB1A,244,0.369,CB2116:118;CB2398:91;CB4198:67;SIP051:63,0.001,FS3:8;SIP003_a:2;CB3614:1;CB1897:1,,goal,velocity:0.01;goal:0.00;compass:0.00,goal:0.07;velocity:0.01;compass:0.00;steer:0.00
FB1E_b,2,glutamate,UNCHARACTERISED,1799,6738,0.028,FB1D,127,0.528,CB1617:198;LHPV5a3:85;CB4107:84;CB2398:56,0.005,FS3:13;SLP414:4;LHPV5e2:2;CB4023:1,,,velocity:0.00;goal:0.00,goal:0.02;velocity:0.00
FB1F,2,glutamate,UNCHARACTERISED,1592,4415,0.006,PFNm_b,187,0.257,SMP167:66;SMP188:44;SIP006:25;SMP095:18,0.002,FS3:6;SMP269:1;SMP299:1;SIP006:1,,goal,goal:0.01;velocity:0.01;compass:0.00,goal:0.08;velocity:0.01;steer:0.00
FB1G,2,acetylcholine,UNCHARACTERISED,7175,44247,0.001,FB2D,271,0.503,SMP192:158;SIP018:157;LHPV10d1:156;CRE056:91,0.003,FS3:50;AN27X013:17;SMP147:9;SMP143:7,,,goal:0.02;velocity:0.00;compass:0.00;steer:0.00,goal:0.02;steer:0.00;velocity:0.00;compass:0.00;rings:0.00
FB1H,2,dopamine,UNCHARACTERISED,12895,17482,0.004,hDeltaJ,1184,0.394,CRE024:225;SMP133:184;SMP115:169;MBON04:154,0.068,OA-VPM3:197;CRE107:16;CRE095:16;MBON33:14,velocity,"goal,velocity",velocity:0.09;goal:0.02;compass:0.00;steer:0.00,velocity:0.09;goal:0.04;steer:0.02;compass:0.00
FB1I,2,glutamate,UNCHARACTERISED,3377,4206,0.002,vDeltaB,668,0.039,CB4023:27;SLP405_a:17;SMP430:14;SMP167:13,0.001,FS3:1;LHPV5e2:1;CB4127:1;LNd_c:1,,,compass:0.00;goal:0.00,goal:0.00;steer:0.00;compass:0.00
FB1J,2,glutamate,UNCHARACTERISED,2912,3574,0.001,vDeltaA_b,363,0.101,FB9B_a:46;SLP405_a:44;FB9B_d:35;SLP274:16,0.001,IPC:1;AOTU042:1;FS3:1,,,compass:0.00,goal:0.00;velocity:0.00
FB2A,4,dopamine,UNCHARACTERISED,10013,9340,0.025,FC1B,561,0.357,LHPV6q1:356;LAL203:286;OA-VPM3:212;LHPV5g1_a:181,0.02,OA-VPM3:146;SIP064:4;CRE016:3;FS3:2,velocity,velocity,velocity:0.08;goal:0.01;compass:0.00;rings:0.00,velocity:0.05;steer:0.01;goal:0.01;compass:0.00;rings:0.00
FB2B_a,4,unclear,UNCHARACTERISED,9567,16768,0.011,FC1B,1269,0.105,LHPV5e3:85;SMP177:73;SMP237:66;CB4112:44,0.005,OA-VPM3:30;KCa'b'-m:5;PAM03:3;CB1149:3,,,velocity:0.00;goal:0.00;compass:0.00;steer:0.00,velocity:0.00;goal:0.00;steer:0.00;compass:0.00;rings:0.00
FB2B_b,4,glutamate,UNCHARACTERISED,6407,14471,0.002,PFL1,890,0.055,OA-VPM3:45;mALB5:43;SMP371_a:12;CB4112:12,0.018,OA-VPM3:55;OA-ASM1:12;PAM11:7;PAM10:6,velocity,,velocity:0.03;goal:0.00;rings:0.00;compass:0.00,velocity:0.01;goal:0.00;steer:0.00;compass:0.00
FB2C,5,glutamate,UNCHARACTERISED,4966,8832,0.02,FB2D,102,0.45,SMP180:122;SMP012:97;SMP188:81;SMP374:75,0.006,OA-VPM3:36;LAL101:2;CRE041:2;CRE088:2,,goal,goal:0.02;velocity:0.00,goal:0.10;steer:0.03;velocity:0.00;compass:0.00
FB2D,6,glutamate,UNCHARACTERISED,18713,34572,0.007,FC1D,1994,0.133,PLP046:254;CB4112:143;WED035:104;SMP371_a:99,0.012,SIP087:26;OA-VPM3:22;LAL156_b:20;ATL027:18,velocity,,velocity:0.07;goal:0.00;steer:0.00;compass:0.00;rings:0.00,velocity:0.01;compass:0.00;goal:0.00;steer:0.00;rings:0.00
FB2E,4,glutamate,UNCHARACTERISED,3709,14709,0.099,FB2I_a,1090,0.128,aMe26:71;WED092:57;IB109:30;SMP252:27,0.001,OA-VPM3:4;KCa'b'-ap1:2;LHPV5c1:2;SMP252:1,velocity,,velocity:0.10;goal:0.00,steer:0.01;goal:0.00;velocity:0.00;compass:0.00
FB2F_a,6,glutamate,UNCHARACTERISED,6745,30070,0.026,FB2B_a,497,0.266,LHPV4m1:138;SIP029:63;SMP541:60;LHAD3g1:59,0.002,CB1357:6;OA-VPM3:6;CB3056:4;CB2310:3,,,velocity:0.01;goal:0.00;compass:0.00;rings:0.00,goal:0.03;velocity:0.00;steer:0.00;compass:0.00
FB2F_b,3,glutamate,UNCHARACTERISED,2989,11581,0.008,hDeltaJ,119,0.289,CB1220:53;LHPD2a4_a:46;SMP568_d:43;SMP561:42,0.001,LHPV5c1_a:3;LHPV5c1:2;OA-VPM3:2;CB2262:1,,goal,velocity:0.03;goal:0.01;compass:0.00,goal:0.16;steer:0.01;velocity:0.00
FB2F_c,4,glutamate,UNCHARACTERISED,1393,10143,0.005,FB2L,81,0.145,LHPV4m1:26;CB2262:20;LHAV6c1:12;CB4198:11,0.007,CB1357:27;CB2310:14;MBON15:8;MBON15-like:6,velocity,goal,velocity:0.07;goal:0.02;rings:0.00,goal:0.13;velocity:0.01;steer:0.00;compass:0.00
FB2F_d,4,glutamate,UNCHARACTERISED,3307,14597,0.013,FB2L,131,0.277,SIP003_a:72;LHPD2a4_a:63;CB4198:63;SMP568_d:60,0.001,CB1357:7;DNp48:1;SLP404:1;SIP003_b:1,velocity,goal,velocity:0.03;goal:0.01;compass:0.00,goal:0.11;velocity:0.01;steer:0.00;compass:0.00
FB2G_a,2,glutamate,UNCHARACTERISED,1919,8059,0.004,hDeltaJ,74,0.334,SMP568_b:46;LHPD2a4_a:45;CB1220:43;PLP026:30,0.0,CB1124:1;KC:1;OA-VPM3:1,"goal,velocity",goal,velocity:0.03;goal:0.03,goal:0.16;steer:0.01;velocity:0.00
FB2G_b,6,glutamate,UNCHARACTERISED,6400,27622,0.023,FB2K,167,0.381,SIP086:110;CB2814:107;PLP026:80;SMP086:76,0.002,MBON15:5;LHPV5g1_a:4;CB1357:4;OA-VPM3:4,goal,"goal,steer",goal:0.07;velocity:0.00;steer:0.00;rings:0.00,steer:0.09;goal:0.08;velocity:0.00;compass:0.00
FB2H_a,2,glutamate,UNCHARACTERISED,1811,8063,0.002,FB2I_a,156,0.286,M_ilPNm90:57;M_l2PNm14:51;PS157:35;VP2+_adPN:26,0.014,SMP461:6;PLP257:5;SLP369:5;CB2884:5,velocity,,velocity:0.03;goal:0.00;compass:0.00,goal:0.03;steer:0.02;velocity:0.01;compass:0.00
FB2H_b,2,glutamate,UNCHARACTERISED,2082,9014,0.001,FB2B_a,183,0.265,M_ilPNm90:84;SMP091:42;LHPV4m1:35;MBON15-like:35,0.012,MBON15-like:11;CB3056:9;OA-VPM3:7;LHPV5e3:4,,,velocity:0.03;compass:0.00;goal:0.00;steer:0.00,goal:0.00;velocity:0.00;steer:0.00
FB2I_a,10,glutamate,UNCHARACTERISED,11352,25528,0.401,FB2E,1090,0.111,ATL013:230;LHPV6f1:143;PLP071:100;CL234:80,0.006,OA-VPM3:141;ATL013:4;AN27X013:4;FS3:3,velocity,,velocity:0.05;goal:0.00;compass:0.00;rings:0.00,steer:0.01;velocity:0.01;goal:0.00;compass:0.00
FB2I_b,2,glutamate,UNCHARACTERISED,1780,7793,0.0,FB2I_a,228,0.246,PS157:70;LHPV5m1:27;M_l2PNm14:22;CRE011:21,0.012,ATL037:15;ATL031:6;KCab-p:5;LHPV5c1:4,velocity,steer,velocity:0.08;goal:0.01;compass:0.00,steer:0.03;goal:0.02;velocity:0.01
FB2J_a,2,glutamate,UNCHARACTERISED,1539,6729,0.001,FB2I_b,112,0.237,M_lPNm13:83;WED092:33;aMe26:33;WED091:18,0.003,CB1357:10;CB2310:5;LHPV5c1_a:1;LHPV5b2:1,velocity,goal,velocity:0.03;goal:0.00,goal:0.08;steer:0.01
FB2J_b,2,glutamate,UNCHARACTERISED,1602,8287,0.005,FB2I_a,84,0.255,WED092:66;aMe26:63;WED093:25;CB3140:22,0.001,OA-VPM3:8;CB0429:1,velocity,,velocity:0.07;goal:0.00,goal:0.02;steer:0.01;velocity:0.00
FB2J_c,2,glutamate,UNCHARACTERISED,1707,8063,0.002,FC3_b,71,0.237,M_lPNm13:54;LHCENT14:30;M_l2PNl21:22;CL362:18,0.003,CB2310:4;LHPV5c1:3;OA-VPM3:3;CB1357:2,,goal,goal:0.00;velocity:0.00,goal:0.07;steer:0.01;velocity:0.00
FB2K,9,glutamate,UNCHARACTERISED,7543,10937,0.009,FB2G_b,167,0.428,LAL175:173;CB2784:158;LAL075:142;LAL076:120,0.002,OA-VPM3:5;FB5V_b:2;CB2469:2;LAL073:2,,steer,steer:0.02;goal:0.02;velocity:0.01;compass:0.00;rings:0.00,steer:0.06;goal:0.03;velocity:0.00;compass:0.00
FB2L,4,glutamate,UNCHARACTERISED,3457,10001,0.007,FB2F_d,131,0.391,SMP011_b:159;SMP012:70;SMP116:50;LHPV5g2:46,0.002,OA-VPM3:6;FS3:3;LHPV10d1:2;AN27X013:2,,goal,goal:0.02;velocity:0.01;compass:0.00,goal:0.11;steer:0.00;velocity:0.00;compass:0.00
FB2M_a,4,glutamate,UNCHARACTERISED,4480,19335,0.008,FC2A,238,0.291,PLP026:107;CB3056:100;CB1220:59;SMP568_b:55,0.001,CB1357:7;OA-VPM3:4;LHPV5b2:1;LHCENT8:1,goal,"goal,steer",goal:0.09;velocity:0.01;compass:0.00;steer:0.00,goal:0.14;steer:0.04;velocity:0.00;compass:0.00
FB2M_b,2,glutamate,UNCHARACTERISED,2352,8640,0.004,FC2B,176,0.282,PLP026:48;LHPV5e3:42;CB3056:26;SMP007:23,0.0,OA-VPM3:2;CRE019:1;LAL035:1,goal,"goal,steer",goal:0.16;velocity:0.00;steer:0.00,goal:0.12;steer:0.09;velocity:0.00;compass:0.00
FB3A,4,glutamate,UNCHARACTERISED,11658,12305,0.008,PFNd,4020,0.372,LAL143:727;PS326:511;AN06B009:319;PS196_b:195,0.004,OA-VPM3:26;PS196_a:2;LAL205:1;LAL168:1,velocity,velocity,velocity:0.41;compass:0.00;goal:0.00,velocity:0.54;compass:0.00;goal:0.00;steer:0.00
FB3C,13,gaba,UNCHARACTERISED,9120,23461,0.014,FC3_a,567,0.17,PLP046:547;SMP183:130;CB4183:109;LAL064:82,0.004,FS3:7;SIP028:5;AN27X013:4;DGI:3,velocity,,velocity:0.08;compass:0.02;goal:0.01;rings:0.00;steer:0.00,velocity:0.01;goal:0.00;steer:0.00;rings:0.00;compass:0.00
FB3D,1,glutamate,UNCHARACTERISED,771,1957,0.0,hDeltaI,78,0.248,LAL009:14;LAL051:11;SMP370:11;OA-VUMa1:9,0.0,,,,velocity:0.02;goal:0.01;steer:0.00;compass:0.00,goal:0.02;steer:0.01;compass:0.01;velocity:0.01
FB3E,2,gaba,UNCHARACTERISED,1906,4734,0.001,FC3_c,101,0.224,PLP046:90;SMP183:72;SMP167:39;CB4183:24,0.001,CB3050:2;SLP230:1;FS3:1;OA-VPM3:1,velocity,,velocity:0.05;goal:0.03;compass:0.03;rings:0.00;steer:0.00,velocity:0.01;goal:0.00;compass:0.00;steer:0.00
FB4A_a,6,glutamate,UNCHARACTERISED,4124,6815,0.001,hDeltaJ,1238,0.258,CRE107:113;CRE025:102;MBON04:66;LHPD2c7:64,0.002,OA-VPM3:6;CRE024:2;CRE107:2;FB5V_b:1,,,goal:0.01;velocity:0.01;steer:0.00;compass:0.00,goal:0.01;velocity:0.00;steer:0.00;compass:0.00
FB4A_b,2,glutamate,UNCHARACTERISED,2642,3330,0.001,hDeltaJ,806,0.212,MBON04:86;LHPD2c7:70;LHPD5a1:25;MBON12:22,0.001,OA-VPM3:3;MBON12:1,goal,,goal:0.04;velocity:0.00;compass:0.00;steer:0.00,goal:0.02;velocity:0.01;steer:0.00;compass:0.00
FB4B,2,glutamate,UNCHARACTERISED,10225,18688,0.003,hDeltaB,2835,0.247,WED153:148;CB2037:132;AVLP154:84;LAL139:78,0.003,OA-VPM3:19;WED080:9;FS3:4;WED034:3,velocity,velocity,velocity:0.39;compass:0.00;rings:0.00;steer:0.00;goal:0.00,velocity:0.37;goal:0.00;compass:0.00;steer:0.00
FB4C,2,glutamate,UNCHARACTERISED,11871,16005,0.002,PFNd,1306,0.265,SMP374:281;CRE107:145;CRE078:139;LAL100:128,0.048,SMP457:61;CRE105:34;OA-VPM3:22;PAM08:22,"goal,velocity",velocity,velocity:0.29;goal:0.04;compass:0.01,velocity:0.36;compass:0.01;goal:0.00;rings:0.00;steer:0.00
FB4D_a,2,glutamate,UNCHARACTERISED,2605,5601,0.0,hDeltaB,129,0.222,CRE024:98;CRE071:91;CRE066:63;CRE049:34,0.022,CRE056:18;MBON04:9;CRE052:8;OA-VPM3:7,velocity,,velocity:0.30;goal:0.00;compass:0.00,velocity:0.02;goal:0.02;compass:0.00;steer:0.00
FB4D_b,2,glutamate,UNCHARACTERISED,2297,5664,0.0,hDeltaB,216,0.112,CRE071:48;CRE066:44;CRE024:20;CRE042:19,0.006,LHPV5e1:6;CB1128:3;CRE052:3;OA-VPM3:3,velocity,velocity,velocity:0.30;goal:0.00;compass:0.00,velocity:0.04;goal:0.02;steer:0.00;compass:0.00
FB4D_c,2,glutamate,UNCHARACTERISED,2600,6294,0.001,hDeltaB,167,0.228,CRE024:159;CRE042:86;CRE066:57;CRE070:32,0.016,CRE042:8;OA-VPM3:8;CRE083:5;MBON35:5,velocity,goal,velocity:0.34;compass:0.00;goal:0.00,goal:0.05;velocity:0.03;steer:0.01;compass:0.00
FB4E_a,5,glutamate,UNCHARACTERISED,4386,8031,0.003,hDeltaI,933,0.424,CRE028:301;CL236:90;LAL196:82;SMP376:76,0.01,AOTU042:6;OA-VPM3:6;VES059:5;VES054:4,,,velocity:0.00;goal:0.00;steer:0.00;compass:0.00,goal:0.01;steer:0.01;velocity:0.00;compass:0.00
FB4E_b,4,glutamate,UNCHARACTERISED,3212,4832,0.006,hDeltaI,619,0.446,CRE028:182;SMP122:105;CL236:78;SMP109:57,0.005,OA-VPM3:7;MBON29:2;PS063:2;SMP153_a:2,,,velocity:0.00;goal:0.00,goal:0.01;steer:0.01;velocity:0.01;compass:0.00
FB4E_c,2,glutamate,UNCHARACTERISED,1602,4194,0.001,hDeltaI,303,0.348,CRE028:63;SMP376:29;LAL199:26;SMP109:23,0.004,LAL126:2;LAL193:2;SMP006:2;LAL200:1,,,velocity:0.01;compass:0.00;steer:0.00,goal:0.01;velocity:0.00;compass:0.00;steer:0.00
FB4F_a,4,glutamate,UNCHARACTERISED,5378,12503,0.006,hDeltaI,178,0.445,CRE004:167;LAL147_a:128;IB005:92;CRE044:88,0.009,OA-VPM3:12;CRE005:6;LAL175:4;oviIN:4,velocity,steer,velocity:0.06;goal:0.00;steer:0.00;compass:0.00,steer:0.09;velocity:0.00;goal:0.00;compass:0.00
FB4F_b,2,glutamate,UNCHARACTERISED,2468,5346,0.002,vDeltaL,98,0.378,CRE070:58;CRE004:51;LAL101:44;MBON34:41,0.009,CRE043_a1:5;CRE044:4;CRE012:3;OA-VPM3:3,velocity,steer,velocity:0.16;compass:0.00;goal:0.00,steer:0.05;goal:0.01;velocity:0.00;compass:0.00
FB4F_c,6,glutamate,UNCHARACTERISED,7372,18327,0.022,hDeltaI,374,0.306,PLP161:208;CRE004:149;SMP109:86;PLP162:58,0.004,OA-VPM3:42;MBON35:6;SMP385:3;PLP161:2,velocity,steer,velocity:0.04;goal:0.00;compass:0.00;steer:0.00,steer:0.10;velocity:0.00;goal:0.00;compass:0.00
FB4G,2,glutamate,UNCHARACTERISED,5998,11989,0.002,vDeltaL,448,0.416,CRE005:257;CRE004:128;CRE023:112;MBON25-like:86,0.081,CRE011:210;MBON35:82;CRE004:50;PPL102:48,velocity,,velocity:0.20;compass:0.00;goal:0.00,compass:0.00;velocity:0.00;goal:0.00;steer:0.00
FB4H,2,glutamate,UNCHARACTERISED,6042,14979,0.002,vDeltaK,859,0.468,MBON25-like:207;MBON34:135;PLP161:134;CRE059:130,0.035,CRE011:91;CRE041:36;CRE043_a2:32;MBON35:24,,,compass:0.00;velocity:0.00;steer:0.00;goal:0.00,steer:0.00;compass:0.00;goal:0.00;velocity:0.00
FB4I,2,glutamate,UNCHARACTERISED,2456,5299,0.001,vDeltaM,105,0.454,LAL101:71;LAL045:64;CRE044:61;CRE004:43,0.011,LAL120_a:10;FB5V_b:5;LAL001:3;CRE044:3,velocity,steer,velocity:0.09;goal:0.00,steer:0.06;velocity:0.00;goal:0.00
FB4J,2,glutamate,UNCHARACTERISED,2691,6644,0.0,hDeltaB,218,0.301,CRE024:198;CRE042:134;CRE070:50;CRE066:45,0.01,CRE042:7;CRE043_d:5;CRE043_c2:5;OA-VPM3:5,velocity,"goal,steer,velocity",velocity:0.29;compass:0.00;goal:0.00,steer:0.04;velocity:0.03;goal:0.03;compass:0.00
FB4K,4,glutamate,UNCHARACTERISED,7976,18703,0.003,hDeltaB,398,0.475,CRE067:399;CRE027:187;CRE107:177;SMP179:159,0.015,OA-VPM3:84;LHPV7c1:17;CRE004:11;MBON35:8,velocity,goal,velocity:0.06;compass:0.00;goal:0.00;steer:0.00;rings:0.00,goal:0.06;velocity:0.02;steer:0.00;compass:0.00
FB4L,4,dopamine,UNCHARACTERISED,9600,5935,0.002,PFNd,510,0.602,SIP064:394;LAL055:342;mALB5:339;LAL139:218,0.066,OA-VPM3:110;LAL157:12;LAL055:9;WEDPN7A:9,velocity,velocity,velocity:0.10;rings:0.00;goal:0.00,velocity:0.29;steer:0.00;compass:0.00;goal:0.00;rings:0.00
FB4M,4,dopamine,UNCHARACTERISED,20033,21242,0.03,hDeltaB,739,0.59,SMP377:1111;PLP246:660;SIP064:468;CRE059:415,0.012,OA-VPM3:93;FB5V_b:7;LAL002:5;LAL150:5,velocity,velocity,velocity:0.13;compass:0.01;goal:0.00;rings:0.00,velocity:0.22;compass:0.01;goal:0.01;steer:0.00
FB4N,2,glutamate,UNCHARACTERISED,12276,18492,0.001,PFR_a,129,0.41,SMP010:260;SMP117_a:235;SIP064:180;LAL007:161,0.004,OA-VPM3:18;aIPg2:2;LAL030_b:2;CRE074:2,velocity,goal,velocity:0.28;goal:0.00,goal:0.10;steer:0.02;velocity:0.01;compass:0.00
FB4O,6,glutamate,UNCHARACTERISED,8188,27760,0.101,PFR_a,953,0.439,CRE049:299;SMP146:219;MBON22:175;SIP128m:159,0.031,OA-VPM3:143;PPL103:54;PAM08:25;CRE021:23,,"goal,steer",goal:0.02;velocity:0.00;steer:0.00,steer:0.05;goal:0.04;velocity:0.00;compass:0.00
FB4P_a,4,glutamate,UNCHARACTERISED,8408,13996,0.0,PFR_a,274,0.425,CRE028:275;CRE106:151;SMP122:143;SMP123:138,0.031,OA-VPM3:58;oviIN:24;FB5V_b:15;SMP456:14,,,goal:0.01;velocity:0.00;steer:0.00;compass:0.00,steer:0.03;goal:0.01;velocity:0.00;compass:0.00
FB4P_b,3,glutamate,UNCHARACTERISED,4580,16720,0.042,PFR_a,517,0.436,CRE059:273;SMP133:183;CRE005:160;MBON21:96,0.006,OA-VPM3:15;CRE107:4;LAL161:3;CRE075:2,,steer,goal:0.01;velocity:0.00;steer:0.00,steer:0.08;goal:0.01;velocity:0.00;compass:0.00
FB4P_c,2,glutamate,UNCHARACTERISED,3728,11734,0.02,PFR_a,372,0.476,SMP133:178;MBON21:122;CRE059:77;SMP152:76,0.023,OA-VPM3:13;PPL103:11;PAM08:11;LAL160:9,,steer,goal:0.02;velocity:0.00,steer:0.08;goal:0.03;velocity:0.00;compass:0.00
FB4Q_a,2,glutamate,UNCHARACTERISED,2604,9075,0.017,PFR_a,324,0.35,SMP133:133;CRE003_b:77;CRE059:68;CRE005:57,0.002,OA-VPM3:13;FB5V_b:4;PAM09:2;SMP709m:1,,steer,goal:0.01;steer:0.00;velocity:0.00,steer:0.07;goal:0.03;velocity:0.00;compass:0.00
FB4Q_b,2,glutamate,UNCHARACTERISED,2510,5767,0.015,FC2A,421,0.255,SMP377:81;ATL003:34;CRE018:34;CRE013:31,0.007,oviIN:5;CRE019:4;LAL022:3;SMP568_d:2,goal,"goal,steer",goal:0.27;velocity:0.00;steer:0.00,goal:0.09;steer:0.06;velocity:0.00
FB4Q_c,3,glutamate,UNCHARACTERISED,3533,10561,0.027,hDeltaJ,580,0.269,CRE003_b:108;CRE018:82;LHPD5f1:52;SMP377:48,0.002,OA-VPM3:8;SMP376:5;SIP070:2;LAL034:1,goal,"goal,steer",goal:0.09;velocity:0.00,goal:0.10;steer:0.05;velocity:0.00
FB4R,6,glutamate,UNCHARACTERISED,6757,22318,0.055,PFR_a,421,0.603,MBON21:756;MBON09:492;LHPV7c1:335;LAL185:176,0.054,CRE040:139;CRE027:106;CRE021:83;LAL155:70,,velocity,velocity:0.01;steer:0.00;compass:0.00;rings:0.00;goal:0.00,velocity:0.16;compass:0.00;goal:0.00;steer:0.00
FB4X,2,glutamate,UNCHARACTERISED,8832,16212,0.009,hDeltaJ,1651,0.421,SLP247:314;MBON30:259;CRE042:239;LHPD5f1:227,0.003,OA-VPM3:7;CRE042:5;MBON04:3;CB1357:2,,goal,goal:0.03;velocity:0.00;compass:0.00;steer:0.00,goal:0.11;steer:0.02;velocity:0.00
FB4Y,4,serotonin,UNCHARACTERISED,23543,18873,0.004,EPG,732,0.284,AVLP705m:291;CRE005:214;LAL100:194;SMP178:176,0.01,FB5V_b:49;OA-VPM3:46;CRE067:9;LAL136_a:4,compass,"compass,steer",compass:0.15;goal:0.01;rings:0.01;velocity:0.00;steer:0.00,compass:0.07;steer:0.04;goal:0.01;rings:0.01;velocity:0.00
FB4Z_a,8,glutamate,UNCHARACTERISED,7727,5623,0.015,hDeltaA,1721,0.081,FB5V_b:577;OA-VPM3:16;SMP744:10;AVLP428:8,0.061,FB5V_b:321;OA-VPM3:4;SMP422:2;SMP372:2,,,compass:0.00;steer:0.00;goal:0.00;velocity:0.00,steer:0.01;goal:0.00;compass:0.00
FB4Z_b,3,glutamate,UNCHARACTERISED,1893,1546,0.003,hDeltaA,349,0.121,FB5V_b:216;OA-VPM3:7;CL029_b:3;VES045:2,0.018,FB5V_b:20;OA-VPM3:5;VES045:2;PS260:1,,goal,goal:0.00;steer:0.00;compass:0.00,goal:0.08;steer:0.01;compass:0.00
FB4Z_c,4,glutamate,UNCHARACTERISED,4194,2613,0.003,hDeltaA,907,0.077,FB5V_b:313;OA-VPM3:7;FB:1;AVLP176_b:1,0.044,FB5V_b:111;SMP461:2;OA-VPM3:2,,,goal:0.00;compass:0.00;steer:0.00;velocity:0.00,steer:0.01;goal:0.00;compass:0.00
FB5A,4,gaba,UNCHARACTERISED,24304,45602,0.006,FC2C,2889,0.321,SMP192:379;CRE086:333;CRE085:282;LC33:241,0.011,OA-VPM3:148;CRE011:32;FB5V_b:21;FS3:16,"goal,steer","goal,steer",goal:0.27;steer:0.06;velocity:0.00;compass:0.00;rings:0.00,goal:0.20;steer:0.06;compass:0.00;velocity:0.00
FB5AA,2,glutamate,UNCHARACTERISED,4876,8890,0.0,hDeltaG,99,0.397,CRE072:147;CRE105:102;OA-VPM3:82;CRE025:77,0.052,SMP108:53;OA-VPM3:52;LHPV5e1:15;SIP029:15,,goal,goal:0.02;velocity:0.00,goal:0.06;steer:0.01;velocity:0.00;rings:0.00
FB5AB,2,acetylcholine,MB-to-FB relay (Matheson 2022),12260,19415,0.015,hDeltaC,224,0.579,CRE103:333;CB1434:230;MBON13:227;LHPV5e1:224,0.002,OA-VPM3:16;AVLP103:4;AN27X013:3;SMP145:2,,goal,goal:0.01;compass:0.00,goal:0.07;steer:0.00;compass:0.00
FB5B,6,glutamate,UNCHARACTERISED,5034,7982,0.001,hDeltaC,285,0.478,SLP247:207;SIP071:125;M_lvPNm25:107;SMP126:95,0.01,SLP021:5;SMP336:4;CRE025:4;MBON04:4,,goal,goal:0.03,goal:0.03;steer:0.00
FB5C,3,glutamate,UNCHARACTERISED,6324,11825,0.001,PFR_a,162,0.391,CRE072:183;OA-VPM3:163;CRE105:143;CRE050:103,0.055,OA-VPM3:59;SMP108:53;SMP456:23;CRE011:18,goal,goal,goal:0.03;velocity:0.00;steer:0.00,goal:0.06;steer:0.01;velocity:0.00
FB5D,3,glutamate,UNCHARACTERISED,6978,13552,0.001,PFR_a,194,0.414,SMP123:213;SMP122:185;SMP124:153;OA-VPM3:125,0.054,OA-VPM3:72;SMP456:56;PAM08:52;CRE011:41,goal,"goal,steer",goal:0.03;velocity:0.00;steer:0.00;rings:0.00,goal:0.04;steer:0.03;velocity:0.00;compass:0.00
FB5E,2,glutamate,UNCHARACTERISED,4062,8047,0.001,FC2A,205,0.35,SMP376:101;CRE025:73;OA-VPM3:50;CRE028:49,0.017,OA-VPM3:21;oviIN:9;SMP081:7;PAM08:6,goal,goal,goal:0.06;velocity:0.00;steer:0.00,goal:0.07;steer:0.03;velocity:0.00;compass:0.00
FB5F,2,glutamate,UNCHARACTERISED,3519,8899,0.002,FC2A,187,0.627,oviIN:133;PLP246:71;SMP185:65;mALD1:62,0.027,PAM08:15;oviIN:10;SMP181:10;PAM06:9,goal,"goal,steer",goal:0.16;velocity:0.00,steer:0.09;goal:0.04;rings:0.00
FB5G_a,4,glutamate,UNCHARACTERISED,4817,14238,0.017,FC2C,385,0.389,SIP065:170;SMP542:169;SMP566:107;CB3614:96,0.03,DNp48:65;oviIN:48;SMP449:16;SMP566:16,goal,"goal,steer",goal:0.19,steer:0.11;goal:0.03;rings:0.00;velocity:0.00
FB5G_b,2,glutamate,UNCHARACTERISED,1263,4674,0.002,FC2C,59,0.493,SIP065:73;SMP542:45;CB1897:40;SMP188:38,0.022,DNp48:25;CB1871:7;CB4125:7;SMP337:6,goal,steer,goal:0.06,steer:0.13;goal:0.02
FB5G_c,2,glutamate,UNCHARACTERISED,2951,8262,0.005,FC2C,214,0.443,CRE074:82;oviIN:82;SMP542:81;SIP065:77,0.035,DNp48:34;oviIN:32;SMP386:13;SMP181:11,goal,"goal,steer",goal:0.21;steer:0.00,steer:0.11;goal:0.03;rings:0.00;compass:0.00
FB5H,2,dopamine,UNCHARACTERISED,8324,9058,0.008,vDeltaI_a,601,0.494,CRE107:419;CRE027:224;SMP238:202;SMP165:201,0.078,CRE025:18;OA-VPM3:18;CRE105:17;CRE083:17,,steer,goal:0.02;steer:0.00;compass:0.00,steer:0.04;goal:0.03;compass:0.00
FB5I,2,glutamate,UNCHARACTERISED,7495,16188,0.011,hDeltaC,1686,0.307,SMP011_b:126;SMP011_a:109;SLP247:106;SMP504:87,0.006,SMP133:12;CRE013:11;OA-VPM3:6;SMP175:4,,,goal:0.00;velocity:0.00,goal:0.03;steer:0.00
FB5J,2,glutamate,UNCHARACTERISED,2778,4056,0.0,hDeltaJ,403,0.182,LHPD2c7:52;MBON04:40;MBON12:25;SMP371_b:24,0.002,OA-VPM3:5;LHPV5e3:1;SMP011_a:1;SMP567:1,goal,,goal:0.07;velocity:0.00;compass:0.00;steer:0.00,goal:0.02;steer:0.00
FB5K,2,glutamate,UNCHARACTERISED,4694,8467,0.002,vDeltaG,704,0.272,CRE042:321;CRE107:135;CB2550:60;LHPD5f1:55,0.049,CRE042:28;SIP029:15;SMP012:12;ATL037:9,,,steer:0.00;goal:0.00;compass:0.00,goal:0.00;steer:0.00
FB5L,2,glutamate,UNCHARACTERISED,3390,7883,0.002,vDeltaF,641,0.264,CRE107:96;SMP184:80;CRE042:70;SMP011_b:60,0.02,CRE042:6;OA-VPM3:5;CRE049:4;LAL050:4,,,goal:0.01;steer:0.00;compass:0.00,goal:0.01;steer:0.00;compass:0.00
FB5M,2,glutamate,UNCHARACTERISED,2232,5207,0.003,hDeltaI,72,0.355,PLP161:115;AN19B019:40;AVLP032:34;OA-VPM3:28,0.003,OA-VPM3:6;FB5V_b:5;IPC:1;PS082:1,,steer,goal:0.02;compass:0.00;steer:0.00;velocity:0.00,steer:0.14;goal:0.01;compass:0.00
FB5N,4,glutamate,UNCHARACTERISED,5551,12130,0.008,FC2A,213,0.375,PPL102:110;SMP381_b:96;GNG291:80;SMP383:70,0.012,OA-VPM3:14;SMP075:9;PPL102:6;MBON35:5,goal,"goal,steer",goal:0.08;compass:0.00;steer:0.00,goal:0.11;steer:0.07;compass:0.00
FB5O,2,glutamate,UNCHARACTERISED,3267,7131,0.0,FC2A,110,0.301,CRE025:115;SMP376:81;SMP541:69;CRE107:43,0.015,OA-VPM3:15;oviIN:8;SMP081:7;PAM08:5,goal,goal,goal:0.05;steer:0.00,goal:0.11;steer:0.01
FB5P,4,glutamate,UNCHARACTERISED,3512,6765,0.004,PFR_a,56,0.672,oviIN:207;CRE078:131;SIP066:123;SMP180:94,0.011,OA-VPM3:10;CRE040:4;CRE013:3;oviIN:3,,,velocity:0.02;goal:0.01;compass:0.00,steer:0.00;goal:0.00;compass:0.00
FB5Q,4,glutamate,UNCHARACTERISED,6795,18656,0.01,FC2B,269,0.557,oviIN:261;SMP541:237;SMP376:184;CRE074:173,0.03,oviIN:63;SMP386:26;SMP181:22;FB9B_d:19,goal,steer,goal:0.17;rings:0.00,steer:0.09;goal:0.03;rings:0.00;compass:0.00
FB5R,4,glutamate,UNCHARACTERISED,3087,2975,0.001,hDeltaH,536,0.022,FB5V_b:55;OA-VPM3:9;CL235:1;GNG101:1,0.002,FB5V_b:5;OA-VPM3:1,,,goal:0.01;velocity:0.00;steer:0.00,goal:0.03;steer:0.00;compass:0.00
FB5S,9,glutamate,UNCHARACTERISED,8553,7398,0.004,hDeltaG,1796,0.008,OA-VPM3:32;FB5V_b:31;SMP403:2;PS276:1,0.001,OA-VPM3:6;SMP504:1;AVLP103:1,,,goal:0.01;velocity:0.00,goal:0.02;steer:0.00
FB5T,2,glutamate,UNCHARACTERISED,2046,2859,0.0,FB4Y,18,0.742,LAL129:86;CRE078:65;oviIN:59;GNG291:57,0.013,OA-VPM3:5;SMP371_b:4;SMP151:3;CL303:2,,,velocity:0.01;goal:0.00;compass:0.00;steer:0.00,compass:0.00;goal:0.00;steer:0.00;velocity:0.00
FB5U,4,glutamate,UNCHARACTERISED,4722,4503,0.001,hDeltaH,1399,0.007,OA-VPM3:28;SMP461:1;PS215:1;SMP504:1,0.001,OA-VPM3:5,,,goal:0.00;velocity:0.00;compass:0.00,goal:0.02;steer:0.00;compass:0.00;velocity:0.00
FB5V_a,6,glutamate,UNCHARACTERISED,7120,12570,0.004,FB4Z_a,148,0.769,LAL101:307;CRE028:212;SMP471:201;LAL129:186,0.041,FB5V_b:91;CRE013:44;CRE040:26;LAL043_e:25,,,goal:0.00;velocity:0.00;compass:0.00;steer:0.00,steer:0.01;compass:0.00;goal:0.00;velocity:0.00
FB5V_c,5,glutamate,UNCHARACTERISED,4878,6801,0.003,FB4Y,42,0.8,LAL137:174;CL129:165;SMP471:154;IB005:142,0.01,FB5V_b:28;LAL022:2;aIPg_m4:2;CRE040:2,,,goal:0.03;steer:0.00;compass:0.00;velocity:0.00,steer:0.00;compass:0.00;goal:0.00;velocity:0.00
FB5W_a,6,glutamate,UNCHARACTERISED,4130,11368,0.007,FC2A,777,0.28,SMP178:129;SMP376:80;SMP114:55;CRE025:54,0.017,OA-VPM3:11;PPL102:9;SMP051:7;SMP150:6,goal,"goal,steer",goal:0.23;compass:0.00;steer:0.00,goal:0.21;steer:0.04;compass:0.00;velocity:0.00
FB5W_b,3,glutamate,UNCHARACTERISED,1174,2670,0.0,FC2A,143,0.276,SMP376:44;CRE025:33;PLP162:29;PLP161:25,0.022,SMP178:4;CRE054:4;CRE051:3;SMP448:3,goal,"goal,steer",goal:0.16;compass:0.00,goal:0.17;steer:0.06;compass:0.00
FB5X,6,glutamate,UNCHARACTERISED,9359,20272,0.021,FC2A,1179,0.522,SMP377:539;SMP133:314;oviIN:191;PLP246:153,0.007,oviIN:7;PAM05:6;SMP089:3;SMP133:3,goal,"goal,steer",goal:0.22;steer:0.00;rings:0.00;compass:0.00,steer:0.10;goal:0.06;velocity:0.00;rings:0.00;compass:0.00
FB5Y_a,2,glutamate,UNCHARACTERISED,3367,8846,0.008,hDeltaC,288,0.427,CB1220:86;SMP405:84;SMP408_b:83;CRE093:72,0.004,OA-VPM3:17;CB1532:2;CRE078:2;SMP010:1,goal,"goal,steer",goal:0.03,goal:0.06;steer:0.03
FB5Y_b,2,glutamate,UNCHARACTERISED,3276,7825,0.008,hDeltaC,208,0.377,SMP408_d:129;PLP026:78;SMP408_b:67;SMP405:56,0.002,OA-VPM3:14;CRE078:1;LHPV5c1:1;LHPV5c1_a:1,,goal,goal:0.02;compass:0.00,goal:0.07;steer:0.02
FB5Z,4,glutamate,UNCHARACTERISED,3724,8665,0.007,FB5S,118,0.573,oviIN:263;LAL137:93;SMP185:85;CRE105:84,0.014,oviIN:10;OA-VPM3:9;MBON33:6;SMP153_a:5,,,velocity:0.02;goal:0.01;compass:0.00;steer:0.00,goal:0.01;steer:0.00;compass:0.00;velocity:0.00
FB6A_a,2,glutamate,UNCHARACTERISED,8489,23577,0.027,hDeltaK,1255,0.311,SIP076:458;SMP347:239;SMP407:219;SMP034:215,0.054,OA-VPM3:143;SIP019:99;PAM10:86;SIP076:61,,,goal:0.00,goal:0.01;steer:0.00
FB6A_b,2,glutamate,UNCHARACTERISED,6689,20451,0.025,PFGs,595,0.356,SIP005:317;SLP396:299;SMP186:277;SMP347:265,0.044,OA-VPM3:133;SMP186:107;PPL101:81;LHCENT6:29,,,goal:0.00;steer:0.00,goal:0.02;steer:0.00
FB6A_c,2,glutamate,UNCHARACTERISED,9625,24407,0.014,hDeltaK,1149,0.294,SIP076:505;SMP347:343;SIP005:138;SMP405:127,0.054,OA-VPM3:291;SMP568_d:102;SIP029:99;SMP108:66,,,goal:0.00;steer:0.00,goal:0.03;steer:0.01;compass:0.00
FB6B,2,glutamate,UNCHARACTERISED,2868,6891,0.002,vDeltaC,190,0.376,SMP408_d:90;CB2814:88;CB2572:70;SIP067:57,0.002,FS3:5;OA-VPM3:2;KCg-m:2;CB2814:1,,goal,goal:0.01,goal:0.05;steer:0.00
FB6C_a,2,glutamate,UNCHARACTERISED,2411,10505,0.035,FB6H,129,0.326,SLP405_c:132;SMP352:112;SMP250:72;SLP340:60,0.034,OA-VPM3:40;SMP034:37;PAM10:20;PAM09:15,,goal,goal:0.00,goal:0.03;steer:0.00
FB6C_b,6,glutamate,UNCHARACTERISED,8290,30965,0.062,FB6A_a,288,0.38,SLP405_c:414;SMP250:331;PRW001:288;SLP340:287,0.048,OA-VPM3:443;PAM10:104;SMP034:101;SMP186:44,,goal,goal:0.00;steer:0.00,goal:0.03;steer:0.00
FB6D,2,glutamate,UNCHARACTERISED,6194,16581,0.011,hDeltaK,549,0.369,SMP215:687;SMP354:211;SMP186:204;PRW009:126,0.062,OA-VPM3:515;SMP215:43;SMP108:40;SMP186:30,,goal,goal:0.00;steer:0.00,goal:0.03;steer:0.00
FB6E,2,glutamate,UNCHARACTERISED,3904,13939,0.083,hDeltaC,994,0.155,SMP504:58;SMP186:53;SLP396:47;LHPD2d1:35,0.001,OA-VPM3:4;PAM09:1;CB1316:1;LoVP82:1,,goal,goal:0.00;steer:0.00,goal:0.08;compass:0.00;steer:0.00
FB6F,2,glutamate,UNCHARACTERISED,3674,12466,0.011,hDeltaL,89,0.5,SMP161:136;SMP368:112;SMP249:91;CB2814:91,0.003,CB3076:3;SMP191:3;OA-VPM3:3;SMP519:2,,goal,goal:0.00,goal:0.09;steer:0.00
FB6G,2,glutamate,UNCHARACTERISED,3386,11612,0.01,hDeltaC,445,0.346,SMP352:125;SLP405_c:105;SLP405_b:99;SIP076:81,0.025,PAM10:84;SMP352:18;CB4125:15;SLP405_c:11,,,goal:0.00,goal:0.02
FB6H,2,unclear,UNCHARACTERISED,7195,6547,0.011,hDeltaC,250,0.373,SMP374:306;SMP095:196;SMP743:186;SMP188:156,0.035,SMP188:19;CB1897:11;SMP535:9;OA-VPM3:7,,goal,goal:0.00,goal:0.04;steer:0.00
FB6I,2,glutamate,UNCHARACTERISED,3647,12780,0.005,FB6H,160,0.472,SMP215:397;SLP281:191;SMP352:116;SMP186:113,0.03,OA-VPM3:60;SMP034:38;SMP299:29;CB2539:24,,goal,goal:0.00,goal:0.03
FB6J,5,glutamate,UNCHARACTERISED,4965,4633,0.002,hDeltaL,1061,0.002,OA-VPM3:5;SMP143:1;SIP086:1;CRE078:1,0.001,IPC:1;SMP404:1;OA-VPM3:1;IB038:1,,,goal:0.00,goal:0.01;steer:0.00
FB6K,4,glutamate,UNCHARACTERISED,5448,7224,0.002,hDeltaL,372,0.222,SMP347:98;SIP076:45;SLP112:43;LHPV5g2:35,0.003,OA-VPM3:13;FS3:2;SMP142:1;PRW028:1,,,goal:0.01;velocity:0.00;steer:0.00,goal:0.02;steer:0.00;velocity:0.00;compass:0.00
FB6L,3,unclear,UNCHARACTERISED,2270,954,0.0,hDeltaG,202,0.006,OA-VPM3:13;CL235:1,0.002,PAM09:1;OA-VPM3:1,,,goal:0.00,goal:0.02
FB6M,4,glutamate,UNCHARACTERISED,6576,13973,0.003,ExR3,278,0.545,SIP064:213;LAL166:163;PLP101:158;WED006:141,0.133,SIP064:372;SMP374:331;CB2846:78;LHPV10d1:67,,,goal:0.00;rings:0.00,goal:0.00;steer:0.00;rings:0.00
FB6N,2,glutamate,UNCHARACTERISED,2982,6041,0.002,vDeltaE,570,0.235,CRE107:80;SMP184:54;SMP011_b:53;SMP504:44,0.015,OA-VPM3:12;SMP448:4;SIP029:4;SMP504:4,,,goal:0.00;compass:0.00,goal:0.01;steer:0.00;compass:0.00
FB6O,2,glutamate,UNCHARACTERISED,3347,5436,0.002,vDeltaD,521,0.137,LHPV5g2:63;SMP011_b:43;SMP504:36;SMP026:31,0.014,SIP029:5;SIP076:5;OA-VPM3:2;CB3441:2,,,goal:0.00;compass:0.00,goal:0.01;steer:0.00;rings:0.00
FB6P,2,glutamate,UNCHARACTERISED,2698,4232,0.0,hDeltaC,504,0.129,SMP566:27;SMP371_b:23;oviIN:16;MBON22:15,0.004,OA-VPM3:9;APL:2;SMP371_b:1;SMP562:1,,,goal:0.02;compass:0.00,goal:0.01;steer:0.00
FB6Q,2,glutamate,UNCHARACTERISED,1730,3496,0.0,FB6E,59,0.543,CB4110:99;SMP504:49;SMP126:48;LHPD2d2:46,0.06,PPL105:34;PPL101:33;CB1897:17;CRE025:13,,,goal:0.01,goal:0.01
FB6R,4,glutamate,UNCHARACTERISED,2999,6316,0.0,FC2C,115,0.34,SMP133:83;SMP136:63;SMP377:57;CB1871:43,0.004,SIP066:4;OA-VPM3:3;FS3:1;MBON24:1,goal,goal,goal:0.04;steer:0.00,goal:0.14;steer:0.00
FB6S,8,glutamate,UNCHARACTERISED,4281,7423,0.008,FB6A_c,38,0.716,SIP076:326;SIP046:147;SMP399_b:110;SIP019:102,0.156,SMP034:63;SIP076:54;SMP507:48;SIP065:47,,,goal:0.00;compass:0.00,goal:0.01;steer:0.00
FB6T,4,glutamate,UNCHARACTERISED,3532,5309,0.006,FB6G,75,0.74,SMP504:180;SMP235:170;CB4110:130;CB2116:122,0.083,CB1897:75;PPL105:38;PPL101:37;SMP186:34,,,goal:0.00,goal:0.01;steer:0.00
FB6U,4,glutamate,UNCHARACTERISED,7168,14320,0.004,hDeltaL,165,0.263,SIP029:117;LHPD2d2:83;SIP065:75;CRE072:69,0.022,SIP029:19;SMP108:18;OA-VPM3:15;SMP457:10,,goal,goal:0.01;rings:0.00;compass:0.00,goal:0.07;steer:0.00
FB6V,2,glutamate,UNCHARACTERISED,4860,8712,0.0,hDeltaG,83,0.332,CRE072:174;CRE105:100;CRE025:83;SIP029:61,0.031,SMP108:21;OA-VPM3:19;SMP457:15;SMP147:15,,goal,goal:0.02;velocity:0.00;steer:0.00,goal:0.07;steer:0.00
FB6W,2,glutamate,UNCHARACTERISED,2935,6943,0.003,hDeltaG,97,0.241,SMP541:72;CRE025:66;SMP376:45;SMP178:35,0.012,OA-VPM3:29;oviIN:8;CRE025:3;ATL018:2,,goal,goal:0.01;velocity:0.00,goal:0.12;steer:0.00;rings:0.00
FB6X,2,glutamate,UNCHARACTERISED,2492,5548,0.001,FB5S,75,0.566,oviIN:118;CRE105:81;LAL137:65;CRE074:41,0.015,DNc02:5;PAM08:5;FB5V_b:5;oviIN:4,,,goal:0.01;velocity:0.00;compass:0.00,goal:0.01;compass:0.00;steer:0.00
FB6Y,2,glutamate,UNCHARACTERISED,1505,3376,0.0,hDeltaF,83,0.391,PLP122_a:58;SIP047:35;SMP240:34;SLP150:18,0.01,SMP240:3;SMP161:3;SMP355:3;SMP272:3,,goal,goal:0.02,goal:0.10;steer:0.00
FB6Z,2,glutamate,UNCHARACTERISED,3042,7148,0.013,hDeltaL,77,0.53,SLP281:248;SLP405_b:177;SMP186:135;SMP379:129,0.013,CB4125:24;CB1949:13;PRW060:12;SMP307:6,,goal,goal:0.00;steer:0.00,goal:0.08;steer:0.00
FB7A,6,glutamate,UNCHARACTERISED,7487,21364,0.123,FB7K,203,0.357,SLP405_a:585;SLP405_b:302;SMP352:215;SLP405_c:159,0.024,SMP299:66;PAM10:40;PAM09:33;CB2539:25,,,goal:0.00,goal:0.02
FB7B,2,unclear,UNCHARACTERISED,5168,5967,0.002,hDeltaE,565,0.361,SMP095:216;SMP505:193;CB4157:148;SMP183:141,0.031,FS3:21;SLP372:12;CB1897:12;SMP505:11,,goal,goal:0.00,goal:0.04;steer:0.00
FB7C,5,glutamate,UNCHARACTERISED,2904,6339,0.004,hDeltaF,92,0.23,SMP167:67;PLP122_a:32;SIP047:26;SLP230:19,0.028,FS3:19;SMP057:6;SMP505:6;SMP355:6,goal,goal,goal:0.03,goal:0.06
FB7D_a,4,glutamate,UNCHARACTERISED,4044,3578,0.002,hDeltaL,628,0.002,IB038:3;OA-VPM3:2;FS3:2;AVLP103:1,0.005,pC1_18a:5;SMP519:4;AVLP103:4;VES053:1,,,goal:0.00,goal:0.00
FB7D_b,4,glutamate,UNCHARACTERISED,3294,2926,0.002,hDeltaL,774,0.001,FS3:1;OA-VPM3:1,0.0,SIP086:1,,,goal:0.00,goal:0.00;steer:0.00
FB7E,6,glutamate,UNCHARACTERISED,6610,12964,0.006,FB7J,278,0.494,ATL004:205;oviIN:205;SIP065:180;CRE074:130,0.019,CRE093:20;DNp48:12;SMP181:9;SMP269:8,,,goal:0.01;compass:0.00,goal:0.01;compass:0.00;rings:0.00;steer:0.00
FB7F,4,glutamate,UNCHARACTERISED,2578,4425,0.001,hDeltaE,59,0.772,SIP076:196;SMP034:192;SLP376:118;SLP440:88,0.167,SMP034:271;CB2539:35;SIP076:27;SMP269:22,,,,goal:0.01
FB7G,4,glutamate,UNCHARACTERISED,4862,10842,0.004,hDeltaE,385,0.239,SMP743:135;SMP304:50;SMP235:42;CB0993:42,0.02,SMP108:31;FS3:13;5-HTPMPD01:9;SMP086:7,,goal,goal:0.00;rings:0.00,goal:0.07;compass:0.00
FB7H,2,glutamate,UNCHARACTERISED,3075,4211,0.003,vDeltaC,543,0.052,SLP405_a:20;SMP167:18;CB4023:17;SMP430:14,0.002,SMP186:1;FS3:1;SLP405_a:1;CB3005:1,,,compass:0.00;goal:0.00;rings:0.00,goal:0.01
FB7I,5,glutamate,UNCHARACTERISED,7682,16045,0.009,hDeltaE,245,0.216,SIP029:121;SMP535:88;SMP743:86;LHPD2d2:66,0.016,SMP108:26;SIP029:20;SMP457:13;SMP034:10,,goal,goal:0.00,goal:0.07;steer:0.00
FB7J,4,glutamate,UNCHARACTERISED,5941,5651,0.001,hDeltaE,993,0.001,FS3:3;CL131:1;SIP086:1;IPC:1,0.0,,,,goal:0.00,goal:0.00
FB7K,4,glutamate,UNCHARACTERISED,3293,9911,0.06,FB7A,203,0.353,LHPV6f3_b:170;SMP352:84;CB3050:76;CB4139:67,0.006,SMP505:6;LHPV5e2:5;CSD:3;LHPV6f3_b:3,,,,goal:0.01
FB7L,6,glutamate,UNCHARACTERISED,8020,20820,0.007,vDeltaC,256,0.41,BiT:184;SMP505:181;AstA1:160;SMP379:156,0.007,FS3:76;IPC:45;CB2310:3;LHPV5c1:3,,goal,goal:0.00;compass:0.00;steer:0.00,goal:0.06;compass:0.00;steer:0.00
FB7M,2,glutamate,UNCHARACTERISED,1182,2400,0.0,hDeltaD,140,0.193,SMP167:30;CB3050:8;SMP430:8;CB4023:8,0.038,FS3:10;ATL024:8;SMP505:7;CB1897:4,,,goal:0.00,goal:0.02;steer:0.00
FB8A,2,glutamate,UNCHARACTERISED,1410,3777,0.001,vDeltaA_a,241,0.456,CB4107:87;LHPV5a3:72;CB1617:58;LHPV5e2:46,0.003,FS3:6;IPC:2;SIP029:1;FB9B_b:1,,,,goal:0.02
FB8B,4,glutamate,UNCHARACTERISED,4422,7481,0.019,hDeltaD,547,0.362,MeVP39:307;DNpe053:251;AVLP594:180;aMe8:123,0.023,IPC:96;CL086_e:13;FS3:10;CL086_a:9,,,,goal:0.00
FB8C,4,glutamate,UNCHARACTERISED,4829,5815,0.004,hDeltaD,1382,0.288,DNpe053:186;SMP169:96;AVLP594:83;SMP083:59,0.032,SMP505:20;SMP368:12;PRW037:11;IPC:8,,,,goal:0.00
FB8D,2,glutamate,UNCHARACTERISED,971,1654,0.0,hDeltaD,117,0.33,SLP398:20;SMP167:19;FB9B_a:19;SLP164:16,0.034,SLP405_a:4;SLP268:4;CB1608:3;FS3:3,,,goal:0.00,goal:0.01;steer:0.00
FB8E,5,glutamate,UNCHARACTERISED,2679,7377,0.018,vDeltaA_a,544,0.341,BiT:117;FB9B_b:105;SLP268:101;SLP347:92,0.027,FB9B_b:132;FS3:7;SMP306:6;SMP167:5,,,compass:0.00,goal:0.00
FB8F_a,7,glutamate,UNCHARACTERISED,4821,8373,0.005,FB6G,128,0.705,SLP024:254;SLP441:204;SLP405_c:134;CB1073:100,0.115,SMP034:243;PPL105:174;CB0024:63;SMP352:60,,,,goal:0.00
FB8F_b,9,glutamate,UNCHARACTERISED,6040,8674,0.003,FB7A,87,0.74,SLP405_a:321;LHAD1d1:154;SLP024:151;SLP149:144,0.07,PPL105:80;CB4137:49;CB1081:39;SMP034:28,,,goal:0.00,goal:0.00
FB8G,6,glutamate,UNCHARACTERISED,5925,15114,0.004,hDeltaD,223,0.244,SMP505:188;SMP095:155;SMP379:114;BiT:85,0.014,SMP302:16;CB4125:16;SMP306:15;SIP029:9,,,goal:0.00;steer:0.00,goal:0.01;steer:0.01
FB8H,6,glutamate,UNCHARACTERISED,4482,15929,0.024,vDeltaA_a,153,0.561,CB1617:236;CB4022:197;CB4023:157;LHPV5a3:151,0.006,FS3:20;SLP414:9;FB9B_b:6;SMP187:5,,goal,compass:0.00;steer:0.00,goal:0.05
FB8I,6,glutamate,UNCHARACTERISED,5323,8654,0.003,FB8B,92,0.558,SMP095:331;ATL004:234;SMP743:142;SMP082:134,0.051,SLP405_a:66;SMP095:30;CB4125:21;CB4137:20,,,goal:0.00;compass:0.00,goal:0.00
FB9A,6,glutamate,UNCHARACTERISED,2717,4095,0.004,vDeltaA_a,509,0.536,SLP315:91;CB1685:90;CB1838:81;CB4087:78,0.035,FB9B_b:39;FB9B_d:16;FB9B_a:9;SLP414:8,,,,goal:0.00
FB9C,8,glutamate,UNCHARACTERISED,2520,5098,0.033,vDeltaA_a,218,0.561,FB9B_b:109;CB2208:88;CB3055:70;CB4087:64,0.106,FB9B_b:189;SLP414:34;CB4133:33;SMP201:24,,,,goal:0.00;steer:0.00
FC,3,acetylcholine,UNCHARACTERISED,1752,2605,0.003,FB3C,18,0.027,oviIN:10;FB5V_b:8;SMP089:6;SMP081:5,0.197,oviIN:92;SMP376:32;SIP067:27;SMP081:25,"goal,velocity",,goal:0.04;velocity:0.03;steer:0.00,steer:0.00;velocity:0.00;goal:0.00;compass:0.00
FC1A,17,acetylcholine,UNCHARACTERISED,10899,20000,0.014,FB2D,966,0.006,OA-VPM3:42;SMP376:3;SMP457:3;ATL009:2,0.014,OA-VPM3:92;SMP457:45;ATL018:19;ATL017:19,velocity,,velocity:0.27;goal:0.00;steer:0.00;compass:0.00,velocity:0.00;goal:0.00;steer:0.00;compass:0.00
FC1B,22,acetylcholine,UNCHARACTERISED,14246,20981,0.011,FB2B_a,1269,0.007,OA-VPM3:69;SMP371_b:8;SMP371_a:6;SMP457:4,0.007,OA-VPM3:85;SMP457:18;ATL017:15;ATL018:9,velocity,,velocity:0.29;goal:0.00;compass:0.00,velocity:0.00;goal:0.00;steer:0.00;compass:0.00
FC1C_a,12,acetylcholine,UNCHARACTERISED,5954,9243,0.017,FB2B_b,132,0.01,OA-VPM3:19;SMP376:7;FB5V_b:7;PAM09:4,0.154,SMP151:129;SMP376:109;PLP042_a:104;CB2846:78,,,velocity:0.01;goal:0.00;compass:0.00,rings:0.00;goal:0.00;velocity:0.00;compass:0.00;steer:0.00
FC1C_b,17,acetylcholine,UNCHARACTERISED,8512,13454,0.02,FB2B_b,287,0.007,OA-VPM3:14;FB5V_b:7;PAM09:6;AstA1:3,0.116,PLP042_a:157;PLP042_b:150;SMP151:142;SMP376:140,,,velocity:0.01;goal:0.00;compass:0.00,rings:0.00;goal:0.00;velocity:0.00;compass:0.00;steer:0.00
FC1D,25,acetylcholine,UNCHARACTERISED,11476,22718,0.027,FB2D,1994,0.004,OA-VPM3:17;PAM09:4;SMP142:4;SMP183:3,0.02,PLP042_b:60;LAL075:38;OA-VPM3:31;CB2846:30,velocity,,velocity:0.18;goal:0.00;compass:0.00,goal:0.01;velocity:0.00;steer:0.00;compass:0.00;rings:0.00
FC1E,22,acetylcholine,UNCHARACTERISED,9463,17846,0.022,FB2D,630,0.005,OA-VPM3:20;SMP153_a:3;SMP142:3;SMP376:3,0.055,PLP042_b:228;SMP376:83;CB2846:83;PLP042_a:70,velocity,,velocity:0.09;goal:0.01;compass:0.00,goal:0.01;velocity:0.00;rings:0.00;steer:0.00;compass:0.00
FC1F,15,acetylcholine,UNCHARACTERISED,9625,13792,0.006,FB2B_a,844,0.007,OA-VPM3:51;FB5V_b:7;SMP371_a:5;SMP712m:2,0.006,OA-VPM3:67;ATL018:4;FS3:2;MBON33:2,velocity,,velocity:0.27;goal:0.00,velocity:0.00;goal:0.00;steer:0.00;compass:0.00
FC2A,18,acetylcholine,goal (Mussells Pires 2024),32155,32113,0.015,FB5X,1179,0.017,CB1128:117;CRE107:76;mALD1:76;OA-VPM3:43,0.032,SMP376:163;PLP042_c:105;PLP042_a:87;CRE102:66,,steer,goal:0.02;velocity:0.02;steer:0.00;compass:0.00,steer:0.11;goal:0.02;velocity:0.00;compass:0.00;rings:0.00
FC2B,27,acetylcholine,goal,42364,45704,0.006,FB5A,2810,0.022,LAL076:207;oviIN:183;OA-VPM3:118;SMP712m:75,0.066,oviIN:631;SMP155:277;LAL022:245;SMP153_a:185,,steer,velocity:0.02;goal:0.01;compass:0.00;steer:0.00,steer:0.08;goal:0.01;velocity:0.00;compass:0.00
FC2C,47,acetylcholine,goal,47523,56385,0.013,FB5A,2889,0.025,LAL076:473;oviIN:418;SMP081:52;OA-VPM3:46,0.074,oviIN:682;AOTU042:394;LAL022:380;ATL027:303,,steer,goal:0.02;velocity:0.01;compass:0.00;steer:0.00,steer:0.08;goal:0.02;velocity:0.00;compass:0.00
FC3_a,17,acetylcholine,PFNa readout (Ishida 2026),10351,22447,0.005,FB3C,567,0.034,FB5V_b:205;OA-VPM3:122;SMP371_a:7;SMP371_b:7,0.005,OA-VPM3:86;FB5V_b:7;ATL017:3;ATL018:2,velocity,,velocity:0.06;goal:0.01;compass:0.00;rings:0.00;steer:0.00,goal:0.01;velocity:0.00;steer:0.00;compass:0.00
FC3_b,20,acetylcholine,as FC3_a,10346,24021,0.017,FB3C,270,0.04,FB5V_b:251;OA-VPM3:126;SMP371_a:7;SMP371_b:6,0.008,OA-VPM3:121;ATL017:9;CRE105:9;SMP457:7,velocity,,velocity:0.10;goal:0.01;compass:0.00;steer:0.00;rings:0.00,goal:0.01;velocity:0.00;steer:0.00;compass:0.00
FC3_c,15,acetylcholine,as FC3_a,9745,18562,0.003,FB3C,473,0.019,OA-VPM3:113;FB5V_b:60;SMP371_b:4;CRE071:1,0.006,OA-VPM3:112;FB5V_b:4;DNc02:1,velocity,,velocity:0.13;goal:0.00;compass:0.00;steer:0.00,goal:0.01;velocity:0.00;steer:0.00;compass:0.00
FR1,18,acetylcholine,UNCHARACTERISED,28741,22672,0.302,FB5H,93,0.008,OA-VPM3:63;CRE107:56;CRE025:18;PPL102:14,0.155,MBON30:809;CRE105:778;SMP457:350;PPL102:267,velocity,,velocity:0.12;goal:0.00;compass:0.00;steer:0.00,goal:0.00;compass:0.00;velocity:0.00
FR2,18,acetylcholine,UNCHARACTERISED,5362,14516,0.014,FB2D,63,0.043,FB5V_b:94;CRE107:15;OA-VPM3:15;SMP384:11,0.189,CRE051:386;SMP448:376;PPL107:222;CRE054:134,,,goal:0.01;velocity:0.01;compass:0.00;steer:0.00,goal:0.00;rings:0.00;steer:0.00;compass:0.00;velocity:0.00
FS1A_a,16,acetylcholine,UNCHARACTERISED,8138,16110,0.028,FB5Q,139,0.035,SMP371_b:60;SMP371_a:44;SMP542:29;OA-VPM3:27,0.201,oviIN:780;CRE040:242;CRE093:211;SMP386:157,goal,,goal:0.15;velocity:0.03;compass:0.00;steer:0.00;rings:0.00,goal:0.00;compass:0.00;velocity:0.00;steer:0.00
FS1A_b,13,acetylcholine,UNCHARACTERISED,7593,10148,0.016,FB5Q,138,0.047,SMP371_b:117;SMP371_a:51;OA-VPM3:39;SMP189:23,0.24,oviIN:633;LAL022:148;SMP081:133;CRE040:124,goal,,goal:0.14;velocity:0.01;steer:0.00,goal:0.01;steer:0.00
FS1A_c,18,acetylcholine,UNCHARACTERISED,9753,14322,0.017,FS1A_b,134,0.072,SMP371_b:206;SMP371_a:142;OA-VPM3:41;GNG121:31,0.207,oviIN:598;LAL022:254;SMP081:142;LAL182:110,goal,,goal:0.16;compass:0.00;velocity:0.00;steer:0.00,goal:0.00;steer:0.00
FS1B_a,13,acetylcholine,UNCHARACTERISED,5953,15158,0.009,FS1A_c,60,0.067,SMP371_b:70;SMP371_a:39;OA-VPM3:29;DGI:26,0.154,SIP087:136;SIP029:126;LAL022:124;LAL182:111,goal,,goal:0.14;velocity:0.00,goal:0.00;steer:0.00;compass:0.00;velocity:0.00
FS1B_b,16,acetylcholine,UNCHARACTERISED,5295,18379,0.026,FS4C,54,0.046,M_lPNm13:33;DGI:32;OA-VPM3:18;SMP150:12,0.148,SMP166:252;SMP167:230;CL007:216;SMP242:153,goal,,goal:0.14;velocity:0.01;compass:0.00,goal:0.00
FS2,42,acetylcholine,UNCHARACTERISED,28869,27682,0.026,hDeltaG,321,0.01,OA-VPM3:75;SMP181:25;SMP408_d:19;FB5V_b:10,0.133,SMP457:509;DGI:268;SMP408_d:263;SMP010:235,velocity,,velocity:0.05;goal:0.01;compass:0.00;steer:0.00,velocity:0.00;goal:0.00;steer:0.00;rings:0.00;compass:0.00
FS3_a,15,acetylcholine,UNCHARACTERISED,6501,9909,0.01,hDeltaE,119,0.026,CB4134:37;CB0937:18;DGI:11;OA-VPM3:9,0.21,SMP408_d:202;DGI:161;SMP011_a:117;SMP589:94,velocity,,velocity:0.06;goal:0.02;steer:0.00;compass:0.00,goal:0.00;velocity:0.00;steer:0.00
FS3_b,14,acetylcholine,UNCHARACTERISED,4792,6533,0.015,FB7I,40,0.05,DGI:48;CB4134:38;CB0937:30;OA-VPM3:27,0.256,CB1897:259;SMP386:191;SMP565:83;SMP234:74,,,velocity:0.03;goal:0.02;rings:0.00;compass:0.00;steer:0.00,steer:0.00;goal:0.00
FS3_c,14,acetylcholine,UNCHARACTERISED,6109,7646,0.007,hDeltaE,82,0.03,CB0937:34;CB4134:33;OA-VPM3:13;SMP181:11,0.191,SMP408_d:118;DGI:114;SMP011_a:106;SMP234:66,velocity,,velocity:0.06;goal:0.02;compass:0.00,goal:0.00;steer:0.00;velocity:0.00
FS3_d,31,acetylcholine,UNCHARACTERISED,6629,9647,0.02,FS2,34,0.087,DGI:102;CB4134:101;SLP414:48;CB4133:30,0.27,CB1897:443;SMP560:156;CB2814:133;SMP337:125,velocity,,velocity:0.03;goal:0.02;compass:0.00,goal:0.00;steer:0.00
FS4A,57,acetylcholine,UNCHARACTERISED,14093,33540,0.05,FB1B,222,0.123,SLP414:439;CB2517:245;FB9B_d:181;PRW074:119,0.196,SMP297:1127;SMP505:945;SMP305:623;CB2814:513,velocity,,velocity:0.06;goal:0.01;compass:0.00,goal:0.00;steer:0.00;compass:0.00;velocity:0.00
FS4B,29,acetylcholine,UNCHARACTERISED,5122,16634,0.036,FS4C,130,0.105,SLP414:176;CB2517:76;FB9B_d:64;FB9B_b:33,0.17,SLP414:847;SMP167:378;CB4133:267;SMP497:253,,,goal:0.01;velocity:0.01;steer:0.00,compass:0.00;velocity:0.00
FS4C,28,acetylcholine,UNCHARACTERISED,6647,26116,0.035,FS4B,130,0.069,SLP414:158;CB2517:72;CB4133:30;SMP242:15,0.178,SLP414:860;SMP167:618;SMP497:398;CB4133:359,goal,,goal:0.07;velocity:0.03;compass:0.00,goal:0.00
GLNO,4,unclear,rotational velocity (Hulse 2023),9532,20072,0.042,PEN_a(PEN1),2397,0.432,PS196_b:1801;WED040_a:461;LAL139:345;LAL184:309,0.003,AN27X013:8;PVLP060:6;DNpe023:5;DNa13:4,compass,compass,compass:0.46;rings:0.01;velocity:0.00,compass:0.82;velocity:0.00;rings:0.00
IbSpsP,31,acetylcholine,UNCHARACTERISED,16888,48423,0.002,Delta7,675,0.585,GNG311:1913;OLVC5:831;SMP048:678;LAL190:432,0.006,OA-AL2i1:100;AN27X013:35;AN09A005:20;DNpe055:6,compass,"compass,velocity",compass:0.36;velocity:0.00,velocity:0.16;compass:0.07;steer:0.00
LCNOp,2,glutamate,UNCHARACTERISED,6616,8264,0.0,PFNp_a,1226,0.597,PVLP114:356;LAL153:330;LAL152:303;LAL043_a:277,0.017,OA-VPM3:30;AVLP705m:6;CRE004:5;LAL120_a:4,steer,,steer:0.09;velocity:0.00,velocity:0.02;compass:0.00;steer:0.00
LCNOpm,2,glutamate,UNCHARACTERISED,17544,18721,0.0,PFNp_b,2820,0.663,LAL112:806;SMP147:702;LAL050:573;SIP004:562,0.005,LAL207:5;LAL050:4;DNa03:3;CL248:3,velocity,velocity,velocity:0.03;rings:0.00,velocity:0.19
LNO1,4,gaba,PFNv velocity input,10957,17962,0.082,PFNv,2764,0.395,LAL157:664;LAL052:403;LAL176:251;LAL177:233,0.009,OA-VPM3:37;LAL165:4;LAL120_b:4;LAL152:3,velocity,velocity,velocity:0.29;rings:0.00;compass:0.00,velocity:0.39;compass:0.00;rings:0.00
LNO2,2,glutamate,PFNd velocity input (Lu 2022),19278,15189,0.0,PFNd,3542,0.658,LAL085:1224;PS196_a:550;LAL123:479;LAL203:458,0.009,OA-VPM3:27;DNpe023:7;LAL019:3;LAL153:3,velocity,velocity,velocity:0.19;compass:0.01;rings:0.00,velocity:0.63;compass:0.00
LNOa,2,glutamate,PFNa airflow input (Currier 2020),5127,11700,0.0,PFNa,2642,0.445,LAL156_b:781;LAL133_d:229;WED183:169;LAL133_c:167,0.001,WED011:2;PS099_a:1;LAL183:1;LAL051:1,velocity,velocity,velocity:0.52;rings:0.00;compass:0.00,velocity:0.74
LPsP,2,acetylcholine,UNCHARACTERISED,12540,33346,0.001,EPG,2088,0.277,PS196_b:942;PS291:649;PS197:561;OA-AL2i1:139,0.007,OA-AL2i1:142;AN09A005:14;AN27X013:10;LAL116:8,compass,compass,compass:0.63;velocity:0.00,compass:0.31;velocity:0.03;steer:0.03
P6-8P9,4,glutamate,UNCHARACTERISED,1514,6152,0.096,Delta7,336,0.013,OA-AL2i1:16;PS230:1;DNpe017:1;SIP136m:1,0.0,SIP136m:2;OA-AL2i1:1,"compass,velocity","compass,velocity",compass:0.74;velocity:0.05,compass:0.14;velocity:0.11;steer:0.00
PEG,18,acetylcholine,compass loop,20896,26179,0.026,ER6,3602,0.014,PS196_b:195;OA-AL2i1:34;LAL206:29;LAL184:5,0.022,LAL195:192;LAL184:86;PS196_b:76;LAL206:44,"compass,rings","compass,rings",compass:0.55;rings:0.20;velocity:0.00;steer:0.00;goal:0.00,rings:0.18;compass:0.15;steer:0.00;velocity:0.00;goal:0.00
PEN_a(PEN1),20,acetylcholine,compass rotation,43297,59893,0.126,EPG,6100,0.003,OA-AL2i1:50;AN27X013:26;OA-VPM3:11;DNc02:8,0.001,AN27X013:18;AN09A005:5;DNc02:3;OA-VPM3:2,"compass,rings","compass,rings",compass:0.37;rings:0.09;velocity:0.00,compass:0.39;rings:0.06;velocity:0.00;steer:0.00;goal:0.00
PEN_b(PEN2),22,acetylcholine,compass rotation,43095,53666,0.144,EPG,6230,0.001,OA-AL2i1:32;pC1x_b:4;SIP064:3;SMP493:3,0.0,FB5V_b:4;AN27X013:4;DNc02:3;SMP505:1,"compass,rings","compass,rings",compass:0.56;rings:0.08;velocity:0.00;goal:0.00,compass:0.36;rings:0.11;velocity:0.00;steer:0.00;goal:0.00
PFGs,18,unclear,recurrent memory candidate (Lanz 2025),32900,14497,0.003,hDeltaK,2846,0.013,OA-VPM3:342;PAM09:27;OA-AL2i1:14;AN27X013:9,0.005,OA-VPM3:44;AN27X013:4;OA-AL2i1:3;SIP076:2,"compass,velocity",,velocity:0.10;compass:0.07;goal:0.00;steer:0.00;rings:0.00,compass:0.01;velocity:0.01;goal:0.00;rings:0.00;steer:0.00
PFL1,14,acetylcholine,UNCHARACTERISED,15998,47973,0.03,FB2B_b,890,0.022,OA-VPM3:36;LAL047:29;WED035:16;SMP142:14,0.288,LAL047:4086;LAL048:3015;LAL087:2252;LAL086:939,"compass,velocity",,compass:0.33;velocity:0.04;steer:0.00;goal:0.00;rings:0.00,rings:0.00;steer:0.00;compass:0.00;velocity:0.00;goal:0.00
PFL2,12,acetylcholine,error-magnitude steering (Westeinde 2024),31957,44557,0.019,FB5A,614,0.033,VES041:467;OA-VPM3:140;OA-VUMa1:77;FB5V_b:57,0.289,DNa03:1571;LAL076:1346;LAL073:1190;LAL090:590,"compass,goal",,goal:0.14;compass:0.13;steer:0.02;velocity:0.00;rings:0.00,steer:0.01;compass:0.00;goal:0.00;rings:0.00
PFL3,24,acetylcholine,goal-heading steering,60811,99113,0.014,FB5A,806,0.028,VES041:705;OA-VPM3:125;FB5V_b:84;LC33:73,0.323,LAL121:2671;AOTU042:2287;AOTU019:1996;VES054:1536,"compass,goal",,goal:0.13;compass:0.11;steer:0.01;velocity:0.00;rings:0.00,steer:0.01;goal:0.00;compass:0.00;rings:0.00;velocity:0.00
PFNa,58,acetylcholine,airflow vector (Currier 2020; Ishida 2026),38884,64914,0.375,LNOa,2642,0.001,OA-AL2i1:20;OA-VPM3:13;AN27X013:7;pC1x_b:6,0.0,OA-VPM3:6;AN27X013:4,"compass,velocity",velocity,velocity:0.39;compass:0.21;goal:0.00,velocity:0.23;goal:0.00;steer:0.00;compass:0.00
PFNd,40,acetylcholine,forward velocity vector (Lu/Lyu 2022; May 2025),48768,63755,0.166,FB3A,4020,0.006,OA-VPM3:226;OA-AL2i1:48;pC1x_b:5;VES046:4,0.002,OA-VPM3:130;SMP543:2;VES078:1,"compass,velocity",velocity,velocity:0.18;compass:0.14;goal:0.00,velocity:0.44;compass:0.00;goal:0.00;steer:0.00
PFNm_a,21,acetylcholine,UNCHARACTERISED,11267,17814,0.125,PFNp_b,1389,0.001,OA-VPM3:6;AN27X013:3;OA-AL2i1:3;FS3:1,0.001,FS3:12;OA-VPM3:2;CL248:1,"compass,velocity","goal,velocity",velocity:0.16;compass:0.09;goal:0.00,goal:0.06;velocity:0.05;steer:0.00;compass:0.00
PFNm_b,26,acetylcholine,UNCHARACTERISED,12568,23589,0.178,PFNm_a,1320,0.002,OA-VPM3:9;pC1x_b:5;PS143:4;OA-AL2i1:2,0.001,FS3:24;CL248:5;DNc02:1;CRE076:1,"compass,velocity",goal,compass:0.09;velocity:0.08;goal:0.00,goal:0.04;velocity:0.02;compass:0.00;steer:0.00
PFNp_a,64,acetylcholine,UNCHARACTERISED,13274,27320,0.148,LCNOp,1226,0.005,OA-VPM3:49;pC1_7a:5;OA-AL2i1:4;CB1227:1,0.001,OA-VPM3:11;AN27X013:1;WED097:1;DNc02:1,"compass,velocity","steer,velocity",compass:0.14;velocity:0.06;goal:0.00;steer:0.00,steer:0.11;velocity:0.06;goal:0.01;compass:0.00
PFNp_b,136,acetylcholine,UNCHARACTERISED,25985,41362,0.153,LCNOpm,2820,0.003,OA-VPM3:40;OA-AL2i1:6;AN27X013:5;VES046:2,0.001,OA-VPM3:13;AN27X013:8;SMP329:2;CL248:2,"compass,velocity","goal,velocity",velocity:0.12;compass:0.10;goal:0.00;steer:0.00,goal:0.07;velocity:0.06;steer:0.02;compass:0.00
PFNp_c,40,acetylcholine,airspeed (May 2025),18299,31114,0.154,PFNp_b,2218,0.003,OA-VPM3:23;PS143:9;OA-AL2i1:9;CB1330:4,0.0,FS3:2;DNc01:1,"compass,velocity","goal,velocity",velocity:0.16;compass:0.12;goal:0.00;steer:0.00,velocity:0.09;goal:0.05;steer:0.00;compass:0.00
PFNp_d,28,acetylcholine,UNCHARACTERISED,4503,6800,0.018,PFNp_b,205,0.004,OA-VPM3:9;AN27X013:3;AN27X024:2;CB2869:1,0.001,DNc02:4;AN27X013:2;IPC:1,"compass,velocity","goal,steer",velocity:0.11;compass:0.06;goal:0.00,steer:0.11;goal:0.06;velocity:0.01;compass:0.00
PFNp_e,23,acetylcholine,UNCHARACTERISED,7183,13457,0.073,PFNp_a,952,0.005,OA-VPM3:24;CL239:2;SMP509:2;AN27X013:2,0.0,OA-VPM3:2,"compass,velocity","steer,velocity",compass:0.14;velocity:0.08;goal:0.00,velocity:0.12;steer:0.05;goal:0.01;compass:0.00
PFNv,20,acetylcholine,backward velocity vector,20680,40311,0.438,LNO1,2764,0.017,OA-VPM3:321;PS143:23;OA-AL2i1:7;AN27X013:5,0.002,OA-VPM3:74;pC1_18b:4;AN09A005:1;AN27X013:1,"compass,velocity",velocity,velocity:0.44;compass:0.13;goal:0.00,velocity:0.36;compass:0.01;goal:0.00;steer:0.00
PFR_a,28,unclear,walking direction / drift (Flores-Valle 2025); distance memory (D Atri 2025),42484,27145,0.009,hDeltaA,2195,0.032,OA-VPM3:427;FB5V_b:407;OA-VUMa1:153;LHPV5e3:69,0.027,FB5V_b:181;OA-VPM3:157;LAL002:92;OA-VUMa1:20,"compass,velocity",velocity,velocity:0.24;compass:0.03;goal:0.00;steer:0.00;rings:0.00,velocity:0.04;goal:0.02;steer:0.01;compass:0.01;rings:0.00
PFR_b,16,acetylcholine,as PFR_a,25874,40869,0.067,PFR_a,579,0.057,LAL002:640;FB5V_b:334;CRE004:208;OA-VPM3:64,0.191,LAL002:2699;LAL147_a:637;CRE048:519;CRE009:406,"compass,velocity",,velocity:0.23;compass:0.07;goal:0.00;steer:0.00,compass:0.01;velocity:0.00;goal:0.00;steer:0.00
SA1_a,3,glutamate,UNCHARACTERISED,1706,2110,0.012,FS4A,110,0.495,SLP173:108;SLP300:83;CB1178:74;CB1595:70,0.0,LHPV5a3:1,,,compass:0.02,goal:0.00
SA1_b,5,glutamate,UNCHARACTERISED,1921,3525,0.023,vDeltaA_a,159,0.488,CB1595:141;SLP300:104;CB1178:64;CB3075:45,0.006,CB2992:2;CB1685:2;CB1178:2;CB2955:1,,,compass:0.00,steer:0.00
SA1_c,1,glutamate,UNCHARACTERISED,659,944,0.0,SA3,39,0.587,CB4129:50;CB1595:45;SLP300:37;CB1178:24,0.004,CB1352:1;CB4022:1;CB1595:1;SLP300:1,,,compass:0.01,steer:0.00
SA2_a,3,glutamate,UNCHARACTERISED,2195,2744,0.02,SA3,150,0.533,SLP300:116;CB1685:109;CB0103:105;CB1178:99,0.003,CB1685:1;CB4110:1;CB4122:1;SLP387:1,,,compass:0.02;velocity:0.00,
SA2_b,4,glutamate,UNCHARACTERISED,1845,3337,0.018,SAF,167,0.499,CB1178:142;CB1595:113;SLP300:103;CB4129:91,0.002,CB1391:2;CB4087:1;CB1685:1;CB4129:1,,,compass:0.00;steer:0.00,steer:0.00
SA2_c,2,glutamate,UNCHARACTERISED,1009,1527,0.007,vDeltaA_a,52,0.528,CB0103:88;SLP202:60;CB1685:47;SLP300:26,0.006,SLP414:2;LHPV6a9_b:1;CB3318:1;CB3293:1,,,compass:0.02,goal:0.00
SA3,8,glutamate,UNCHARACTERISED,3562,8657,0.036,vDeltaA_a,507,0.544,CB4087:286;CB2346:221;CB1178:191;CB4138:188,0.018,SLP347:10;FS3:10;FB9B_a:10;FB9B_d:6,,,compass:0.01;velocity:0.00,steer:0.00;goal:0.00;velocity:0.00;compass:0.00
SAF,8,glutamate,UNCHARACTERISED,2538,5577,0.009,vDeltaA_a,426,0.277,FB9B_a:107;FB9B_d:70;ATL013:41;SLP405_a:37,0.005,IPC:4;SLP398:2;FB9B_d:2;FB9B_b:2,,,compass:0.00;rings:0.00,goal:0.00;compass:0.00;velocity:0.00
SpsP,4,glutamate,PFNd velocity input (Lu 2022),3580,13803,0.005,Delta7,105,0.921,PS263:541;PS326:431;WED024:228;WED128:211,0.002,Nod2:2;AN09A005:2;LAL203:1;CB2366:1,compass,velocity,compass:0.03;velocity:0.00,velocity:0.17;compass:0.01;steer:0.00
hDeltaA,12,acetylcholine,UNCHARACTERISED,50360,43585,0.006,PFR_a,2195,0.019,FB5V_b:810;OA-VPM3:124;VP2+_adPN:11;CL360:2,0.001,OA-VPM3:31;FB5V_b:19;SMP493:1,velocity,steer,velocity:0.08;goal:0.00;steer:0.00;compass:0.00,steer:0.12;goal:0.00;velocity:0.00;compass:0.00
hDeltaB,19,acetylcholine,travel direction (Lu/Lyu 2022),46924,100030,0.019,FB4B,2835,0.014,OA-VPM3:646;FB5V_b:3;DNp101:2;AN09A005:1,0.001,OA-VPM3:71;FS3:8;FB5V_b:5;MeVC2:1,velocity,,velocity:0.54;goal:0.00;compass:0.00;steer:0.00,velocity:0.01;goal:0.00;compass:0.00;steer:0.00
hDeltaC,20,acetylcholine,wind/odor context (Matheson 2022),44208,32806,0.008,FB5I,1686,0.009,OA-VPM3:353;PAM09:13;FB5V_b:6;LHPV10d1:2,0.001,OA-VPM3:43;SIP064:2;LHPV10d1:1;FS3:1,velocity,goal,velocity:0.07;goal:0.01;compass:0.00;steer:0.00,goal:0.10;steer:0.00;velocity:0.00;compass:0.00
hDeltaD,8,acetylcholine,UNCHARACTERISED,21258,32075,0.008,FB8C,1382,0.064,FB9B_d:506;FB9B_b:430;FB9B_a:166;FB9B_c:128,0.005,FS3:86;IPC:52;FB9B_b:10;DNc02:5,,goal,velocity:0.00;goal:0.00;compass:0.00;steer:0.00,goal:0.04;velocity:0.00
hDeltaE,8,acetylcholine,UNCHARACTERISED,30389,30323,0.016,FB7J,993,0.005,FB9B_b:86;FB9B_d:33;FS3:7;IPC:6,0.003,FS3:51;IPC:26;DNc02:2,,goal,goal:0.00;velocity:0.00;compass:0.00,goal:0.07;compass:0.00;steer:0.00
hDeltaF,8,acetylcholine,UNCHARACTERISED,35910,30351,0.013,hDeltaC,971,0.0,OA-VPM3:14;FS3:1;FB9B_e:1;DNc02:1,0.001,FS3:19;OA-VPM3:7;DNc02:3;AN27X013:2,,goal,velocity:0.00;goal:0.00;steer:0.00;compass:0.00,goal:0.08;steer:0.00
hDeltaG,8,acetylcholine,UNCHARACTERISED,28991,32378,0.012,FB5S,1796,0.004,OA-VPM3:113;FB5V_b:2;FB9B_b:1;AN27X013:1,0.001,OA-VPM3:19;FS3:3;SMP546:1,velocity,goal,velocity:0.03;goal:0.01;steer:0.00;compass:0.00,goal:0.10;steer:0.02;velocity:0.00;compass:0.00
hDeltaH,8,acetylcholine,UNCHARACTERISED,29199,31518,0.006,FB5U,1399,0.013,OA-VPM3:361;FB5V_b:6;DNp101:1,0.0,OA-VPM3:12;VES053:1;CL111:1;SIP064:1,velocity,"goal,steer",velocity:0.04;goal:0.01;steer:0.00;compass:0.00,goal:0.09;steer:0.06;velocity:0.00;compass:0.00
hDeltaI,17,acetylcholine,UNCHARACTERISED,36955,31654,0.015,FB4E_a,933,0.019,FB5V_b:609;OA-VPM3:72;PAM09:1;FS3:1,0.002,FB5V_b:57;OA-VPM3:19;PAM09:1,velocity,steer,velocity:0.10;goal:0.00;compass:0.00;steer:0.00,steer:0.17;goal:0.00;velocity:0.00;compass:0.00
hDeltaJ,31,acetylcholine,UNCHARACTERISED,37986,36743,0.012,FB4X,1651,0.012,OA-VPM3:377;FB5V_b:73;PAM09:10;LHPV10d1:2,0.002,OA-VPM3:64,velocity,goal,velocity:0.23;goal:0.01;compass:0.00;steer:0.00,goal:0.16;velocity:0.01;steer:0.00;compass:0.00
hDeltaK,31,acetylcholine,odor working memory (Kathman 2026; Lanz 2025),26794,10429,0.014,PFGs,2846,0.01,OA-VPM3:146;FB5V_b:95;PAM09:14;TuBu10:4,0.001,OA-VPM3:7;LAL194:1;PPM1201:1;VES047:1,"compass,velocity",,velocity:0.18;compass:0.07;goal:0.00;rings:0.00;steer:0.00,velocity:0.00;goal:0.00;compass:0.00;steer:0.00
hDeltaL,11,acetylcholine,UNCHARACTERISED,36765,38147,0.011,FB6J,1061,0.001,OA-VPM3:40;FS3:2;SMP492:1;VES056:1,0.0,AN27X013:5;FS3:3;OA-VPM3:2;PPM1201:1,,goal,velocity:0.01;goal:0.00;compass:0.00,goal:0.10;steer:0.00;compass:0.00;velocity:0.00
hDeltaM,8,acetylcholine,UNCHARACTERISED,25294,27689,0.019,FC2B,958,0.011,OA-VPM3:255;PAM09:12;FB5V_b:5;FS3:2,0.003,OA-VPM3:73;FS3:6;VES051:4;FB5V_b:3,goal,"goal,steer",goal:0.09;velocity:0.01;steer:0.00;compass:0.00;rings:0.00,steer:0.14;goal:0.05;velocity:0.00;rings:0.00;compass:0.00
vDeltaA_a,70,acetylcholine,UNCHARACTERISED,15467,23444,0.211,hDeltaD,630,0.055,FB9B_d:408;FB9B_a:279;FB9B_c:62;FB9B_e:39,0.038,FB9B_b:364;FB9B_d:180;FB9B_a:120;FB9B_c:89,,,compass:0.00;velocity:0.00;goal:0.00,goal:0.00;steer:0.00;compass:0.00;velocity:0.00;rings:0.00
vDeltaA_b,31,acetylcholine,UNCHARACTERISED,5903,11882,0.066,hDeltaD,786,0.021,FB9B_d:49;FB9B_a:25;PS143:14;FB9B_c:11,0.011,IPC:103;FB9B_d:13;FB9B_a:5;FB9B_b:4,,,velocity:0.00;compass:0.00;goal:0.00;steer:0.00,goal:0.00;velocity:0.00
vDeltaB,31,acetylcholine,UNCHARACTERISED,9886,14181,0.05,FB1I,668,0.001,OA-VPM3:7;CL231:2;IB033:1;AN27X013:1,0.003,IPC:28;FS3:7;PAM09:1,,,velocity:0.01;goal:0.00;compass:0.00,goal:0.01
vDeltaC,27,acetylcholine,UNCHARACTERISED,14459,13194,0.024,FB7H,543,0.001,OA-VPM3:6;AN27X013:3;CL238:2;IB033:1,0.0,IPC:4;AN27X013:1,,,velocity:0.01;goal:0.00;compass:0.00,goal:0.01;velocity:0.00
vDeltaD,21,acetylcholine,UNCHARACTERISED,14441,12175,0.006,hDeltaL,844,0.003,OA-VPM3:32;CB2869:2;PAM09:2;pC1_5b:1,0.001,OA-VPM3:8,velocity,,velocity:0.03;goal:0.00;compass:0.00,goal:0.02;compass:0.00
vDeltaE,18,acetylcholine,UNCHARACTERISED,14583,12466,0.007,hDeltaG,653,0.005,OA-VPM3:67;CL239:3;IB033:1,0.003,OA-VPM3:30;DNc02:1;AN27X013:1,velocity,goal,velocity:0.05;goal:0.00;compass:0.00;steer:0.00,goal:0.04;steer:0.00;velocity:0.00
vDeltaF,18,acetylcholine,UNCHARACTERISED,14801,13741,0.005,FB5L,641,0.007,OA-VPM3:107;pC1_6a:1;CB1853:1;AN09A005:1,0.003,OA-VPM3:40;PAM09:1,,goal,velocity:0.03;goal:0.01;compass:0.00;steer:0.00,goal:0.07;steer:0.00;velocity:0.00
vDeltaG,18,acetylcholine,UNCHARACTERISED,13403,13905,0.007,FB5K,704,0.008,OA-VPM3:98;FS3:2;CB2869:2;CL239:1,0.004,OA-VPM3:45;FB5V_b:2;IPC:1;PS153:1,,goal,velocity:0.03;goal:0.01;compass:0.00;steer:0.00,goal:0.11;steer:0.01;velocity:0.00
vDeltaH,9,acetylcholine,UNCHARACTERISED,6399,6187,0.008,FB5H,316,0.011,OA-VPM3:64;CB2152:2;pC1_5b:1;CL231:1,0.002,OA-VPM3:14,,goal,velocity:0.02;goal:0.01;compass:0.00;steer:0.00,goal:0.13;steer:0.01;compass:0.00
vDeltaI_a,17,acetylcholine,UNCHARACTERISED,11857,11654,0.06,vDeltaI_b,628,0.006,OA-VPM3:69;CL239:5;CL238:1;CB2869:1,0.002,OA-VPM3:15;SMP523:2;PAM09:1,,goal,velocity:0.03;goal:0.00;steer:0.00;compass:0.00,goal:0.12;steer:0.00;velocity:0.00
vDeltaI_b,20,acetylcholine,UNCHARACTERISED,11269,8724,0.074,vDeltaI_a,628,0.011,OA-VPM3:122;CB2869:1;FB5V_b:1;CB1330:1,0.002,OA-VPM3:18;FB5V_b:1;SMP330:1,velocity,goal,velocity:0.03;goal:0.01;compass:0.00;steer:0.00,goal:0.05;steer:0.02;velocity:0.00
vDeltaJ,11,acetylcholine,UNCHARACTERISED,5309,4200,0.005,FB4Y,168,0.015,OA-VPM3:55;FB5V_b:20;pC1_5b:2,0.007,FB5V_b:21;OA-VPM3:7,,steer,velocity:0.03;goal:0.00;compass:0.00;steer:0.00,steer:0.09;goal:0.02;compass:0.00;velocity:0.00
vDeltaK,47,acetylcholine,UNCHARACTERISED,16542,14769,0.018,FB4H,859,0.007,OA-VPM3:50;FB5V_b:42;CL239:11;PS230:2,0.012,FB5V_b:165;OA-VPM3:6;DNc02:1;AOTU045:1,velocity,steer,velocity:0.04;compass:0.00;goal:0.00;steer:0.00,steer:0.08;goal:0.00;velocity:0.00;compass:0.00
vDeltaL,37,acetylcholine,UNCHARACTERISED,12341,9606,0.018,FB4H,621,0.003,OA-VPM3:22;FB5V_b:10;DNc02:2;CB1853:1,0.016,FB5V_b:151;OA-VPM3:4,velocity,,velocity:0.21;compass:0.01;goal:0.00;steer:0.00,steer:0.02;velocity:0.00;compass:0.00;goal:0.00
vDeltaM,55,acetylcholine,UNCHARACTERISED,13711,16071,0.011,FB4H,517,0.003,OA-VPM3:26;CB2869:4;pC1_7a:3;FB5V_b:3,0.014,FB5V_b:225;OA-VPM3:3;DNc02:1,velocity,,velocity:0.31;compass:0.00;goal:0.00;steer:0.00,steer:0.00;velocity:0.00;compass:0.00;goal:0.00
