type_pre,side_pre,type_post,offset_wedges,weight
PEN_b(PEN2),L,EPG,-5,43
PEN_b(PEN2),L,EPG,-4,432
PEN_b(PEN2),L,EPG,-3,1460
PEN_b(PEN2),L,EPG,-2,1681
PEN_b(PEN2),L,EPG,-1,511
PEN_b(PEN2),L,EPG,0,35
PEN_b(PEN2),L,EPG,1,8
PEN_b(PEN2),L,PEN_a(PEN1),-7,8
PEN_b(PEN2),L,PEN_a(PEN1),-6,104
PEN_b(PEN2),L,PEN_a(PEN1),-5,38
PEN_b(PEN2),L,PEN_a(PEN1),-4,139
PEN_b(PEN2),L,PEN_a(PEN1),-3,2
PEN_b(PEN2),L,PEN_a(PEN1),-2,109
PEN_b(PEN2),L,PEN_a(PEN1),0,196
PEN_b(PEN2),L,PEN_a(PEN1),2,108
PEN_b(PEN2),L,PEN_a(PEN1),4,127
PEN_b(PEN2),L,PEN_a(PEN1),6,100
PEN_b(PEN2),L,PEN_a(PEN1),8,142
PEN_b(PEN2),L,PEN_b(PEN2),-7,3
PEN_b(PEN2),L,PEN_b(PEN2),-6,242
PEN_b(PEN2),L,PEN_b(PEN2),-5,153
PEN_b(PEN2),L,PEN_b(PEN2),-4,380
PEN_b(PEN2),L,PEN_b(PEN2),-3,12
PEN_b(PEN2),L,PEN_b(PEN2),-2,199
PEN_b(PEN2),L,PEN_b(PEN2),0,198
PEN_b(PEN2),L,PEN_b(PEN2),2,225
PEN_b(PEN2),L,PEN_b(PEN2),4,399
PEN_b(PEN2),L,PEN_b(PEN2),6,217
PEN_b(PEN2),L,PEN_b(PEN2),8,379
PEN_b(PEN2),L,Delta7,-5,1
PEN_b(PEN2),L,Delta7,0,5
PEN_b(PEN2),L,Delta7,1,1
PEN_b(PEN2),L,Delta7,2,1
PEN_b(PEN2),L,Delta7,4,1
PEN_b(PEN2),L,PEG,-5,1
PEN_b(PEN2),L,PEG,-4,4
PEN_b(PEN2),L,PEG,-3,33
PEN_b(PEN2),L,PEG,-2,31
PEN_b(PEN2),L,PEG,-1,3
EPG,L,PEN_b(PEN2),-5,1
EPG,L,PEN_b(PEN2),-3,830
EPG,L,PEN_b(PEN2),-2,21
EPG,L,PEN_b(PEN2),-1,136
EPG,L,PEN_b(PEN2),0,680
EPG,L,PEN_b(PEN2),2,830
EPG,L,PEN_b(PEN2),4,101
EPG,L,EPG,-6,4
EPG,L,EPG,-5,1
EPG,L,EPG,-4,58
EPG,L,EPG,-3,20
EPG,L,EPG,-2,176
EPG,L,EPG,-1,1092
EPG,L,EPG,0,1457
EPG,L,EPG,1,997
EPG,L,EPG,2,166
EPG,L,EPG,3,30
EPG,L,EPG,4,44
EPG,L,EPG,6,8
EPG,L,EPG,8,54
EPG,L,Delta7,-7,1712
EPG,L,Delta7,-6,202
EPG,L,Delta7,-5,1512
EPG,L,Delta7,-4,118
EPG,L,Delta7,-3,567
EPG,L,Delta7,-2,29
EPG,L,Delta7,-1,133
EPG,L,Delta7,0,264
EPG,L,Delta7,1,27
EPG,L,Delta7,2,217
EPG,L,Delta7,3,105
EPG,L,Delta7,4,1043
EPG,L,Delta7,5,230
EPG,L,Delta7,6,1621
EPG,L,Delta7,7,211
EPG,L,PEN_a(PEN1),-5,40
EPG,L,PEN_a(PEN1),-3,653
EPG,L,PEN_a(PEN1),-2,15
EPG,L,PEN_a(PEN1),-1,267
EPG,L,PEN_a(PEN1),0,613
EPG,L,PEN_a(PEN1),1,6
EPG,L,PEN_a(PEN1),2,598
EPG,L,PEN_a(PEN1),4,254
EPG,L,PEN_a(PEN1),6,10
EPG,L,PEG,-6,9
EPG,L,PEG,-4,134
EPG,L,PEG,-2,48
EPG,L,PEG,-1,247
EPG,L,PEG,0,2230
EPG,L,PEG,1,34
EPG,L,PEG,2,89
EPG,L,PEG,4,155
EPG,L,PEG,6,11
EPG,L,PEG,8,129
EPG,R,EPG,-4,5
EPG,R,EPG,-3,29
EPG,R,EPG,-2,202
EPG,R,EPG,-1,968
EPG,R,EPG,0,1402
EPG,R,EPG,1,1044
EPG,R,EPG,2,191
EPG,R,EPG,3,28
EPG,R,EPG,4,2
EPG,R,EPG,5,2
EPG,R,PEN_a(PEN1),-6,9
EPG,R,PEN_a(PEN1),-4,284
EPG,R,PEN_a(PEN1),-2,689
EPG,R,PEN_a(PEN1),-1,5
EPG,R,PEN_a(PEN1),0,692
EPG,R,PEN_a(PEN1),1,270
EPG,R,PEN_a(PEN1),2,21
EPG,R,PEN_a(PEN1),3,626
EPG,R,PEN_a(PEN1),5,76
EPG,R,PEN_b(PEN2),-4,88
EPG,R,PEN_b(PEN2),-2,831
EPG,R,PEN_b(PEN2),0,783
EPG,R,PEN_b(PEN2),1,109
EPG,R,PEN_b(PEN2),2,15
EPG,R,PEN_b(PEN2),3,729
EPG,R,PEN_b(PEN2),5,3
EPG,R,Delta7,-7,213
EPG,R,Delta7,-6,1999
EPG,R,Delta7,-5,255
EPG,R,Delta7,-4,1206
EPG,R,Delta7,-3,116
EPG,R,Delta7,-2,241
EPG,R,Delta7,-1,11
EPG,R,Delta7,0,301
EPG,R,Delta7,1,123
EPG,R,Delta7,2,31
EPG,R,Delta7,3,687
EPG,R,Delta7,4,147
EPG,R,Delta7,5,1641
EPG,R,Delta7,6,270
EPG,R,Delta7,7,2054
EPG,R,PEG,-2,100
EPG,R,PEG,-1,45
EPG,R,PEG,0,2299
EPG,R,PEG,1,184
EPG,R,PEG,2,51
PEN_a(PEN1),L,PEN_b(PEN2),-7,4
PEN_a(PEN1),L,PEN_b(PEN2),-6,84
PEN_a(PEN1),L,PEN_b(PEN2),-5,89
PEN_a(PEN1),L,PEN_b(PEN2),-4,124
PEN_a(PEN1),L,PEN_b(PEN2),-3,12
PEN_a(PEN1),L,PEN_b(PEN2),-2,89
PEN_a(PEN1),L,PEN_b(PEN2),0,199
PEN_a(PEN1),L,PEN_b(PEN2),2,96
PEN_a(PEN1),L,PEN_b(PEN2),4,144
PEN_a(PEN1),L,PEN_b(PEN2),6,71
PEN_a(PEN1),L,PEN_b(PEN2),8,111
PEN_a(PEN1),L,EPG,-7,15
PEN_a(PEN1),L,EPG,-6,100
PEN_a(PEN1),L,EPG,-5,405
PEN_a(PEN1),L,EPG,-4,997
PEN_a(PEN1),L,EPG,-3,1841
PEN_a(PEN1),L,EPG,-2,1834
PEN_a(PEN1),L,EPG,-1,1092
PEN_a(PEN1),L,EPG,0,263
PEN_a(PEN1),L,EPG,1,63
PEN_a(PEN1),L,EPG,2,6
PEN_a(PEN1),L,EPG,4,1
PEN_a(PEN1),L,PEN_a(PEN1),-7,23
PEN_a(PEN1),L,PEN_a(PEN1),-6,176
PEN_a(PEN1),L,PEN_a(PEN1),-5,130
PEN_a(PEN1),L,PEN_a(PEN1),-4,205
PEN_a(PEN1),L,PEN_a(PEN1),-3,26
PEN_a(PEN1),L,PEN_a(PEN1),-2,206
PEN_a(PEN1),L,PEN_a(PEN1),-1,1
PEN_a(PEN1),L,PEN_a(PEN1),0,64
PEN_a(PEN1),L,PEN_a(PEN1),2,194
PEN_a(PEN1),L,PEN_a(PEN1),4,219
PEN_a(PEN1),L,PEN_a(PEN1),6,176
PEN_a(PEN1),L,PEN_a(PEN1),7,1
PEN_a(PEN1),L,PEN_a(PEN1),8,195
PEN_a(PEN1),L,PEG,-4,7
PEN_a(PEN1),L,PEG,-3,7
PEN_a(PEN1),L,PEG,-2,17
PEN_a(PEN1),L,PEG,-1,7
PEN_a(PEN1),L,PEG,0,2
PEN_a(PEN1),L,Delta7,-7,1
PEN_a(PEN1),L,Delta7,-1,1
PEN_a(PEN1),L,Delta7,0,3
PEN_a(PEN1),L,Delta7,4,2
PEN_a(PEN1),L,Delta7,6,2
PEN_a(PEN1),R,EPG,-2,4
PEN_a(PEN1),R,EPG,-1,56
PEN_a(PEN1),R,EPG,0,367
PEN_a(PEN1),R,EPG,1,1068
PEN_a(PEN1),R,EPG,2,2005
PEN_a(PEN1),R,EPG,3,1919
PEN_a(PEN1),R,EPG,4,1120
PEN_a(PEN1),R,EPG,5,270
PEN_a(PEN1),R,EPG,6,53
PEN_a(PEN1),R,EPG,7,7
PEN_a(PEN1),R,PEN_a(PEN1),-6,167
PEN_a(PEN1),R,PEN_a(PEN1),-4,197
PEN_a(PEN1),R,PEN_a(PEN1),-2,187
PEN_a(PEN1),R,PEN_a(PEN1),0,75
PEN_a(PEN1),R,PEN_a(PEN1),2,198
PEN_a(PEN1),R,PEN_a(PEN1),3,21
PEN_a(PEN1),R,PEN_a(PEN1),4,194
PEN_a(PEN1),R,PEN_a(PEN1),5,135
PEN_a(PEN1),R,PEN_a(PEN1),6,171
PEN_a(PEN1),R,PEN_a(PEN1),7,25
PEN_a(PEN1),R,PEN_a(PEN1),8,191
PEN_a(PEN1),R,PEN_b(PEN2),-6,83
PEN_a(PEN1),R,PEN_b(PEN2),-4,99
PEN_a(PEN1),R,PEN_b(PEN2),-2,83
PEN_a(PEN1),R,PEN_b(PEN2),0,226
PEN_a(PEN1),R,PEN_b(PEN2),2,99
PEN_a(PEN1),R,PEN_b(PEN2),3,13
PEN_a(PEN1),R,PEN_b(PEN2),4,100
PEN_a(PEN1),R,PEN_b(PEN2),5,82
PEN_a(PEN1),R,PEN_b(PEN2),6,84
PEN_a(PEN1),R,PEN_b(PEN2),7,1
PEN_a(PEN1),R,PEN_b(PEN2),8,96
PEN_a(PEN1),R,PEG,0,2
PEN_a(PEN1),R,PEG,1,5
PEN_a(PEN1),R,PEG,2,14
PEN_a(PEN1),R,PEG,3,12
PEN_a(PEN1),R,PEG,4,3
PEN_a(PEN1),R,PEG,5,3
PEN_b(PEN2),R,EPG,-1,8
PEN_b(PEN2),R,EPG,0,82
PEN_b(PEN2),R,EPG,1,553
PEN_b(PEN2),R,EPG,2,1626
PEN_b(PEN2),R,EPG,3,1499
PEN_b(PEN2),R,EPG,4,446
PEN_b(PEN2),R,EPG,5,29
PEN_b(PEN2),R,EPG,6,4
PEN_b(PEN2),R,PEN_a(PEN1),-6,87
PEN_b(PEN2),R,PEN_a(PEN1),-4,107
PEN_b(PEN2),R,PEN_a(PEN1),-2,96
PEN_b(PEN2),R,PEN_a(PEN1),0,168
PEN_b(PEN2),R,PEN_a(PEN1),2,101
PEN_b(PEN2),R,PEN_a(PEN1),3,5
PEN_b(PEN2),R,PEN_a(PEN1),4,112
PEN_b(PEN2),R,PEN_a(PEN1),5,31
PEN_b(PEN2),R,PEN_a(PEN1),6,77
PEN_b(PEN2),R,PEN_a(PEN1),7,2
PEN_b(PEN2),R,PEN_a(PEN1),8,92
PEN_b(PEN2),R,PEN_b(PEN2),-6,185
PEN_b(PEN2),R,PEN_b(PEN2),-4,274
PEN_b(PEN2),R,PEN_b(PEN2),-2,203
PEN_b(PEN2),R,PEN_b(PEN2),0,132
PEN_b(PEN2),R,PEN_b(PEN2),2,186
PEN_b(PEN2),R,PEN_b(PEN2),3,12
PEN_b(PEN2),R,PEN_b(PEN2),4,271
PEN_b(PEN2),R,PEN_b(PEN2),5,126
PEN_b(PEN2),R,PEN_b(PEN2),6,188
PEN_b(PEN2),R,PEN_b(PEN2),7,3
PEN_b(PEN2),R,PEN_b(PEN2),8,283
PEN_b(PEN2),R,Delta7,0,6
PEN_b(PEN2),R,Delta7,2,1
PEN_b(PEN2),R,Delta7,3,1
PEN_b(PEN2),R,Delta7,5,1
PEN_b(PEN2),R,Delta7,7,1
PEN_b(PEN2),R,PEG,0,1
PEN_b(PEN2),R,PEG,1,3
PEN_b(PEN2),R,PEG,2,28
PEN_b(PEN2),R,PEG,3,29
PEN_b(PEN2),R,PEG,5,1
PEN_a(PEN1),R,Delta7,0,1
PEN_a(PEN1),R,Delta7,5,1
PEN_a(PEN1),R,Delta7,7,1
PEN_a(PEN1),R,EPGt,0,7
PEN_a(PEN1),R,EPGt,2,18
PEN_a(PEN1),R,EPGt,3,12
PEN_a(PEN1),R,EPGt,5,6
PEN_a(PEN1),R,EPGt,7,1
EPG,L,EPGt,-3,1
EPG,L,EPGt,-1,11
EPG,L,EPGt,0,59
EPG,L,EPGt,2,3
PEN_a(PEN1),L,EPGt,-7,1
PEN_a(PEN1),L,EPGt,-5,4
PEN_a(PEN1),L,EPGt,-3,21
PEN_a(PEN1),L,EPGt,-2,14
PEN_a(PEN1),L,EPGt,0,6
EPG,R,EPGt,-4,2
EPG,R,EPGt,-2,4
EPG,R,EPGt,0,3
EPG,R,EPGt,1,13
EPG,R,EPGt,3,1
PEN_b(PEN2),R,EPGt,2,13
PEN_b(PEN2),R,EPGt,3,17
PEN_b(PEN2),R,EPGt,5,1
Delta7,both,PEN_b(PEN2),-7,20
Delta7,both,PEN_b(PEN2),-6,17
Delta7,both,PEN_b(PEN2),-5,14
Delta7,both,PEN_b(PEN2),-4,9
Delta7,both,PEN_b(PEN2),-3,10
Delta7,both,PEN_b(PEN2),-2,120
Delta7,both,PEN_b(PEN2),-1,488
Delta7,both,PEN_b(PEN2),0,8287
Delta7,both,PEN_b(PEN2),1,529
Delta7,both,PEN_b(PEN2),2,246
Delta7,both,PEN_b(PEN2),3,6
Delta7,both,PEN_b(PEN2),4,10
Delta7,both,PEN_b(PEN2),5,10
Delta7,both,PEN_b(PEN2),6,16
Delta7,both,PEN_b(PEN2),7,18
Delta7,both,EPG,-7,155
Delta7,both,EPG,-6,109
Delta7,both,EPG,-5,100
Delta7,both,EPG,-4,61
Delta7,both,EPG,-3,40
Delta7,both,EPG,-2,130
Delta7,both,EPG,-1,373
Delta7,both,EPG,0,4678
Delta7,both,EPG,1,461
Delta7,both,EPG,2,92
Delta7,both,EPG,3,33
Delta7,both,EPG,4,78
Delta7,both,EPG,5,92
Delta7,both,EPG,6,156
Delta7,both,EPG,7,106
Delta7,both,PEN_a(PEN1),-7,16
Delta7,both,PEN_a(PEN1),-6,13
Delta7,both,PEN_a(PEN1),-5,15
Delta7,both,PEN_a(PEN1),-4,5
Delta7,both,PEN_a(PEN1),-3,3
Delta7,both,PEN_a(PEN1),-2,54
Delta7,both,PEN_a(PEN1),-1,145
Delta7,both,PEN_a(PEN1),0,2216
Delta7,both,PEN_a(PEN1),1,143
Delta7,both,PEN_a(PEN1),2,82
Delta7,both,PEN_a(PEN1),3,8
Delta7,both,PEN_a(PEN1),4,8
Delta7,both,PEN_a(PEN1),5,9
Delta7,both,PEN_a(PEN1),6,19
Delta7,both,PEN_a(PEN1),7,18
Delta7,both,Delta7,-7,2951
Delta7,both,Delta7,-6,794
Delta7,both,Delta7,-5,2895
Delta7,both,Delta7,-4,802
Delta7,both,Delta7,-3,2244
Delta7,both,Delta7,-2,508
Delta7,both,Delta7,-1,1574
Delta7,both,Delta7,0,3948
Delta7,both,Delta7,1,1498
Delta7,both,Delta7,2,540
Delta7,both,Delta7,3,2226
Delta7,both,Delta7,4,848
Delta7,both,Delta7,5,2926
Delta7,both,Delta7,6,861
Delta7,both,PEG,-7,41
Delta7,both,PEG,-6,43
Delta7,both,PEG,-5,42
Delta7,both,PEG,-4,21
Delta7,both,PEG,-3,9
Delta7,both,PEG,-2,84
Delta7,both,PEG,-1,427
Delta7,both,PEG,0,4803
Delta7,both,PEG,1,398
Delta7,both,PEG,2,94
Delta7,both,PEG,3,17
Delta7,both,PEG,4,25
Delta7,both,PEG,5,39
Delta7,both,PEG,6,48
Delta7,both,PEG,7,32
PEG,R,EPG,-2,6
PEG,R,EPG,-1,17
PEG,R,EPG,0,85
PEG,R,EPG,1,50
PEG,R,EPG,2,11
PEG,R,EPG,3,5
PEG,R,PEN_b(PEN2),-4,11
PEG,R,PEN_b(PEN2),-2,287
PEG,R,PEN_b(PEN2),0,14
PEG,R,PEN_b(PEN2),1,23
PEG,R,PEN_b(PEN2),3,324
PEG,R,PEN_b(PEN2),5,10
PEG,R,PEN_a(PEN1),-4,2
PEG,R,PEN_a(PEN1),-2,13
PEG,R,PEN_a(PEN1),0,6
PEG,R,PEN_a(PEN1),1,4
PEG,R,PEN_a(PEN1),3,16
PEG,R,PEG,-2,2
PEG,R,PEG,-1,3
PEG,R,PEG,0,12
PEG,R,PEG,1,48
PEG,R,PEG,2,2
PEG,R,PEG,3,1
Delta7,both,EPGt,-7,2
Delta7,both,EPGt,-6,1
Delta7,both,EPGt,-1,16
Delta7,both,EPGt,0,1032
Delta7,both,EPGt,1,2
Delta7,both,EPGt,7,1
PEG,L,EPG,-6,2
PEG,L,EPG,-4,40
PEG,L,EPG,-3,1
PEG,L,EPG,-2,11
PEG,L,EPG,-1,50
PEG,L,EPG,0,121
PEG,L,EPG,1,21
PEG,L,EPG,2,6
PEG,L,EPG,4,31
PEG,L,EPG,6,2
PEG,L,EPG,8,40
PEG,L,PEN_b(PEN2),-5,5
PEG,L,PEN_b(PEN2),-3,299
PEG,L,PEN_b(PEN2),-1,24
PEG,L,PEN_b(PEN2),0,12
PEG,L,PEN_b(PEN2),2,286
PEG,L,PEN_b(PEN2),4,14
PEG,L,PEN_a(PEN1),-3,17
PEG,L,PEN_a(PEN1),0,6
PEG,L,PEN_a(PEN1),2,15
PEG,L,PEN_a(PEN1),4,2
PEG,L,PEG,-6,4
PEG,L,PEG,-4,24
PEG,L,PEG,-2,4
PEG,L,PEG,-1,32
PEG,L,PEG,0,14
PEG,L,PEG,1,3
PEG,L,PEG,2,1
PEG,L,PEG,4,32
PEG,L,PEG,6,1
PEG,L,PEG,8,28
PEG,L,Delta7,-7,2
PEG,L,Delta7,-6,1
PEG,L,Delta7,-5,3
PEG,L,Delta7,-3,1
PEG,L,Delta7,0,4
PEG,L,Delta7,5,1
PEG,L,Delta7,6,2
PEG,L,EPGt,0,14
PEG,L,EPGt,4,3
PEG,R,Delta7,-7,1
PEG,R,Delta7,-6,1
PEG,R,Delta7,-4,1
PEG,R,Delta7,0,2
PEG,R,Delta7,7,1
PEG,R,EPGt,0,15
EPGt,R,PEG,0,198
EPGt,R,PEG,1,2
EPGt,R,PEG,2,8
EPGt,R,Delta7,-6,25
EPGt,R,Delta7,-5,8
EPGt,R,Delta7,-4,2
EPGt,R,Delta7,-2,2
EPGt,R,Delta7,0,40
EPGt,R,Delta7,1,4
EPGt,R,Delta7,3,43
EPGt,R,Delta7,5,26
EPGt,R,Delta7,6,17
EPGt,R,Delta7,7,63
EPGt,R,PEN_a(PEN1),0,90
EPGt,R,PEN_a(PEN1),2,5
EPGt,R,EPG,1,1
EPGt,R,EPG,2,1
EPGt,R,EPG,3,1
EPGt,R,PEN_b(PEN2),0,110
EPGt,R,PEN_b(PEN2),3,4
EPGt,R,EPGt,0,2
EPGt,L,PEN_a(PEN1),-5,1
EPGt,L,PEN_a(PEN1),-3,1
EPGt,L,PEN_a(PEN1),0,66
EPGt,L,PEN_a(PEN1),2,2
EPGt,L,PEN_b(PEN2),-3,2
EPGt,L,PEN_b(PEN2),0,91
EPGt,L,PEN_b(PEN2),2,2
EPGt,L,Delta7,-7,40
EPGt,L,Delta7,-6,12
EPGt,L,Delta7,-5,50
EPGt,L,Delta7,-3,13
EPGt,L,Delta7,-1,4
EPGt,L,Delta7,0,39
EPGt,L,Delta7,4,1
EPGt,L,Delta7,5,1
EPGt,L,Delta7,6,22
EPGt,L,EPGt,0,18
EPGt,L,EPG,-4,1
EPGt,L,EPG,-3,2
EPGt,L,EPG,-2,5
EPGt,L,EPG,-1,7
EPGt,L,EPG,0,1
EPGt,L,PEG,-2,1
EPGt,L,PEG,0,157
PEN_b(PEN2),L,EPGt,-3,35
PEN_b(PEN2),L,EPGt,-2,12
PEN_b(PEN2),L,EPGt,0,5
