type_pre,type_post,roi,offset_wedges,weight
PEN_b(PEN2),EPG,EB,-5,43
PEN_b(PEN2),EPG,EB,-4,432
PEN_b(PEN2),EPG,EB,-3,1454
PEN_b(PEN2),EPG,EB,-2,1678
PEN_b(PEN2),EPG,EB,-1,519
PEN_b(PEN2),EPG,EB,0,113
PEN_b(PEN2),EPG,EB,1,561
PEN_b(PEN2),EPG,EB,2,1625
PEN_b(PEN2),EPG,EB,3,1499
PEN_b(PEN2),EPG,EB,4,446
PEN_b(PEN2),EPG,EB,5,29
PEN_b(PEN2),EPG,EB,6,4
PEN_b(PEN2),PEN_a(PEN1),NO,-6,191
PEN_b(PEN2),PEN_a(PEN1),NO,-4,246
PEN_b(PEN2),PEN_a(PEN1),NO,-2,201
PEN_b(PEN2),PEN_a(PEN1),NO,0,261
PEN_b(PEN2),PEN_a(PEN1),NO,2,205
PEN_b(PEN2),PEN_a(PEN1),NO,4,239
PEN_b(PEN2),PEN_a(PEN1),NO,6,177
PEN_b(PEN2),PEN_a(PEN1),NO,8,234
PEN_b(PEN2),PEN_b(PEN2),NO,-6,427
PEN_b(PEN2),PEN_b(PEN2),NO,-4,654
PEN_b(PEN2),PEN_b(PEN2),NO,-2,395
PEN_b(PEN2),PEN_b(PEN2),NO,0,226
PEN_b(PEN2),PEN_b(PEN2),NO,2,404
PEN_b(PEN2),PEN_b(PEN2),NO,4,670
PEN_b(PEN2),PEN_b(PEN2),NO,6,405
PEN_b(PEN2),PEN_b(PEN2),NO,8,662
PEN_b(PEN2),PEN_b(PEN2),EB,-7,3
PEN_b(PEN2),PEN_b(PEN2),EB,-5,153
PEN_b(PEN2),PEN_b(PEN2),EB,-3,12
PEN_b(PEN2),PEN_b(PEN2),EB,-2,7
PEN_b(PEN2),PEN_b(PEN2),EB,0,102
PEN_b(PEN2),PEN_b(PEN2),EB,2,7
PEN_b(PEN2),PEN_b(PEN2),EB,3,12
PEN_b(PEN2),PEN_b(PEN2),EB,5,125
PEN_b(PEN2),PEN_b(PEN2),EB,7,3
PEN_b(PEN2),EPG,PB,0,4
PEN_b(PEN2),PEN_a(PEN1),EB,-7,8
PEN_b(PEN2),PEN_a(PEN1),EB,-5,37
PEN_b(PEN2),PEN_a(PEN1),EB,-3,2
PEN_b(PEN2),PEN_a(PEN1),EB,-2,4
PEN_b(PEN2),PEN_a(PEN1),EB,0,90
PEN_b(PEN2),PEN_a(PEN1),EB,2,4
PEN_b(PEN2),PEN_a(PEN1),EB,3,5
PEN_b(PEN2),PEN_a(PEN1),EB,5,29
PEN_b(PEN2),PEN_a(PEN1),EB,7,2
PEN_b(PEN2),Delta7,PB,-5,1
PEN_b(PEN2),Delta7,PB,0,11
PEN_b(PEN2),Delta7,PB,1,1
PEN_b(PEN2),Delta7,PB,2,2
PEN_b(PEN2),Delta7,PB,3,1
PEN_b(PEN2),Delta7,PB,4,1
PEN_b(PEN2),Delta7,PB,5,1
PEN_b(PEN2),Delta7,PB,7,1
PEN_b(PEN2),PEG,EB,-5,1
PEN_b(PEN2),PEG,EB,-4,4
PEN_b(PEN2),PEG,EB,-3,33
PEN_b(PEN2),PEG,EB,-2,31
PEN_b(PEN2),PEG,EB,-1,3
PEN_b(PEN2),PEG,EB,1,3
PEN_b(PEN2),PEG,EB,2,28
PEN_b(PEN2),PEG,EB,3,29
PEN_b(PEN2),PEG,EB,5,1
EPG,PEN_b(PEN2),EB,-5,1
EPG,PEN_b(PEN2),EB,-4,88
EPG,PEN_b(PEN2),EB,-3,830
EPG,PEN_b(PEN2),EB,-2,828
EPG,PEN_b(PEN2),EB,-1,136
EPG,PEN_b(PEN2),EB,0,1
EPG,PEN_b(PEN2),EB,1,109
EPG,PEN_b(PEN2),EB,2,819
EPG,PEN_b(PEN2),EB,3,729
EPG,PEN_b(PEN2),EB,4,101
EPG,PEN_b(PEN2),EB,5,3
EPG,EPG,EB,-5,1
EPG,EPG,EB,-4,8
EPG,EPG,EB,-3,49
EPG,EPG,EB,-2,365
EPG,EPG,EB,-1,2054
EPG,EPG,EB,0,2739
EPG,EPG,EB,1,2034
EPG,EPG,EB,2,350
EPG,EPG,EB,3,58
EPG,EPG,EB,4,3
EPG,EPG,EB,5,2
EPG,EPG,LAL(R),-6,4
EPG,EPG,LAL(R),-4,54
EPG,EPG,LAL(R),-2,9
EPG,EPG,LAL(R),0,45
EPG,EPG,LAL(R),2,7
EPG,EPG,LAL(R),4,43
EPG,EPG,LAL(R),6,8
EPG,EPG,LAL(R),8,53
EPG,Delta7,PB,-7,1922
EPG,Delta7,PB,-6,2199
EPG,Delta7,PB,-5,1764
EPG,Delta7,PB,-4,1324
EPG,Delta7,PB,-3,677
EPG,Delta7,PB,-2,270
EPG,Delta7,PB,-1,142
EPG,Delta7,PB,0,564
EPG,Delta7,PB,1,150
EPG,Delta7,PB,2,247
EPG,Delta7,PB,3,791
EPG,Delta7,PB,4,1181
EPG,Delta7,PB,5,1870
EPG,Delta7,PB,6,1884
EPG,Delta7,PB,7,2265
EPG,PEN_a(PEN1),EB,-6,9
EPG,PEN_a(PEN1),EB,-5,40
EPG,PEN_a(PEN1),EB,-4,284
EPG,PEN_a(PEN1),EB,-3,653
EPG,PEN_a(PEN1),EB,-2,682
EPG,PEN_a(PEN1),EB,-1,272
EPG,PEN_a(PEN1),EB,0,78
EPG,PEN_a(PEN1),EB,1,276
EPG,PEN_a(PEN1),EB,2,584
EPG,PEN_a(PEN1),EB,3,626
EPG,PEN_a(PEN1),EB,4,254
EPG,PEN_a(PEN1),EB,5,76
EPG,PEN_a(PEN1),EB,6,10
EPG,PEG,LAL(R),-6,9
EPG,PEG,LAL(R),-4,134
EPG,PEG,LAL(R),-2,9
EPG,PEG,LAL(R),0,134
EPG,PEG,LAL(R),2,18
EPG,PEG,LAL(R),4,155
EPG,PEG,LAL(R),6,11
EPG,PEG,LAL(R),8,129
EPG,PEG,EB,-2,8
EPG,PEG,EB,-1,251
EPG,PEG,EB,0,657
EPG,PEG,EB,1,172
EPG,PEG,EB,2,5
EPG,PEG,PB,-2,131
EPG,PEG,PB,-1,41
EPG,PEG,PB,0,3729
EPG,PEG,PB,1,46
EPG,PEG,PB,2,116
EPG,PEN_a(PEN1),PB,-2,22
EPG,PEN_a(PEN1),PB,0,1224
EPG,PEN_a(PEN1),PB,2,35
EPG,PEN_b(PEN2),PB,-2,24
EPG,PEN_b(PEN2),PB,0,1462
EPG,PEN_b(PEN2),PB,2,26
EPG,EPG,PB,-2,4
EPG,EPG,PB,-1,6
EPG,EPG,PB,0,59
EPG,EPG,PB,1,7
EPG,EPG,NotPrimary,0,13
EPG,PEG,NotPrimary,0,8
EPG,PEG,NotPrimary,2,1
PEN_a(PEN1),PEN_b(PEN2),NO,-6,167
PEN_a(PEN1),PEN_b(PEN2),NO,-4,223
PEN_a(PEN1),PEN_b(PEN2),NO,-2,165
PEN_a(PEN1),PEN_b(PEN2),NO,0,212
PEN_a(PEN1),PEN_b(PEN2),NO,2,176
PEN_a(PEN1),PEN_b(PEN2),NO,4,244
PEN_a(PEN1),PEN_b(PEN2),NO,6,155
PEN_a(PEN1),PEN_b(PEN2),NO,8,207
PEN_a(PEN1),EPG,EB,-7,15
PEN_a(PEN1),EPG,EB,-6,100
PEN_a(PEN1),EPG,EB,-5,405
PEN_a(PEN1),EPG,EB,-4,997
PEN_a(PEN1),EPG,EB,-3,1840
PEN_a(PEN1),EPG,EB,-2,1838
PEN_a(PEN1),EPG,EB,-1,1148
PEN_a(PEN1),EPG,EB,0,626
PEN_a(PEN1),EPG,EB,1,1127
PEN_a(PEN1),EPG,EB,2,2009
PEN_a(PEN1),EPG,EB,3,1917
PEN_a(PEN1),EPG,EB,4,1121
PEN_a(PEN1),EPG,EB,5,270
PEN_a(PEN1),EPG,EB,6,53
PEN_a(PEN1),EPG,EB,7,7
PEN_a(PEN1),PEN_a(PEN1),EB,-7,23
PEN_a(PEN1),PEN_a(PEN1),EB,-5,129
PEN_a(PEN1),PEN_a(PEN1),EB,-4,2
PEN_a(PEN1),PEN_a(PEN1),EB,-3,26
PEN_a(PEN1),PEN_a(PEN1),EB,-2,54
PEN_a(PEN1),PEN_a(PEN1),EB,-1,1
PEN_a(PEN1),PEN_a(PEN1),EB,0,49
PEN_a(PEN1),PEN_a(PEN1),EB,2,51
PEN_a(PEN1),PEN_a(PEN1),EB,3,21
PEN_a(PEN1),PEN_a(PEN1),EB,5,133
PEN_a(PEN1),PEN_a(PEN1),EB,7,26
PEN_a(PEN1),EPG,NotPrimary,-3,1
PEN_a(PEN1),EPG,NotPrimary,1,4
PEN_a(PEN1),EPG,NotPrimary,2,2
PEN_a(PEN1),EPG,NotPrimary,3,2
PEN_a(PEN1),PEN_a(PEN1),NO,-6,343
PEN_a(PEN1),PEN_a(PEN1),NO,-4,400
PEN_a(PEN1),PEN_a(PEN1),NO,-2,339
PEN_a(PEN1),PEN_a(PEN1),NO,0,88
PEN_a(PEN1),PEN_a(PEN1),NO,2,341
PEN_a(PEN1),PEN_a(PEN1),NO,4,413
PEN_a(PEN1),PEN_a(PEN1),NO,6,347
PEN_a(PEN1),PEN_a(PEN1),NO,8,386
PEN_a(PEN1),PEN_b(PEN2),EB,-7,4
PEN_a(PEN1),PEN_b(PEN2),EB,-5,88
PEN_a(PEN1),PEN_b(PEN2),EB,-3,12
PEN_a(PEN1),PEN_b(PEN2),EB,-2,7
PEN_a(PEN1),PEN_b(PEN2),EB,0,207
PEN_a(PEN1),PEN_b(PEN2),EB,2,19
PEN_a(PEN1),PEN_b(PEN2),EB,3,13
PEN_a(PEN1),PEN_b(PEN2),EB,5,80
PEN_a(PEN1),PEN_b(PEN2),EB,7,1
PEN_a(PEN1),PEN_b(PEN2),NotPrimary,-5,1
PEN_a(PEN1),PEN_b(PEN2),NotPrimary,0,4
PEN_a(PEN1),PEN_b(PEN2),NotPrimary,5,2
PEN_a(PEN1),PEG,EB,-4,7
PEN_a(PEN1),PEG,EB,-3,7
PEN_a(PEN1),PEG,EB,-2,17
PEN_a(PEN1),PEG,EB,-1,7
PEN_a(PEN1),PEG,EB,0,1
PEN_a(PEN1),PEG,EB,1,5
PEN_a(PEN1),PEG,EB,2,14
PEN_a(PEN1),PEG,EB,3,12
PEN_a(PEN1),PEG,EB,4,3
PEN_a(PEN1),PEG,EB,5,3
PEN_a(PEN1),Delta7,PB,-7,1
PEN_a(PEN1),Delta7,PB,0,4
PEN_a(PEN1),Delta7,PB,4,2
PEN_a(PEN1),Delta7,PB,5,1
PEN_a(PEN1),Delta7,PB,6,2
PEN_a(PEN1),Delta7,PB,7,1
PEN_a(PEN1),PEG,PB,0,3
PEN_a(PEN1),PEN_b(PEN2),PB,0,1
PEN_a(PEN1),PEN_b(PEN2),FB,0,1
PEN_a(PEN1),PEN_a(PEN1),FB,5,1
PEN_b(PEN2),PEN_a(PEN1),PB,0,6
PEN_b(PEN2),PEN_a(PEN1),NotPrimary,-5,1
PEN_b(PEN2),PEN_a(PEN1),NotPrimary,0,5
PEN_b(PEN2),PEN_a(PEN1),NotPrimary,5,2
PEN_a(PEN1),EPG,PB,0,4
PEN_a(PEN1),EPGt,EB,-7,1
PEN_a(PEN1),EPGt,EB,-5,4
PEN_a(PEN1),EPGt,EB,-3,21
PEN_a(PEN1),EPGt,EB,-2,14
PEN_a(PEN1),EPGt,EB,0,13
PEN_a(PEN1),EPGt,EB,2,18
PEN_a(PEN1),EPGt,EB,3,12
PEN_a(PEN1),EPGt,EB,5,6
PEN_a(PEN1),EPGt,EB,7,1
EPG,EPGt,EB,-4,2
EPG,EPGt,EB,-3,1
EPG,EPGt,EB,-2,4
EPG,EPGt,EB,-1,11
EPG,EPGt,EB,0,3
EPG,EPGt,EB,1,13
EPG,EPGt,EB,2,3
EPG,EPGt,EB,3,1
EPG,EPGt,LAL(R),0,50
EPG,EPGt,CRE(R),0,9
EPG,Delta7,NotPrimary,-7,1
EPG,Delta7,NotPrimary,-6,2
EPG,Delta7,NotPrimary,-5,2
EPG,Delta7,NotPrimary,-3,6
EPG,Delta7,NotPrimary,-1,2
EPG,Delta7,NotPrimary,0,1
EPG,Delta7,NotPrimary,2,1
EPG,Delta7,NotPrimary,4,7
EPG,Delta7,NotPrimary,6,6
PEN_a(PEN1),PEN_a(PEN1),NotPrimary,-5,1
PEN_a(PEN1),PEN_a(PEN1),NotPrimary,0,2
PEN_a(PEN1),PEN_a(PEN1),NotPrimary,5,1
PEN_b(PEN2),PEN_b(PEN2),NotPrimary,0,1
PEN_b(PEN2),EPG,NotPrimary,-3,6
PEN_b(PEN2),EPG,NotPrimary,-2,3
PEN_b(PEN2),EPG,NotPrimary,2,1
PEN_b(PEN2),PEN_b(PEN2),FB,0,1
PEN_b(PEN2),PEN_b(PEN2),FB,5,1
EPG,EPG,FB,0,3
PEN_b(PEN2),PEG,PB,0,1
PEN_b(PEN2),EPGt,EB,-3,35
PEN_b(PEN2),EPGt,EB,-2,12
PEN_b(PEN2),EPGt,EB,0,2
PEN_b(PEN2),EPGt,EB,2,13
PEN_b(PEN2),EPGt,EB,3,17
PEN_b(PEN2),EPGt,EB,5,1
Delta7,PEN_b(PEN2),PB,-7,20
Delta7,PEN_b(PEN2),PB,-6,17
Delta7,PEN_b(PEN2),PB,-5,14
Delta7,PEN_b(PEN2),PB,-4,9
Delta7,PEN_b(PEN2),PB,-3,10
Delta7,PEN_b(PEN2),PB,-2,113
Delta7,PEN_b(PEN2),PB,-1,486
Delta7,PEN_b(PEN2),PB,0,8274
Delta7,PEN_b(PEN2),PB,1,528
Delta7,PEN_b(PEN2),PB,2,246
Delta7,PEN_b(PEN2),PB,3,6
Delta7,PEN_b(PEN2),PB,4,10
Delta7,PEN_b(PEN2),PB,5,10
Delta7,PEN_b(PEN2),PB,6,16
Delta7,PEN_b(PEN2),PB,7,18
Delta7,EPG,PB,-7,155
Delta7,EPG,PB,-6,109
Delta7,EPG,PB,-5,100
Delta7,EPG,PB,-4,61
Delta7,EPG,PB,-3,40
Delta7,EPG,PB,-2,128
Delta7,EPG,PB,-1,373
Delta7,EPG,PB,0,4663
Delta7,EPG,PB,1,457
Delta7,EPG,PB,2,92
Delta7,EPG,PB,3,32
Delta7,EPG,PB,4,78
Delta7,EPG,PB,5,92
Delta7,EPG,PB,6,156
Delta7,EPG,PB,7,106
Delta7,PEN_a(PEN1),PB,-7,16
Delta7,PEN_a(PEN1),PB,-6,13
Delta7,PEN_a(PEN1),PB,-5,15
Delta7,PEN_a(PEN1),PB,-4,5
Delta7,PEN_a(PEN1),PB,-3,3
Delta7,PEN_a(PEN1),PB,-2,52
Delta7,PEN_a(PEN1),PB,-1,145
Delta7,PEN_a(PEN1),PB,0,2208
Delta7,PEN_a(PEN1),PB,1,142
Delta7,PEN_a(PEN1),PB,2,82
Delta7,PEN_a(PEN1),PB,3,8
Delta7,PEN_a(PEN1),PB,4,8
Delta7,PEN_a(PEN1),PB,5,9
Delta7,PEN_a(PEN1),PB,6,19
Delta7,PEN_a(PEN1),PB,7,17
Delta7,Delta7,PB,-7,2941
Delta7,Delta7,PB,-6,788
Delta7,Delta7,PB,-5,2884
Delta7,Delta7,PB,-4,795
Delta7,Delta7,PB,-3,2237
Delta7,Delta7,PB,-2,502
Delta7,Delta7,PB,-1,1561
Delta7,Delta7,PB,0,3914
Delta7,Delta7,PB,1,1477
Delta7,Delta7,PB,2,535
Delta7,Delta7,PB,3,2219
Delta7,Delta7,PB,4,845
Delta7,Delta7,PB,5,2921
Delta7,Delta7,PB,6,857
Delta7,PEG,PB,-7,41
Delta7,PEG,PB,-6,43
Delta7,PEG,PB,-5,42
Delta7,PEG,PB,-4,21
Delta7,PEG,PB,-3,9
Delta7,PEG,PB,-2,83
Delta7,PEG,PB,-1,426
Delta7,PEG,PB,0,4780
Delta7,PEG,PB,1,395
Delta7,PEG,PB,2,94
Delta7,PEG,PB,3,17
Delta7,PEG,PB,4,25
Delta7,PEG,PB,5,39
Delta7,PEG,PB,6,48
Delta7,PEG,PB,7,32
Delta7,Delta7,NotPrimary,-7,8
Delta7,Delta7,NotPrimary,-6,6
Delta7,Delta7,NotPrimary,-5,10
Delta7,Delta7,NotPrimary,-4,7
Delta7,Delta7,NotPrimary,-3,6
Delta7,Delta7,NotPrimary,-2,6
Delta7,Delta7,NotPrimary,-1,10
Delta7,Delta7,NotPrimary,0,30
Delta7,Delta7,NotPrimary,1,13
Delta7,Delta7,NotPrimary,2,2
Delta7,Delta7,NotPrimary,3,5
Delta7,Delta7,NotPrimary,4,2
Delta7,Delta7,NotPrimary,5,3
Delta7,Delta7,NotPrimary,6,3
PEG,EPG,EB,-3,1
PEG,EPG,EB,-2,11
PEG,EPG,EB,-1,67
PEG,EPG,EB,0,154
PEG,EPG,EB,1,71
PEG,EPG,EB,2,13
PEG,EPG,EB,3,5
PEG,PEN_b(PEN2),EB,-5,5
PEG,PEN_b(PEN2),EB,-4,11
PEG,PEN_b(PEN2),EB,-3,299
PEG,PEN_b(PEN2),EB,-2,287
PEG,PEN_b(PEN2),EB,-1,24
PEG,PEN_b(PEN2),EB,0,19
PEG,PEN_b(PEN2),EB,1,23
PEG,PEN_b(PEN2),EB,2,286
PEG,PEN_b(PEN2),EB,3,324
PEG,PEN_b(PEN2),EB,4,12
PEG,PEN_b(PEN2),EB,5,10
PEG,PEN_a(PEN1),EB,-4,2
PEG,PEN_a(PEN1),EB,-3,17
PEG,PEN_a(PEN1),EB,-2,13
PEG,PEN_a(PEN1),EB,0,1
PEG,PEN_a(PEN1),EB,1,4
PEG,PEN_a(PEN1),EB,2,15
PEG,PEN_a(PEN1),EB,3,16
PEG,PEN_a(PEN1),EB,4,2
PEG,PEG,EB,-2,5
PEG,PEG,EB,-1,35
PEG,PEG,EB,0,18
PEG,PEG,EB,1,51
PEG,PEG,EB,2,2
PEG,PEG,EB,3,1
PEN_b(PEN2),PEN_a(PEN1),FB,0,2
Delta7,EPG,NotPrimary,0,10
Delta7,EPG,NotPrimary,1,4
Delta7,EPG,NotPrimary,3,1
Delta7,EPGt,PB,-7,2
Delta7,EPGt,PB,-6,1
Delta7,EPGt,PB,-1,16
Delta7,EPGt,PB,0,1032
Delta7,EPGt,PB,1,2
Delta7,EPGt,PB,7,1
PEG,EPG,LAL(R),-6,2
PEG,EPG,LAL(R),-4,40
PEG,EPG,LAL(R),-2,4
PEG,EPG,LAL(R),0,42
PEG,EPG,LAL(R),2,4
PEG,EPG,LAL(R),4,31
PEG,EPG,LAL(R),6,2
PEG,EPG,LAL(R),8,40
PEG,EPG,NotPrimary,-2,1
PEG,EPG,NotPrimary,0,2
PEG,PEG,LAL(R),-6,4
PEG,PEG,LAL(R),-4,23
PEG,PEG,LAL(R),0,8
PEG,PEG,LAL(R),4,32
PEG,PEG,LAL(R),6,1
PEG,PEG,LAL(R),8,28
Delta7,PEG,NotPrimary,0,19
Delta7,PEG,NotPrimary,1,3
PEG,EPG,PB,-2,1
PEG,EPG,PB,0,8
PEG,Delta7,PB,-7,3
PEG,Delta7,PB,-6,2
PEG,Delta7,PB,-5,3
PEG,Delta7,PB,-4,1
PEG,Delta7,PB,-3,1
PEG,Delta7,PB,0,6
PEG,Delta7,PB,5,1
PEG,Delta7,PB,6,2
PEG,Delta7,PB,7,1
PEG,PEN_a(PEN1),PB,0,11
Delta7,PEN_a(PEN1),ATL(L),-2,2
Delta7,PEN_a(PEN1),ATL(L),0,2
Delta7,PEN_a(PEN1),ATL(L),7,1
Delta7,PEN_a(PEN1),NotPrimary,0,6
Delta7,PEN_a(PEN1),NotPrimary,1,1
Delta7,PEN_b(PEN2),NotPrimary,0,8
Delta7,PEN_b(PEN2),NotPrimary,1,1
Delta7,PEN_b(PEN2),ATL(L),-2,7
Delta7,PEN_b(PEN2),ATL(L),0,4
Delta7,Delta7,ATL(L),-7,2
Delta7,Delta7,ATL(L),-5,1
Delta7,Delta7,ATL(L),-3,1
Delta7,Delta7,ATL(L),-1,3
Delta7,Delta7,ATL(L),0,4
Delta7,Delta7,ATL(L),1,6
Delta7,Delta7,ATL(L),2,3
Delta7,Delta7,ATL(L),3,2
Delta7,Delta7,ATL(L),4,1
Delta7,Delta7,ATL(L),5,2
Delta7,Delta7,ATL(L),6,1
Delta7,PEG,ATL(L),-2,1
Delta7,PEG,ATL(L),0,4
Delta7,EPG,ATL(L),-2,2
Delta7,EPG,ATL(L),0,5
Delta7,Delta7,IB,1,1
PEG,PEG,NotPrimary,-2,1
PEG,PEG,NotPrimary,2,1
Delta7,PEN_b(PEN2),ATL(R),-1,2
Delta7,PEN_b(PEN2),ATL(R),0,1
Delta7,PEG,ATL(R),-1,1
Delta7,Delta7,ATL(R),1,1
PEG,PEN_b(PEN2),PB,0,7
PEG,PEN_b(PEN2),NotPrimary,4,2
PEG,EPGt,LAL(R),0,5
PEG,EPGt,LAL(R),4,3
EPG,EPG,CRE(R),-4,1
EPG,EPG,CRE(R),8,1
PEG,PEG,CRE(R),-4,1
PEG,EPGt,PB,0,18
PEG,EPGt,EB,0,6
EPGt,PEG,EB,0,4
EPGt,PEG,EB,1,2
EPGt,Delta7,PB,-7,40
EPGt,Delta7,PB,-6,37
EPGt,Delta7,PB,-5,58
EPGt,Delta7,PB,-4,2
EPGt,Delta7,PB,-3,13
EPGt,Delta7,PB,-2,2
EPGt,Delta7,PB,-1,4
EPGt,Delta7,PB,0,79
EPGt,Delta7,PB,1,4
EPGt,Delta7,PB,3,43
EPGt,Delta7,PB,4,1
EPGt,Delta7,PB,5,27
EPGt,Delta7,PB,6,39
EPGt,Delta7,PB,7,63
EPGt,PEN_a(PEN1),PB,0,155
EPGt,PEN_a(PEN1),PB,2,5
EPGt,EPG,EB,-4,1
EPGt,EPG,EB,-3,2
EPGt,EPG,EB,-2,5
EPGt,EPG,EB,-1,7
EPGt,EPG,EB,1,1
EPGt,EPG,EB,2,1
EPGt,EPG,EB,3,1
EPGt,PEG,PB,-2,1
EPGt,PEG,PB,0,351
EPGt,PEG,PB,2,8
EPGt,PEN_b(PEN2),PB,0,201
EPGt,EPGt,PB,0,5
EPGt,PEN_b(PEN2),EB,-3,2
EPGt,PEN_b(PEN2),EB,2,2
EPGt,PEN_b(PEN2),EB,3,4
EPGt,PEN_a(PEN1),EB,-5,1
EPGt,PEN_a(PEN1),EB,-3,1
EPGt,PEN_a(PEN1),EB,0,1
EPGt,PEN_a(PEN1),EB,2,2
EPGt,EPGt,CRE(R),0,7
EPGt,EPGt,LAL(R),0,8
EPGt,EPG,LAL(R),0,1
PEN_a(PEN1),Delta7,NotPrimary,-1,1
PEN_b(PEN2),EPGt,NotPrimary,0,2
PEN_b(PEN2),EPGt,PB,0,1
EPG,PEN_a(PEN1),ATL(L),0,3
EPG,Delta7,ATL(L),-7,2
EPG,Delta7,ATL(L),-5,1
EPG,Delta7,ATL(L),3,1
EPG,Delta7,ATL(L),4,2
EPG,Delta7,ATL(L),5,1
EPG,Delta7,ATL(L),6,1
EPG,PEG,ATL(L),0,1
