bodyId,type,instance,class,superclass,somaSide,rootSide,status,hemibrainType,flywireType
10043,ER5,ER5_L,CX,cb_intrinsic,L,,Traced,ER5,ER5
10513,Delta7,Delta7(PB15)_L3R6_R,CX,cb_intrinsic,R,,Traced,Delta7,Delta7
10539,EPG,EPG(PB08)_R2,CX,cb_intrinsic,R,,Traced,EPG,EPG
10817,PFNv,PFNv(PB05)_L4_C3,CX,cb_intrinsic,L,,Traced,PFNv,PFNv
11184,Delta7,Delta7(PB15)_L1L9R8_R,CX,cb_intrinsic,R,,Traced,Delta7,Delta7
11307,EPG,EPG(PB08)_L4,CX,cb_intrinsic,L,,Traced,EPG,EPG
11503,EPG,EPG(PB08)_R8,CX,cb_intrinsic,R,,Traced,EPG,EPG
11512,hDeltaB,hDeltaB_08_C7,CX,cb_intrinsic,L,,Traced,hDeltaB,hDeltaB
11557,PFL2,PFL2(PB12b)_L3_C7,CX,cb_intrinsic,L,,Traced,PFL2,PFL2
11605,ER5,ER5_R,CX,cb_intrinsic,R,,Traced,ER5,ER5
11673,PFL2,PFL2(PB12b)_R4_C2,CX,cb_intrinsic,R,,Traced,PFL2,PFL2
11745,PFL1,PFL1(PB12a)_L1_C8_irreg,CX,cb_intrinsic,R,,Traced,PFL1,PFL1
11786,PFL1,PFL1(PB12a)_L6_C7,CX,cb_intrinsic,L,,Traced,PFL1,PFL1
11874,EPG,EPG(PB08)_L7,CX,cb_intrinsic,L,,Traced,EPG,EPG
11933,ER2_c,ER2_c_R,CX,cb_intrinsic,R,,Traced,ER2_c,ER2
11987,EPG,EPG(PB08)_R5,CX,cb_intrinsic,R,,Traced,EPG,EPG
11989,EPG,EPG(PB08)_L5,CX,cb_intrinsic,L,,Traced,EPG,EPG
12059,ER5,ER5_R,CX,cb_intrinsic,R,,Traced,ER5,ER5
12357,ER2_c,ER2_c_L,CX,cb_intrinsic,L,,Traced,ER2_c,ER2
12358,PEN_a(PEN1),PEN_a(PB06a)_L3,CX,cb_intrinsic,L,,Traced,PEN_a(PEN1),PEN_a(PEN1)
12449,EPG,EPG(PB08)_L5,CX,cb_intrinsic,L,,Traced,EPG,EPG
12797,ER4m,ER4m_R,CX,cb_intrinsic,R,,Traced,ER4m,ER4m
13031,PFL2,PFL2(PB12b)_R3_C3,CX,cb_intrinsic,R,,Traced,PFL2,PFL2
13094,ER4d,ER4d_R,CX,cb_intrinsic,R,,Traced,ER4d,ER4d
13217,EPG,EPG(PB08)_L8,CX,cb_intrinsic,L,,Traced,EPG,EPG
13392,hDeltaH,hDeltaH_14_C8,CX,cb_intrinsic,L,,Traced,hDeltaH,hDeltaH
13395,ER4m,ER4m_R,CX,cb_intrinsic,R,,Traced,ER4m,ER4m
13417,hDeltaB,hDeltaB_03_C3,CX,cb_intrinsic,R,,Traced,hDeltaB,hDeltaB
13434,ER4m,ER4m_R,CX,cb_intrinsic,R,,Traced,ER4m,ER4m
13490,PFL2,PFL2(PB12b)_L1_C5,CX,cb_intrinsic,L,,Traced,PFL2,PFL2
13732,hDeltaI,hDeltaI_07_C6,CX,cb_intrinsic,R,,Traced,hDeltaI,hDeltaI
13892,PFR_b,PFR_b(PB11b)_R1_C1_irreg,CX,cb_intrinsic,R,,Traced,PFR_b,PFR_b
13914,hDeltaK,hDeltaK_07_C6c,CX,cb_intrinsic,R,,Traced,hDeltaK,hDeltaK
13985,ER4m,ER4m_L,CX,cb_intrinsic,L,,Traced,ER4m,ER4m
13999,ER3w_c,ER3w_c_R,CX,cb_intrinsic,R,,Traced,ER3w_a,ER3w
14284,ER5,ER5_R,CX,cb_intrinsic,R,,Traced,ER5,ER5
14308,ER4m,ER4m_L,CX,cb_intrinsic,L,,Traced,ER4m,ER4m
14464,ER6,ER6_L,CX,cb_intrinsic,L,,Traced,ER6,ER6
14482,ER4m,ER4m_R,CX,cb_intrinsic,R,,Traced,ER4m,ER4m
14507,EPG,EPG(PB08)_R7,CX,cb_intrinsic,R,,Traced,EPG,EPG
14509,Delta7,Delta7(PB15)_L4R6_R,CX,cb_intrinsic,R,,Traced,Delta7,Delta7
14552,EL,EL_L,CX,cb_intrinsic,L,,Traced,EL,EL
14631,PFNp_c,PFNp_c,CX,cb_intrinsic,L,,Traced,PFNp_c,PFNp
14663,PFL1,PFL1(PB12a)_R7_C1,CX,cb_intrinsic,R,,Traced,PFL1,PFL1
14727,EPG,EPG(PB08)_L7,CX,cb_intrinsic,L,,Traced,EPG,EPG
14729,PFL2,PFL2(PB12b)_R1_C5,CX,cb_intrinsic,R,,Traced,PFL2,PFL2
14806,Delta7,Delta7(PB15)_L8R1R9_L,CX,cb_intrinsic,L,,Traced,Delta7,Delta7
14816,Delta7,Delta7(PB15)_L6R4_L,CX,cb_intrinsic,L,,Traced,Delta7,Delta7
14871,EL,EL_R,CX,cb_intrinsic,R,,Traced,EL,EL
14963,ER5,ER5_L,CX,cb_intrinsic,L,,Traced,ER5,ER5
14975,hDeltaC,hDeltaC_01_C1,CX,cb_intrinsic,R,,Traced,hDeltaC,hDeltaC
15176,PEN_b(PEN2),PEN_b(PB06b)_R8,CX,cb_intrinsic,R,,Traced,PEN_b(PEN2),PEN_b(PEN2)
15210,PFL3,PFL3(PB12c)_R2_C1_irreg,CX,cb_intrinsic,L,,Traced,PFL3,PFL3
15398,Delta7,Delta7(PB15)_L4R5_R,CX,cb_intrinsic,R,,Traced,Delta7,Delta7
15399,Delta7,Delta7(PB15)_L1L9R8_R,CX,cb_intrinsic,R,,Traced,Delta7,Delta7
15409,Delta7,Delta7(PB15)_L8R1R9_L,CX,cb_intrinsic,L,,Traced,Delta7,Delta7
15444,ER2_d,ER2_d_L,CX,cb_intrinsic,L,,Traced,ER2_d,ER2
15495,Delta7,Delta7(PB15)_L3R6_R,CX,cb_intrinsic,R,,Traced,Delta7,Delta7
15616,EPG,EPG(PB08)_R3,CX,cb_intrinsic,R,,Traced,EPG,EPG
15654,Delta7,Delta7(PB15)_L8R1R9_L,CX,cb_intrinsic,L,,Traced,Delta7,Delta7
15713,EPG,EPG(PB08)_L6,CX,cb_intrinsic,L,,Traced,EPG,EPG
15837,Delta7,Delta7(PB15)_L1L9R8_R,CX,cb_intrinsic,R,,Traced,Delta7,Delta7
15839,Delta7,Delta7(PB15)_L1L9R8_R,CX,cb_intrinsic,R,,Traced,Delta7,Delta7
15851,Delta7,Delta7(PB15)_L6R4_L,CX,cb_intrinsic,L,,Traced,Delta7,Delta7
15904,Delta7,Delta7(PB15)_L4R5_R,CX,cb_intrinsic,R,,Traced,Delta7,Delta7
15967,PFNa,PFNa(PB03)_R9_C1,CX,cb_intrinsic,R,,Traced,PFNa,PFNa
16008,PEG,PEG(PB07)_R1,CX,cb_intrinsic,R,,Traced,PEG,PEG
16110,Delta7,Delta7(PB15)_L3R6_R,CX,cb_intrinsic,R,,Traced,Delta7,Delta7
16158,hDeltaH,hDeltaH_12_C7,CX,cb_intrinsic,L,,Traced,hDeltaH,hDeltaH
16180,Delta7,Delta7(PB15)_L3R6_R,CX,cb_intrinsic,R,,Traced,Delta7,Delta7
16214,PFR_b,PFR_b(PB11b)_R6_C3,CX,cb_intrinsic,R,,Traced,PFR_b,PFR_b
16234,Delta7,Delta7(PB15)_L1L9R8_R,CX,cb_intrinsic,R,,Traced,Delta7,Delta7
16303,PFR_a,PFR_a(PB11a)_L6_C6,CX,cb_intrinsic,L,,Traced,PFR_a,PFR_a
16343,ER4d,ER4d_R,CX,cb_intrinsic,R,,Traced,ER4d,ER4d
16360,EPG,EPG(PB08)_L6,CX,cb_intrinsic,L,,Traced,EPG,EPG
16412,Delta7,Delta7(PB15)_L7R2_L,CX,cb_intrinsic,L,,Traced,Delta7,Delta7
16440,ER4m,ER4m_L,CX,cb_intrinsic,L,,Traced,ER4m,ER4m
16476,Delta7,Delta7(PB15)_L7R2_L,CX,cb_intrinsic,L,,Traced,Delta7,Delta7
16540,Delta7,Delta7(PB15)_L2R7_R,CX,cb_intrinsic,R,,Traced,Delta7,Delta7
16553,Delta7,Delta7(PB15)_L5R4_L,CX,cb_intrinsic,L,,Traced,Delta7,Delta7
16598,ER3w_b,ER3w_b_R,CX,cb_intrinsic,R,,Traced,ER3w_b,ER3w
16800,PFGs,PFGs(PB10)_L4_C4,CX,cb_intrinsic,L,,Traced,PFGs,PFGs
16818,ER4d,ER4d_R,CX,cb_intrinsic,R,,Traced,ER4d,ER4d
16869,Delta7,Delta7(PB15)_L7R3_L,CX,cb_intrinsic,L,,Traced,Delta7,Delta7
17000,PFL3,PFL3(PB12c)_L1_C3,CX,cb_intrinsic,L,,Traced,PFL3,PFL3
17024,Delta7,Delta7(PB15)_L5R4_L,CX,cb_intrinsic,L,,Traced,Delta7,Delta7
17078,ER5,ER5_R,CX,cb_intrinsic,R,,Traced,ER5,ER5
17143,Delta7,Delta7(PB15)_L2R7_R,CX,cb_intrinsic,R,,Traced,Delta7,Delta7
17171,ER5,ER5_R,CX,cb_intrinsic,R,,Traced,ER5,ER5
17286,PFL3,PFL3(PB12c)_R1_C2_irreg,CX,cb_intrinsic,L,,Traced,PFL3,PFL3
17290,PFL3,PFL3(PB12c)_L6_C8,CX,cb_intrinsic,L,,Traced,PFL3,PFL3
17379,Delta7,Delta7(PB15)_L4R5_R,CX,cb_intrinsic,R,,Traced,Delta7,Delta7
17402,ER4m,ER4m_L,CX,cb_intrinsic,L,,Traced,ER4m,ER4m
17419,ER6,ER6_R,CX,cb_intrinsic,R,,Traced,ER6,ER6
17454,PEN_a(PEN1),PEN_a(PB06a)_L4,CX,cb_intrinsic,L,,Traced,PEN_a(PEN1),PEN_a(PEN1)
17561,ER3m,ER3m_R,CX,cb_intrinsic,R,,Traced,ER3m,ER3m
17591,ER4d,ER4d_R,CX,cb_intrinsic,R,,Traced,ER4d,ER4d
17602,hDeltaL,hDeltaL_14_C12,CX,cb_intrinsic,L,,Traced,hDeltaL,hDeltaL
17679,ER2_d,ER2_d_R,CX,cb_intrinsic,R,,Traced,ER2_d,ER2
17728,hDeltaC,hDeltaC_14_C12,CX,cb_intrinsic,L,,Traced,hDeltaC,hDeltaC
17753,Delta7,Delta7(PB15)_L7R3_L,CX,cb_intrinsic,L,,Traced,Delta7,Delta7
17780,hDeltaJ,hDeltaJ_04_C4,CX,cb_intrinsic,R,,Traced,hDeltaJ,hDeltaJ
17801,hDeltaA,hDeltaA_01_C1,CX,cb_intrinsic,R,,Traced,hDeltaA,hDeltaA
17804,Delta7,Delta7(PB15)_L7R2_L,CX,cb_intrinsic,L,,Traced,Delta7,Delta7
17816,hDeltaB,hDeltaB_01_C1,CX,cb_intrinsic,R,,Traced,hDeltaB,hDeltaB
17820,hDeltaB,hDeltaB_02_C2,CX,cb_intrinsic,R,,Traced,hDeltaB,hDeltaB
17874,hDeltaM,hDeltaM_C8,CX,cb_intrinsic,L,,Traced,hDeltaM,hDeltaM
17991,hDeltaA,hDeltaA_13_C11,CX,cb_intrinsic,L,,Traced,hDeltaA,hDeltaA
18058,ER2_b,ER2_b_L,CX,cb_intrinsic,L,,Traced,ER2_b,ER2
18327,PFL3,PFL3(PB12c)_R2_C6,CX,cb_intrinsic,R,,Traced,PFL3,PFL3
18377,ER3w_b,ER3w_b_L,CX,cb_intrinsic,L,,Traced,ER3w_b,ER3w
18419,PEN_a(PEN1),PEN_a(PB06a)_L7,CX,cb_intrinsic,L,,Traced,PEN_a(PEN1),PEN_a(PEN1)
18482,hDeltaD,hDeltaD_10_C6,CX,cb_intrinsic,L,,Traced,hDeltaD,hDeltaD
18504,PEN_a(PEN1),PEN_a(PB06a)_R7,CX,cb_intrinsic,R,,Traced,PEN_a(PEN1),PEN_a(PEN1)
18508,ER2_c,ER2_c_L,CX,cb_intrinsic,L,,Traced,ER2_c,ER2
18586,PFR_a,PFR_a(PB11a)_L4_C4,CX,cb_intrinsic,L,,Traced,PFR_a,PFR_a
18625,PFL1,PFL1(PB12a)_R3_C6,CX,cb_intrinsic,R,,Traced,PFL1,PFL1
18633,ER5,ER5_L,CX,cb_intrinsic,L,,Traced,ER5,ER5
18639,Delta7,Delta7(PB15)_L7R2_L,CX,cb_intrinsic,L,,Traced,Delta7,Delta7
18664,ER2_c,ER2_c_R,CX,cb_intrinsic,R,,Traced,ER2_c,ER2
18670,PFR_b,PFR_b(PB11b)_R7_C2,CX,cb_intrinsic,R,,Traced,PFR_b,PFR_b
18733,ER2_c,ER2_c_L,CX,cb_intrinsic,L,,Traced,ER2_c,ER2
18744,PEN_a(PEN1),PEN_a(PB06a)_L5,CX,cb_intrinsic,L,,Traced,PEN_a(PEN1),PEN_a(PEN1)
18779,PEN_a(PEN1),PEN_a(PB06a)_R8,CX,cb_intrinsic,R,,Traced,PEN_a(PEN1),PEN_a(PEN1)
18803,PFL3,PFL3(PB12c)_R1_C7,CX,cb_intrinsic,R,,Traced,PFL3,PFL3
18823,Delta7,Delta7(PB15)_L4R5_R,CX,cb_intrinsic,R,,Traced,Delta7,Delta7
18851,PFL3,PFL3(PB12c)_L1_C8_irreg,CX,cb_intrinsic,R,,Traced,PFL3,PFL3
18932,PEN_b(PEN2),PEN_b(PB06b)_R2,CX,cb_intrinsic,R,,Traced,PEN_b(PEN2),PEN_b(PEN2)
19009,PFL3,PFL3(PB12c)_L2_C9_irreg,CX,cb_intrinsic,R,,Traced,PFL3,PFL3
19072,ER5,ER5_R,CX,cb_intrinsic,R,,Traced,ER5,ER5
19100,hDeltaB,hDeltaB_10_C8,CX,cb_intrinsic,L,,Traced,hDeltaB,hDeltaB
19125,EPG,EPG(PB08)_R5,CX,cb_intrinsic,R,,Traced,EPG,EPG
19169,ER3m,ER3m_L,CX,cb_intrinsic,L,,Traced,ER3m,ER3m
19189,PEN_a(PEN1),PEN_a(PB06a)_L2,CX,cb_intrinsic,L,,Traced,PEN_a(PEN1),PEN_a(PEN1)
19269,PFL1,PFL1(PB12a)_R5_C4,CX,cb_intrinsic,R,,Traced,PFL1,PFL1
19323,ER4d,ER4d_R,CX,cb_intrinsic,R,,Traced,ER4d,ER4d
19355,ER2_c,ER2_c_R,CX,cb_intrinsic,R,,Traced,ER2_c,ER2
19367,PFGs,PFGs(PB10)_R2_C8,CX,cb_intrinsic,R,,Traced,PFGs,PFGs
19410,ER4d,ER4d_L,CX,cb_intrinsic,L,,Traced,ER4d,ER4d
19425,ER2_c,ER2_c_R,CX,cb_intrinsic,R,,Traced,ER2_c,ER2
19443,PFR_a,PFR_a(PB11a)_R7_C3,CX,cb_intrinsic,R,,Traced,PFR_a,PFR_a
19564,PFGs,PFGs(PB10)_R6_C4,CX,cb_intrinsic,R,,Traced,PFGs,PFGs
19569,ER2_c,ER2_c_R,CX,cb_intrinsic,R,,Traced,ER2_c,ER2
19602,hDeltaB,hDeltaB_05_C5,CX,cb_intrinsic,R,,Traced,hDeltaB,hDeltaB
19715,PFL2,PFL2(PB12b)_L4_C8,CX,cb_intrinsic,L,,Traced,PFL2,PFL2
19737,ER4d,ER4d_R,CX,cb_intrinsic,R,,Traced,ER4d,ER4d
19760,PEN_b(PEN2),PEN_b(PB06b)_L8,CX,cb_intrinsic,L,,Traced,PEN_b(PEN2),PEN_b(PEN2)
19791,ER4d,ER4d_L,CX,cb_intrinsic,L,,Traced,ER4d,ER4d
19798,hDeltaG,hDeltaG_14_C8,CX,cb_intrinsic,L,,Traced,hDeltaG,hDeltaG
19807,ER2_c,ER2_c_L,CX,cb_intrinsic,L,,Traced,ER2_c,ER2
19825,EPG,EPG(PB08)_R6,CX,cb_intrinsic,R,,Traced,EPG,EPG
19900,ER2_c,ER2_c_L,CX,cb_intrinsic,L,,Traced,ER2_c,ER2
19917,ER2_c,ER2_c_R,CX,cb_intrinsic,R,,Traced,ER2_c,ER2
19935,ER2_c,ER2_c_R,CX,cb_intrinsic,R,,Traced,ER2_c,ER2
20007,PEG,PEG(PB07)_R8,CX,cb_intrinsic,R,,Traced,PEG,PEG
20026,ER5,ER5_L,CX,cb_intrinsic,L,,Traced,ER5,ER5
20231,hDeltaC,hDeltaC_10_C8,CX,cb_intrinsic,L,,Traced,hDeltaC,hDeltaC
20253,ER2_a,ER2_a_R,CX,cb_intrinsic,R,,Traced,ER2_a,ER2
20279,PFL1,PFL1(PB12a)_R2_C7,CX,cb_intrinsic,R,,Traced,PFL1,PFL1
20317,ER2_c,ER2_c_L,CX,cb_intrinsic,L,,Traced,ER2_c,ER2
20339,PFNm_b,PFNm_b_R9_C1,CX,cb_intrinsic,R,,Traced,PFNm_b,PFNm
20385,ER3a_a,ER3a_a_L,CX,cb_intrinsic,L,,Traced,ER3a_a,ER3a
20404,ER4d,ER4d_L,CX,cb_intrinsic,L,,Traced,ER4d,ER4d
20514,ER3d_d,ER3d_d_L,CX,cb_intrinsic,L,,Traced,ER3d_d,ER3d_d
20520,hDeltaB,hDeltaB_11_C9,CX,cb_intrinsic,L,,Traced,hDeltaB,hDeltaB
20559,ER2_a,ER2_a_L,CX,cb_intrinsic,L,,Traced,ER2_a,ER2
20565,hDeltaG,hDeltaG_01_C1,CX,cb_intrinsic,R,,Traced,hDeltaG,hDeltaG
20590,ER2_a,ER2_a_R,CX,cb_intrinsic,R,,Traced,ER2_a,ER2
20605,ER2_a,ER2_a_L,CX,cb_intrinsic,L,,Traced,ER2_a,ER2
20653,ER4d,ER4d_L,CX,cb_intrinsic,L,,Traced,ER4d,ER4d
20664,ER2_a,ER2_a_R,CX,cb_intrinsic,R,,Traced,ER2_a,ER2
20678,ER2_d,ER2_d_R,CX,cb_intrinsic,R,,Traced,ER2_d,ER2
20715,EL,EL_L,CX,cb_intrinsic,L,,Traced,EL,EL
20781,PFGs,PFGs(PB10)_R5_C5,CX,cb_intrinsic,R,,Traced,PFGs,PFGs
20792,hDeltaL,hDeltaL_08_C7,CX,cb_intrinsic,L,,Traced,hDeltaL,hDeltaL
20818,PEN_a(PEN1),PEN_a(PB06a)_L9,CX,cb_intrinsic,L,,Traced,PEN_a(PEN1),PEN_a(PEN1)
20883,ER2_c,ER2_c_R,CX,cb_intrinsic,R,,Traced,ER2_c,ER2
20945,ER2_c,ER2_c_R,CX,cb_intrinsic,R,,Traced,ER2_c,ER2
20951,hDeltaC,hDeltaC_03_C3,CX,cb_intrinsic,R,,Traced,hDeltaC,hDeltaC
20969,hDeltaE,hDeltaE_13_C7,CX,cb_intrinsic,L,,Traced,hDeltaE,hDeltaE
20980,ER4d,ER4d_R,CX,cb_intrinsic,R,,Traced,ER4d,ER4d
21018,hDeltaA,hDeltaA_04_C4,CX,cb_intrinsic,R,,Traced,hDeltaA,hDeltaA
21059,ER2_d,ER2_d_R,CX,cb_intrinsic,R,,Traced,ER2_d,ER2
21179,ER2_a,ER2_a_R,CX,cb_intrinsic,R,,Traced,ER2_a,ER2
21229,hDeltaD,hDeltaD_14_C8,CX,cb_intrinsic,L,,Traced,hDeltaD,hDeltaD
21277,ER2_a,ER2_a_R,CX,cb_intrinsic,R,,Traced,ER2_a,ER2
21345,PFNd,PFNd(PB04)_R6_C4,CX,cb_intrinsic,R,,Traced,PFNd,PFNd
21449,ER2_c,ER2_c_R,CX,cb_intrinsic,R,,Traced,ER2_c,ER2
21645,ER2_a,ER2_a_L,CX,cb_intrinsic,L,,Traced,ER2_a,ER2
21664,ER3d_e,ER3d_e_R,CX,cb_intrinsic,R,,Traced,ER3d_a,ER3d
21752,ER2_c,ER2_c_L,CX,cb_intrinsic,L,,Traced,ER2_c,ER2
21882,ER2_a,ER2_a_L,CX,cb_intrinsic,L,,Traced,ER2_a,ER2
21932,PEN_b(PEN2),PEN_b(PB06b)_L2,CX,cb_intrinsic,L,,Traced,PEN_b(PEN2),PEN_b(PEN2)
22001,ER5,ER5_L,CX,cb_intrinsic,L,,Traced,ER5,ER5
22084,EL,EL_L,CX,cb_intrinsic,L,,Traced,EL,EL
22086,hDeltaB,hDeltaB_13_C11,CX,cb_intrinsic,L,,Traced,hDeltaB,hDeltaB
22240,PEN_b(PEN2),PEN_b(PB06b)_R5,CX,cb_intrinsic,R,,Traced,PEN_b(PEN2),PEN_b(PEN2)
22302,hDeltaM,hDeltaM_C3,CX,cb_intrinsic,R,,Traced,hDeltaM,hDeltaM
22446,hDeltaH,hDeltaH_11_C6,CX,cb_intrinsic,L,,Traced,hDeltaH,hDeltaH
22461,ER4d,ER4d_R,CX,cb_intrinsic,R,,Traced,ER4d,ER4d
22644,ER3d_a,ER3d_a_R,CX,cb_intrinsic,R,,Traced,ER3d_a,"ER3d_a,ER3d_c"
22657,PFGs,PFGs(PB10)_L9_C9,CX,cb_intrinsic,L,,Traced,PFGs,PFGs
22683,hDeltaM,hDeltaM_C7,CX,cb_intrinsic,L,,Traced,hDeltaM,hDeltaM
22835,PFNd,PFNd(PB04)_R9_C1,CX,cb_intrinsic,R,,Traced,PFNd,PFNd
22838,hDeltaH,hDeltaH_01_C1,CX,cb_intrinsic,R,,Traced,hDeltaH,hDeltaH
22923,hDeltaM,hDeltaM_C1,CX,cb_intrinsic,R,,Traced,hDeltaM,hDeltaM
23071,hDeltaE,hDeltaE_14_C8,CX,cb_intrinsic,L,,Traced,hDeltaE,hDeltaE
23080,ER4d,ER4d_R,CX,cb_intrinsic,R,,Traced,ER4d,ER4d
23083,hDeltaK,hDeltaK_04_C4,CX,cb_intrinsic,R,,Traced,hDeltaK,hDeltaK
23090,hDeltaB,hDeltaB_04_C4,CX,cb_intrinsic,R,,Traced,hDeltaB,hDeltaB
23097,ER2_a,ER2_a_L,CX,cb_intrinsic,L,,Traced,ER2_a,ER2
23159,PFL3,PFL3(PB12c)_R4_C4,CX,cb_intrinsic,R,,Traced,PFL3,PFL3
23163,ER3a_a,ER3a_a_R,CX,cb_intrinsic,R,,Traced,ER3a_a,ER3a
23180,PFGs,PFGs(PB10)_L3_C3,CX,cb_intrinsic,L,,Traced,PFGs,PFGs
23197,ER4d,ER4d_L,CX,cb_intrinsic,L,,Traced,ER4d,ER4d
23231,hDeltaC,hDeltaC_04_C4,CX,cb_intrinsic,R,,Traced,hDeltaC,hDeltaC
23273,PEN_b(PEN2),PEN_b(PB06b)_L3,CX,cb_intrinsic,L,,Traced,PEN_b(PEN2),PEN_b(PEN2)
23315,ER4d,ER4d_L,CX,cb_intrinsic,L,,Traced,ER4d,ER4d
23359,hDeltaK,hDeltaK_12_C10,CX,cb_intrinsic,L,,Traced,hDeltaK,hDeltaK
23381,hDeltaD,hDeltaD_02_C2,CX,cb_intrinsic,R,,Traced,hDeltaD,hDeltaD
23461,PFNa,PFNa(PB03)_R7_C4,CX,cb_intrinsic,R,,Traced,PFNa,PFNa
23520,ER4d,ER4d_L,CX,cb_intrinsic,L,,Traced,ER4d,ER4d
23619,PEN_b(PEN2),PEN_b(PB06b)_R9,CX,cb_intrinsic,R,,Traced,PEN_b(PEN2),PEN_b(PEN2)
23630,hDeltaC,hDeltaC_14_C12,CX,cb_intrinsic,L,,Traced,hDeltaC,hDeltaC
23643,FC3_c,FC3_c_C5_R,CX,cb_intrinsic,R,,Traced,FC3,FC3
23703,ER1_b,ER1_b_R,CX,cb_intrinsic,R,,Traced,ER1_b,ER1
23779,PFGs,PFGs(PB10)_R9_C1,CX,cb_intrinsic,R,,Traced,PFGs,PFGs
23858,hDeltaK,hDeltaK_14_C12a,CX,cb_intrinsic,L,,Traced,hDeltaK,hDeltaK
23859,ER3a_d,ER3a_d_R,CX,cb_intrinsic,R,,Traced,ER3a_d,ER3a
23874,ER4d,ER4d_R,CX,cb_intrinsic,R,,Traced,ER4d,ER4d
23986,hDeltaD,hDeltaD_13_C7,CX,cb_intrinsic,L,,Traced,hDeltaD,hDeltaD
24076,ER4d,ER4d_R,CX,cb_intrinsic,R,,Traced,ER4d,ER4d
24093,ER3w_a,ER3w_a_R,CX,cb_intrinsic,R,,Traced,ER3w_a,ER3w
24122,ER4d,ER4d_R,CX,cb_intrinsic,R,,Traced,ER4d,ER4d
24153,hDeltaK,hDeltaK_05_C5,CX,cb_intrinsic,R,,Traced,hDeltaK,hDeltaK
24314,hDeltaK,hDeltaK_01_C1a,CX,cb_intrinsic,R,,Traced,hDeltaK,hDeltaK
24382,PEN_b(PEN2),PEN_b(PB06b)_R3,CX,cb_intrinsic,R,,Traced,PEN_b(PEN2),PEN_b(PEN2)
24387,hDeltaF,hDeltaF_10_C5b,CX,cb_intrinsic,L,,Traced,hDeltaF,hDeltaF
24459,ER4d,ER4d_L,CX,cb_intrinsic,L,,Traced,ER4d,ER4d
24549,ER3w_c,ER3w_c_L,CX,cb_intrinsic,L,,Traced,ER3w_a,ER3w
24671,hDeltaK,hDeltaK_01_C1b,CX,cb_intrinsic,R,,Traced,hDeltaK,hDeltaK
24683,PFNv,PFNv(PB05)_L5_C4,CX,cb_intrinsic,L,,Traced,PFNv,PFNv
24879,ER4d,ER4d_L,CX,cb_intrinsic,L,,Traced,ER4d,ER4d
24963,hDeltaK,hDeltaK_05_C5,CX,cb_intrinsic,R,,Traced,hDeltaK,hDeltaK
25024,hDeltaK,hDeltaK_08_C7b,CX,cb_intrinsic,L,,Traced,hDeltaK,hDeltaK
25036,hDeltaK,hDeltaK_01_C1b,CX,cb_intrinsic,R,,Traced,hDeltaK,hDeltaK
25137,hDeltaK,hDeltaK_08_C7c,CX,cb_intrinsic,L,,Traced,hDeltaK,hDeltaK
25176,hDeltaK,hDeltaK_02_C2,CX,cb_intrinsic,R,,Traced,hDeltaK,hDeltaK
25184,PEN_b(PEN2),PEN_b(PB06b)_L4,CX,cb_intrinsic,L,,Traced,PEN_b(PEN2),PEN_b(PEN2)
25194,PFNa,PFNa(PB03)_L6_C5,CX,cb_intrinsic,L,,Traced,PFNa,PFNa
25203,ER3w_c,ER3w_c_L,CX,cb_intrinsic,L,,Traced,ER3w_a,ER3w
25210,hDeltaH,hDeltaH_08_C5,CX,cb_intrinsic,L,,Traced,hDeltaH,hDeltaH
25297,ER3w_a,ER3w_a_R,CX,cb_intrinsic,R,,Traced,ER3w_a,ER3w
25329,ER3d_c,ER3d_c_L,CX,cb_intrinsic,L,,Traced,ER3d_c,"ER3d_a,ER3d_c"
25359,ER3p_a,ER3p_a_R,CX,cb_intrinsic,R,,Traced,ER3p_a,ER3p
25447,ER3w_c,ER3w_c_R,CX,cb_intrinsic,R,,Traced,ER3w_a,ER3w
25494,ER3d_e,ER3d_e_L,CX,cb_intrinsic,L,,Traced,ER3d_a,ER3d
25501,ER3w_b,ER3w_b_L,CX,cb_intrinsic,L,,Traced,ER3w_b,ER3w
25549,PFR_b,PFR_b(PB11b)_R4_C5,CX,cb_intrinsic,R,,Traced,PFR_b,PFR_b
25709,ER2_c,ER2_c_L,CX,cb_intrinsic,L,,Traced,ER2_c,ER2
25773,PFNv,PFNv(PB05)_L8_C7,CX,cb_intrinsic,L,,Traced,PFNv,PFNv
25792,PEN_a(PEN1),PEN_a(PB06a)_R4,CX,cb_intrinsic,R,,Traced,PEN_a(PEN1),PEN_a(PEN1)
25797,ER4d,ER4d_L,CX,cb_intrinsic,L,,Traced,ER4d,ER4d
25808,hDeltaC,hDeltaC_04_C4,CX,cb_intrinsic,R,,Traced,hDeltaC,hDeltaC
25841,ER3w_b,ER3w_b_L,CX,cb_intrinsic,L,,Traced,ER3w_b,ER3w
25982,PFNd,PFNd(PB04)_L2_C1,CX,cb_intrinsic,L,,Traced,PFNd,PFNd
26038,PFL3,PFL3(PB12c)_L5_C7,CX,cb_intrinsic,L,,Traced,PFL3,PFL3
26064,hDeltaK,hDeltaK_04_C4,CX,cb_intrinsic,R,,Traced,hDeltaK,hDeltaK
26136,ER2_b,ER2_b_R,CX,cb_intrinsic,R,,Traced,ER2_b,ER2
26242,hDeltaK,hDeltaK_02_C2,CX,cb_intrinsic,R,,Traced,hDeltaK,hDeltaK
26295,ER3m,ER3m_R,CX,cb_intrinsic,R,,Traced,ER3m,ER3m
26417,PEN_b(PEN2),PEN_b(PB06b)_L9,CX,cb_intrinsic,L,,Traced,PEN_b(PEN2),PEN_b(PEN2)
26429,hDeltaK,hDeltaK_07_C6b,CX,cb_intrinsic,R,,Traced,hDeltaK,hDeltaK
26439,hDeltaF,hDeltaF_14_C6,CX,cb_intrinsic,L,,Traced,hDeltaF,hDeltaF
26443,PEG,PEG(PB07)_R5,CX,cb_intrinsic,R,,Traced,PEG,PEG
26488,PFL3,PFL3(PB12c)_R5_C3,CX,cb_intrinsic,R,,Traced,PFL3,PFL3
26673,ER3w_b,ER3w_b_L,CX,cb_intrinsic,L,,Traced,ER3w_b,ER3w
26739,PFNd,PFNd(PB04)_R7_C3,CX,cb_intrinsic,R,,Traced,PFNd,PFNd
26798,ER1_a,ER1_a_L,CX,cb_intrinsic,L,,Traced,ER1_a,ER1
26841,ER3a_a,ER3a_a_L,CX,cb_intrinsic,L,,Traced,ER3a_a,ER3a
26843,ER3w_b,ER3w_b_R,CX,cb_intrinsic,R,,Traced,ER3w_b,ER3w
26913,PFNd,PFNd(PB04)_R2_C8,CX,cb_intrinsic,R,,Traced,PFNd,PFNd
26939,ER3m,ER3m_R,CX,cb_intrinsic,R,,Traced,ER3m,ER3m
26962,hDeltaJ,hDeltaJ_01_C1a,CX,cb_intrinsic,R,,Traced,hDeltaJ,hDeltaJ
27013,ER3m,ER3m_L,CX,cb_intrinsic,L,,Traced,ER3m,ER3m
27043,ER3w_c,ER3w_c_R,CX,cb_intrinsic,R,,Traced,ER3w_a,ER3w
27052,ER3d_d,ER3d_d_R,CX,cb_intrinsic,R,,Traced,ER3d_d,ER3d_d
27106,hDeltaK,hDeltaK_03_C3,CX,cb_intrinsic,R,,Traced,hDeltaK,hDeltaK
27109,hDeltaB,hDeltaB_06_C6,CX,cb_intrinsic,R,,Traced,hDeltaB,hDeltaB
27133,hDeltaK,hDeltaK_03_C3,CX,cb_intrinsic,R,,Traced,hDeltaK,hDeltaK
27179,PFNv,PFNv(PB05)_L2_C1,CX,cb_intrinsic,L,,Traced,PFNv,PFNv
27191,PFNv,PFNv(PB05)_L9_C9,CX,cb_intrinsic,L,,Traced,PFNv,PFNv
27195,hDeltaM,hDeltaM_C2,CX,cb_intrinsic,R,,Traced,hDeltaM,hDeltaM
27213,PFNd,PFNd(PB04)_L7_C6,CX,cb_intrinsic,L,,Traced,PFNd,PFNd
27246,ER3d_d,ER3d_d_R,CX,cb_intrinsic,R,,Traced,ER3d_d,ER3d_d
27269,ER3d_c,ER3d_c_L,CX,cb_intrinsic,L,,Traced,ER3d_c,"ER3d_a,ER3d_c"
27296,PEN_a(PEN1),PEN_a(PB06a)_R6,CX,cb_intrinsic,R,,Traced,PEN_a(PEN1),PEN_a(PEN1)
27326,hDeltaJ,hDeltaJ_14_C12a,CX,cb_intrinsic,L,,Traced,hDeltaJ,hDeltaJ
27348,ER3m,ER3m_L,CX,cb_intrinsic,L,,Traced,ER3m,ER3m
27425,hDeltaK,hDeltaK_13_C11,CX,cb_intrinsic,L,,Traced,hDeltaK,hDeltaK
27454,ER3d_c,ER3d_c_R,CX,cb_intrinsic,R,,Traced,ER3d_c,"ER3d_a,ER3d_c"
27460,PFNd,PFNd(PB04)_R5_C5,CX,cb_intrinsic,R,,Traced,PFNd,PFNd
27492,PFL2,PFL2(PB12b)_L3_C7,CX,cb_intrinsic,L,,Traced,PFL2,PFL2
27502,FC1E,FC1E_C4_L,CX,cb_intrinsic,L,,Traced,FC1E,FC1C
27618,PFNd,PFNd(PB04)_L3_C2,CX,cb_intrinsic,L,,Traced,PFNd,PFNd
27655,hDeltaJ,hDeltaJ_09_C7b,CX,cb_intrinsic,L,,Traced,hDeltaJ,hDeltaJ
27770,ER3w_b,ER3w_b_R,CX,cb_intrinsic,R,,Traced,ER3w_b,ER3w
27806,ER3p_a,ER3p_a_R,CX,cb_intrinsic,R,,Traced,ER3p_a,ER3p
27850,ER3w_b,ER3w_b_R,CX,cb_intrinsic,R,,Traced,ER3w_b,ER3w
27903,ER3d_d,ER3d_d_L,CX,cb_intrinsic,L,,Traced,ER3d_d,ER3d_d
27926,hDeltaJ,hDeltaJ_14_C12b,CX,cb_intrinsic,L,,Traced,hDeltaJ,hDeltaJ
27985,PFNp_c,PFNp_c,CX,cb_intrinsic,L,,Traced,PFNp_c,PFNp
28074,hDeltaJ,hDeltaJ_04_C4,CX,cb_intrinsic,R,,Traced,hDeltaJ,hDeltaJ
28146,PFR_a,PFR_a(PB11a)_L7_C7,CX,cb_intrinsic,L,,Traced,PFR_a,PFR_a
28190,PFNv,PFNv(PB05)_R5_C6,CX,cb_intrinsic,R,,Traced,PFNv,PFNv
28248,PFGs,PFGs(PB10)_R3_C7,CX,cb_intrinsic,R,,Traced,PFGs,PFGs
28254,PFNv,PFNv(PB05)_R2_C9,CX,cb_intrinsic,R,,Traced,PFNv,PFNv
28258,hDeltaG,hDeltaG_07_C4,CX,cb_intrinsic,R,,Traced,hDeltaG,hDeltaG
28339,ER4d,ER4d_R,CX,cb_intrinsic,R,,Traced,ER4d,ER4d
28418,hDeltaL,hDeltaL_01_C1,CX,cb_intrinsic,R,,Traced,hDeltaL,hDeltaL
28430,ER3m,ER3m_L,CX,cb_intrinsic,L,,Traced,ER3m,ER3m
28559,PFNv,PFNv(PB05)_R8_C3,CX,cb_intrinsic,R,,Traced,PFNv,PFNv
28582,hDeltaE,hDeltaE_02_C2,CX,cb_intrinsic,R,,Traced,hDeltaE,hDeltaE
28627,ER3m,ER3m_L,CX,cb_intrinsic,L,,Traced,ER3m,ER3m
28701,ER3d_b,ER3d_b_R,CX,cb_intrinsic,R,,Traced,ER3d_b,ER3d_b
28767,PFGs,PFGs(PB10)_R8_C2,CX,cb_intrinsic,R,,Traced,PFGs,PFGs
28782,hDeltaK,hDeltaK_10_C8,CX,cb_intrinsic,L,,Traced,hDeltaK,hDeltaK
28791,PEN_b(PEN2),PEN_b(PB06b)_R4,CX,cb_intrinsic,R,,Traced,PEN_b(PEN2),PEN_b(PEN2)
29044,PFNa,PFNa(PB03)_R5_C6,CX,cb_intrinsic,R,,Traced,PFNa,PFNa
29046,ER3d_b,ER3d_b_R,CX,cb_intrinsic,R,,Traced,ER3d_b,ER3d_b
29135,PEN_b(PEN2),PEN_b(PB06b)_R6,CX,cb_intrinsic,R,,Traced,PEN_b(PEN2),PEN_b(PEN2)
29177,ER3d_b,ER3d_b_R,CX,cb_intrinsic,R,,Traced,ER3d_b,ER3d_b
29261,PFNd,PFNd(PB04)_L6_C5,CX,cb_intrinsic,L,,Traced,PFNd,PFNd
29403,PFNa,PFNa(PB03)_L9_C9,CX,cb_intrinsic,L,,Traced,PFNa,PFNa
29493,PFNv,PFNv(PB05)_R7_C3,CX,cb_intrinsic,R,,Traced,PFNv,PFNv
29545,ER3w_b,ER3w_b_R,CX,cb_intrinsic,R,,Traced,ER3w_b,ER3w
29648,hDeltaK,hDeltaK_11_C9,CX,cb_intrinsic,L,,Traced,hDeltaK,hDeltaK
29674,FC2A,FC2A_C2_L,CX,cb_intrinsic,L,,Traced,FC2A,FC2A
29701,hDeltaJ,hDeltaJ_01_C1b,CX,cb_intrinsic,R,,Traced,hDeltaJ,hDeltaJ
29711,ER3a_b,ER3a_b_L,CX,cb_intrinsic,L,,Traced,ER3a_b,ER3a
29713,EL,EL_R,CX,cb_intrinsic,R,,Traced,EL,EL
29791,ER3d_b,ER3d_b_L,CX,cb_intrinsic,L,,Traced,ER3d_b,ER3d_b
29836,PFL3,PFL3(PB12c)_L4_C6,CX,cb_intrinsic,L,,Traced,PFL3,PFL3
29842,ER3m,ER3m_R,CX,cb_intrinsic,R,,Traced,ER3m,ER3m
30068,hDeltaA,hDeltaA_10_C8,CX,cb_intrinsic,L,,Traced,hDeltaA,hDeltaA
30122,hDeltaF,hDeltaF_01_C1,CX,cb_intrinsic,R,,Traced,hDeltaF,hDeltaF
30171,ER3a_a,ER3a_a_R,CX,cb_intrinsic,R,,Traced,ER3a_a,ER3a
30178,ER3d_b,ER3d_b_R,CX,cb_intrinsic,R,,Traced,ER3d_b,ER3d_b
30181,PFR_b,PFR_b(PB11b)_L7_C8,CX,cb_intrinsic,L,,Traced,PFR_b,PFR_b
30206,ER5,ER5_R,CX,cb_intrinsic,R,,Traced,ER5,ER5
30234,PFNd,PFNd(PB04)_L5_C4,CX,cb_intrinsic,L,,Traced,PFNd,PFNd
30310,PEN_b(PEN2),PEN_b(PB06b)_R4,CX,cb_intrinsic,R,,Traced,PEN_b(PEN2),PEN_b(PEN2)
30313,PFNv,PFNv(PB05)_L7_C7,CX,cb_intrinsic,L,,Traced,PFNv,PFNv
30329,hDeltaM,hDeltaM_C6,CX,cb_intrinsic,L,,Traced,hDeltaM,hDeltaM
30371,ER1_a,ER1_a_R,CX,cb_intrinsic,R,,Traced,ER1_a,ER1
30443,ER3a_c,ER3a_c_R,CX,cb_intrinsic,R,,Traced,ER3a_c,ER3a
30522,ER3d_b,ER3d_b_R,CX,cb_intrinsic,R,,Traced,ER3d_b,ER3d_b
30592,ER3d_b,ER3d_b_R,CX,cb_intrinsic,R,,Traced,ER3d_b,ER3d_b
30653,PFGs,PFGs(PB10)_R4_C6,CX,cb_intrinsic,R,,Traced,PFGs,PFGs
30674,ER3d_b,ER3d_b_R,CX,cb_intrinsic,R,,Traced,ER3d_b,ER3d_b
30781,PFNd,PFNd(PB04)_R9_C1,CX,cb_intrinsic,R,,Traced,PFNd,PFNd
30805,hDeltaL,hDeltaL_07_C6,CX,cb_intrinsic,L,,Traced,hDeltaL,hDeltaL
30807,PEN_b(PEN2),PEN_b(PB06b)_L4,CX,cb_intrinsic,L,,Traced,PEN_b(PEN2),PEN_b(PEN2)
30968,PFNd,PFNd(PB04)_R5_C5,CX,cb_intrinsic,R,,Traced,PFNd,PFNd
31051,ER3m,ER3m_R,CX,cb_intrinsic,R,,Traced,ER3m,ER3m
31088,ER3p_a,ER3p_a_R,CX,cb_intrinsic,R,,Traced,ER3p_a,ER3p
31121,ER3a_c,ER3a_c_L,CX,cb_intrinsic,L,,Traced,ER3a_c,ER3a
31263,ER3d_b,ER3d_b_R,CX,cb_intrinsic,R,,Traced,ER3d_b,ER3d_b
31499,FC3_c,FC3_c_C8_L,CX,cb_intrinsic,L,,Traced,FC3,FC3
31541,ER3d_d,ER3d_d_R,CX,cb_intrinsic,R,,Traced,ER3d_d,ER3d_d
31627,PFR_b,PFR_b(PB11b)_L3_C4,CX,cb_intrinsic,L,,Traced,PFR_b,PFR_b
31656,hDeltaB,hDeltaB_11_C9,CX,cb_intrinsic,L,,Traced,hDeltaB,hDeltaB
31681,ER1_a,ER1_a_R,CX,cb_intrinsic,R,,Traced,ER1_a,ER1
31684,ER3d_a,ER3d_a_R,CX,cb_intrinsic,R,,Traced,ER3d_a,"ER3d_a,ER3d_c"
31715,hDeltaE,hDeltaE_01_C1,CX,cb_intrinsic,R,,Traced,hDeltaE,hDeltaE
31735,ER1_a,ER1_a_L,CX,cb_intrinsic,L,,Traced,ER1_a,ER1
31756,PFNd,PFNd(PB04)_L9_C8,CX,cb_intrinsic,L,,Traced,PFNd,PFNd
31786,PFR_b,PFR_b(PB11b)_R3_C6,CX,cb_intrinsic,R,,Traced,PFR_b,PFR_b
31970,ER3a_d,ER3a_d_L,CX,cb_intrinsic,L,,Traced,ER3a_d,ER3a
32051,hDeltaD,hDeltaD_01_C1,CX,cb_intrinsic,R,,Traced,hDeltaD,hDeltaD
32122,hDeltaC,hDeltaC_11_C9,CX,cb_intrinsic,L,,Traced,hDeltaC,hDeltaC
32258,PEN_b(PEN2),PEN_b(PB06b)_L9,CX,cb_intrinsic,L,,Traced,PEN_b(PEN2),PEN_b(PEN2)
32300,PFNa,PFNa(PB03)_L5_C4,CX,cb_intrinsic,L,,Traced,PFNa,PFNa
32315,ER1_a,ER1_a_L,CX,cb_intrinsic,L,,Traced,ER1_a,ER1
32432,hDeltaC,hDeltaC_13_C11,CX,cb_intrinsic,L,,Traced,hDeltaC,hDeltaC
32451,PFR_a,PFR_a(PB11a)_L8_C8,CX,cb_intrinsic,L,,Traced,PFR_a,PFR_a
32520,PFNa,PFNa(PB03)_L2_C1,CX,cb_intrinsic,L,,Traced,PFNa,PFNa
32675,hDeltaB,hDeltaB_12_C10,CX,cb_intrinsic,L,,Traced,hDeltaB,hDeltaB
32718,hDeltaB,hDeltaB_12_C10,CX,cb_intrinsic,L,,Traced,hDeltaB,hDeltaB
33293,PFR_a,PFR_a(PB11a)_R4_C6,CX,cb_intrinsic,R,,Traced,PFR_a,PFR_a
33298,PFR_b,PFR_b(PB11b)_L6_C7,CX,cb_intrinsic,L,,Traced,PFR_b,PFR_b
33307,PFNv,PFNv(PB05)_L3_C2,CX,cb_intrinsic,L,,Traced,PFNv,PFNv
33325,PFNd,PFNd(PB04)_L3_C2,CX,cb_intrinsic,L,,Traced,PFNd,PFNd
33356,FC2B,FC2B_C2_L,CX,cb_intrinsic,L,,Traced,FC2B,FC2B
33382,FC2A,FC2A_C8_R,CX,cb_intrinsic,R,,Traced,FC2A,FC2A
33410,hDeltaC,hDeltaC_09_C7,CX,cb_intrinsic,R,,Traced,hDeltaC,hDeltaC
33552,PFR_a,PFR_a(PB11a)_R8_C2,CX,cb_intrinsic,R,,Traced,PFR_a,PFR_a
33589,ER3d_b,ER3d_b_L,CX,cb_intrinsic,L,,Traced,ER3d_b,ER3d_b
33598,PFR_b,PFR_b(PB11b)_R3_C7,CX,cb_intrinsic,R,,Traced,PFR_b,PFR_b
33911,ER3a_b,ER3a_b_R,CX,cb_intrinsic,R,,Traced,ER3a_b,ER3a
34019,FC1D,FC1D_C2_R,CX,cb_intrinsic,R,,Traced,FC1D,FC1D
34038,ER3d_b,ER3d_b_L,CX,cb_intrinsic,L,,Traced,ER3d_b,ER3d_b
34085,PFNa,PFNa(PB03)_L7_C6,CX,cb_intrinsic,L,,Traced,PFNa,PFNa
34188,EL,EL_L,CX,cb_intrinsic,L,,Traced,EL,EL
34203,FC2B,FC2B_C1_R,CX,cb_intrinsic,R,,Traced,FC2B,FC2B
34226,PFNd,PFNd(PB04)_R3_C7,CX,cb_intrinsic,R,,Traced,PFNd,PFNd
34239,ER3a_a,ER3a_a_R,CX,cb_intrinsic,R,,Traced,ER3a_a,ER3a
34607,ER4d,ER4d_L,CX,cb_intrinsic,L,,Traced,ER4d,ER4d
34652,ER1_b,ER1_b_L,CX,cb_intrinsic,L,,Traced,ER1_b,ER1
34737,ER3a_b,ER3a_b_R,CX,cb_intrinsic,R,,Traced,ER3a_b,ER3a
34750,hDeltaD,hDeltaD_05_C3,CX,cb_intrinsic,R,,Traced,hDeltaD,hDeltaD
34802,FC1B,FC1B_C8_R,CX,cb_intrinsic,R,,Traced,FC1B,"FC1A,FC1B,FC1F"
34922,ER3a_b,ER3a_b_R,CX,cb_intrinsic,R,,Traced,ER3a_b,ER3a
34924,hDeltaB,hDeltaB_04_C4,CX,cb_intrinsic,R,,Traced,hDeltaB,hDeltaB
34949,PEN_a(PEN1),PEN_a(PB06a)_L4,CX,cb_intrinsic,L,,Traced,PEN_a(PEN1),PEN_a(PEN1)
35013,PFNm_b,PFNm_b_R5_C6,CX,cb_intrinsic,R,,Traced,PFNm_b,PFNm
35018,FC1B,FC1B_C9_L,CX,cb_intrinsic,L,,Traced,FC1B,"FC1A,FC1B,FC1F"
35277,FC2B,FC2B_C8_R,CX,cb_intrinsic,R,,Traced,FC2B,FC2B
35322,PFL3,PFL3(PB12c)_R1_C7,CX,cb_intrinsic,R,,Traced,PFL3,PFL3
35324,Delta7,Delta7(PB15)_L5R4_L,CX,cb_intrinsic,L,,Traced,Delta7,Delta7
35429,hDeltaJ,hDeltaJ_05_C5,CX,cb_intrinsic,R,,Traced,hDeltaJ,hDeltaJ
35461,PFNd,PFNd(PB04)_L7_C6,CX,cb_intrinsic,L,,Traced,PFNd,PFNd
35545,ER3a_a,ER3a_a_L,CX,cb_intrinsic,L,,Traced,ER3a_a,ER3a
35641,ER3d_c,ER3d_c_L,CX,cb_intrinsic,L,,Traced,ER3d_c,"ER3d_a,ER3d_c"
35738,FC1B,FC1B_C2_R,CX,cb_intrinsic,R,,Traced,FC1B,"FC1A,FC1B,FC1F"
35743,PEN_a(PEN1),PEN_a(PB06a)_R4,CX,cb_intrinsic,R,,Traced,PEN_a(PEN1),PEN_a(PEN1)
35794,PFNd,PFNd(PB04)_R4_C6,CX,cb_intrinsic,R,,Traced,PFNd,PFNd
35865,PFNa,PFNa(PB03)_L4_C3,CX,cb_intrinsic,L,,Traced,PFNa,PFNa
35912,PFGs,PFGs(PB10)_L6_C6,CX,cb_intrinsic,L,,Traced,PFGs,PFGs
35978,ER1_b,ER1_b_L,CX,cb_intrinsic,L,,Traced,ER1_b,ER1
36059,hDeltaK,hDeltaK_10_C8,CX,cb_intrinsic,L,,Traced,hDeltaK,hDeltaK
36201,FC2A,FC2A_C4_L,CX,cb_intrinsic,L,,Traced,FC2A,FC2A
36205,hDeltaJ,hDeltaJ_04_C4,CX,cb_intrinsic,R,,Traced,hDeltaJ,hDeltaJ
36227,FC1A,FC1A_C6_L,CX,cb_intrinsic,L,,Traced,FC1A,"FC1A,FC1B,FC1F"
36235,ER1_c,ER1_c_L,CX,cb_intrinsic,L,,Traced,ER1,ER1
36327,ER3a_a,ER3a_a_R,CX,cb_intrinsic,R,,Traced,ER3a_a,ER3a
36384,ER1_b,ER1_b_R,CX,cb_intrinsic,R,,Traced,ER1_b,ER1
36454,PFNa,PFNa(PB03)_R5_C6,CX,cb_intrinsic,R,,Traced,PFNa,PFNa
36524,ER2_a,ER2_a_L,CX,cb_intrinsic,L,,Traced,ER2_a,ER2
36730,ER1_b,ER1_b_L,CX,cb_intrinsic,L,,Traced,ER1_b,ER1
36928,ER3a_b,ER3a_b_L,CX,cb_intrinsic,L,,Traced,ER3a_b,ER3a
37004,FC1C_a,FC1C_a_C8_L,CX,cb_intrinsic,L,,Traced,FC1C,FC1C
37058,ER1_b,ER1_b_R,CX,cb_intrinsic,R,,Traced,ER1_b,ER1
37105,ER1_b,ER1_b_L,CX,cb_intrinsic,L,,Traced,ER1_b,ER1
37142,PEN_a(PEN1),PEN_a(PB06a)_L6,CX,cb_intrinsic,L,,Traced,PEN_a(PEN1),PEN_a(PEN1)
37437,ER3d_e,ER3d_e_L,CX,cb_intrinsic,L,,Traced,ER3d_a,ER3d
37751,PFNd,PFNd(PB04)_R8_C2,CX,cb_intrinsic,R,,Traced,PFNd,PFNd
37758,ER3d_a,ER3d_a_R,CX,cb_intrinsic,R,,Traced,ER3d_a,"ER3d_a,ER3d_c"
37817,ER3d_e,ER3d_e_R,CX,cb_intrinsic,R,,Traced,ER3d_a,ER3d
38001,ER3a_d,ER3a_d_L,CX,cb_intrinsic,L,,Traced,ER3a_d,ER3a
38084,ER3m,ER3m_L,CX,cb_intrinsic,L,,Traced,ER3m,ER3m
38268,ER1_b,ER1_b_R,CX,cb_intrinsic,R,,Traced,ER1_b,ER1
38306,ER3d_a,ER3d_a_L,CX,cb_intrinsic,L,,Traced,ER3d_a,"ER3d_a,ER3d_c"
38334,PFNd,PFNd(PB04)_R3_C7,CX,cb_intrinsic,R,,Traced,PFNd,PFNd
38832,FC3_c,FC3_c_C1_R,CX,cb_intrinsic,R,,Traced,FC3,FC3
39095,ER1_a,ER1_a_L,CX,cb_intrinsic,L,,Traced,ER1_a,ER1
39385,hDeltaC,hDeltaC_03_C3,CX,cb_intrinsic,R,,Traced,hDeltaC,hDeltaC
39413,PEG,PEG(PB07)_L2,CX,cb_intrinsic,L,,Traced,PEG,PEG
39503,ER3p_a,ER3p_a_L,CX,cb_intrinsic,L,,Traced,ER3p_a,ER3p
39538,FC2A,FC2A_C6_R,CX,cb_intrinsic,R,,Traced,FC2A,FC2A
39567,PFL1,PFL1(PB12a)_L5_C6,CX,cb_intrinsic,L,,Traced,PFL1,PFL1
39690,hDeltaE,hDeltaE_07_C4,CX,cb_intrinsic,L,,Traced,hDeltaE,hDeltaE
39753,PEG,PEG(PB07)_L8,CX,cb_intrinsic,L,,Traced,PEG,PEG
39798,ER5,ER5_L,CX,cb_intrinsic,L,,Traced,ER5,ER5
39813,PEN_b(PEN2),PEN_b(PB06b)_L5,CX,cb_intrinsic,L,,Traced,PEN_b(PEN2),PEN_b(PEN2)
39883,hDeltaF,hDeltaF_07_C3,CX,cb_intrinsic,L,,Traced,hDeltaF,hDeltaF
39970,hDeltaC,hDeltaC_12_C10,CX,cb_intrinsic,L,,Traced,hDeltaC,hDeltaC
40037,PFNd,PFNd(PB04)_R4_C6,CX,cb_intrinsic,R,,Traced,PFNd,PFNd
40069,PFNd,PFNd(PB04)_L4_C3,CX,cb_intrinsic,L,,Traced,PFNd,PFNd
40179,FC2A,FC2A_C7_L,CX,cb_intrinsic,L,,Traced,FC2A,FC2A
40213,ER1_b,ER1_b_L,CX,cb_intrinsic,L,,Traced,ER1_b,ER1
40390,PEN_b(PEN2),PEN_b(PB06b)_R7,CX,cb_intrinsic,R,,Traced,PEN_b(PEN2),PEN_b(PEN2)
40558,ER3d_b,ER3d_b_L,CX,cb_intrinsic,L,,Traced,ER3d_b,ER3d_b
40565,hDeltaK,hDeltaK_11_C9,CX,cb_intrinsic,L,,Traced,hDeltaK,hDeltaK
40768,EPGt,EPGt(PB09)_R9,CX,cb_intrinsic,R,,Traced,EPGt,EPGt
41052,PFNa,PFNa(PB03)_R9_C1,CX,cb_intrinsic,R,,Traced,PFNa,PFNa
41277,hDeltaJ,hDeltaJ_02_C2,CX,cb_intrinsic,R,,Traced,hDeltaJ,hDeltaJ
41556,PFNa,PFNa(PB03)_R7_C4,CX,cb_intrinsic,R,,Traced,PFNa,PFNa
41559,FC2A,FC2A_C9_L,CX,cb_intrinsic,L,,Traced,FC2A,FC2A
41665,ER3a_c,ER3a_c_L,CX,cb_intrinsic,L,,Traced,ER3a_c,ER3a
41715,hDeltaK,hDeltaK_14_C12b,CX,cb_intrinsic,L,,Traced,hDeltaK,hDeltaK
41743,hDeltaK,hDeltaK_14_C12b,CX,cb_intrinsic,L,,Traced,hDeltaK,hDeltaK
41849,PFNd,PFNd(PB04)_L9_C8,CX,cb_intrinsic,L,,Traced,PFNd,PFNd
41908,ER3a_a,ER3a_a_L,CX,cb_intrinsic,L,,Traced,ER3a_a,ER3a
41941,FC2C,FC2C_C4_L,CX,cb_intrinsic,L,,Traced,FC2C,FC2C
42059,PEG,PEG(PB07)_L9,CX,cb_intrinsic,L,,Traced,PEG,PEG
42118,FC3_b,FC3_b_C3_L,CX,cb_intrinsic,L,,Traced,FC3,FC3
42231,hDeltaI,hDeltaI_14_C12,CX,cb_intrinsic,L,,Traced,hDeltaI,hDeltaI
42241,ER1_b,ER1_b_R,CX,cb_intrinsic,R,,Traced,ER1_b,ER1
42264,ER3d_e,ER3d_e_R,CX,cb_intrinsic,R,,Traced,ER3d_a,ER3d
42267,PFNd,PFNd(PB04)_L6_C5,CX,cb_intrinsic,L,,Traced,PFNd,PFNd
42392,PFNa,PFNa(PB03)_R8_C3,CX,cb_intrinsic,R,,Traced,PFNa,PFNa
42440,hDeltaG,hDeltaG_03_C2,CX,cb_intrinsic,R,,Traced,hDeltaG,hDeltaG
42509,ER1_a,ER1_a_R,CX,cb_intrinsic,R,,Traced,ER1_a,ER1
42736,FC3_a,FC3_a_C8_L,CX,cb_intrinsic,L,,Traced,FC3,FC3
42739,hDeltaB,hDeltaB_03_C3,CX,cb_intrinsic,R,,Traced,hDeltaB,hDeltaB
42750,PFNd,PFNd(PB04)_L6_C5,CX,cb_intrinsic,L,,Traced,PFNd,PFNd
42835,PFNd,PFNd(PB04)_L4_C3,CX,cb_intrinsic,L,,Traced,PFNd,PFNd
42975,hDeltaA,hDeltaA_11_C9,CX,cb_intrinsic,L,,Traced,hDeltaA,hDeltaA
43039,ER3d_d,ER3d_d_L,CX,cb_intrinsic,L,,Traced,ER3d_d,ER3d_d
43127,PFNd,PFNd(PB04)_R2_C8,CX,cb_intrinsic,R,,Traced,PFNd,PFNd
43161,hDeltaC,hDeltaC_02_C2,CX,cb_intrinsic,R,,Traced,hDeltaC,hDeltaC
43212,ER3d_a,ER3d_a_L,CX,cb_intrinsic,L,,Traced,ER3d_a,"ER3d_a,ER3d_c"
43683,ER3w_a,ER3w_a_R,CX,cb_intrinsic,R,,Traced,ER3w_a,ER3w
43814,FC1B,FC1B_C6_L,CX,cb_intrinsic,L,,Traced,FC1B,"FC1A,FC1B,FC1F"
43881,PFR_a,PFR_a(PB11a)_L5_C5,CX,cb_intrinsic,L,,Traced,PFR_a,PFR_a
43928,FC1F,FC1F_C6_L,CX,cb_intrinsic,L,,Traced,FC1F,"FC1A,FC1B,FC1F"
44010,ER3w_b,ER3w_b_L,CX,cb_intrinsic,L,,Traced,ER3w_b,ER3w
44127,ER3d_d,ER3d_d_R,CX,cb_intrinsic,R,,Traced,ER3d_d,ER3d_d
44152,PFNa,PFNa(PB03)_L8_C7,CX,cb_intrinsic,L,,Traced,PFNa,PFNa
44256,PFGs,PFGs(PB10)_L5_C5,CX,cb_intrinsic,L,,Traced,PFGs,PFGs
44422,ER3m,ER3m_L,CX,cb_intrinsic,L,,Traced,ER3m,ER3m
44554,FC2B,FC2B_C8_R,CX,cb_intrinsic,R,,Traced,FC2B,FC2B
44669,PFNv,PFNv(PB05)_R4_C7,CX,cb_intrinsic,R,,Traced,PFNv,PFNv
44814,ER3m,ER3m_L,CX,cb_intrinsic,L,,Traced,ER3m,ER3m
44830,ER3d_e,ER3d_e_R,CX,cb_intrinsic,R,,Traced,ER3d_a,ER3d
44909,ER5,ER5_L,CX,cb_intrinsic,L,,Traced,ER5,ER5
45134,ER3p_b,ER3p_b_L,CX,cb_intrinsic,L,,Traced,ER3p_b,ER3p
45151,hDeltaF,hDeltaF_12_C5a,CX,cb_intrinsic,L,,Traced,hDeltaF,hDeltaF
45155,hDeltaE,hDeltaE_11_C6,CX,cb_intrinsic,L,,Traced,hDeltaE,hDeltaE
45282,PFNp_c,PFNp_c,CX,cb_intrinsic,R,,Traced,PFNp_c,PFNp
45343,FC2C,FC2C_C7_L,CX,cb_intrinsic,L,,Traced,FC2C,FC2C
45398,PFNa,PFNa(PB03)_L3_C2,CX,cb_intrinsic,L,,Traced,PFNa,PFNa
45427,EL,EL_R,CX,cb_intrinsic,R,,Traced,EL,EL
45789,FC3_a,FC3_a_C9_L,CX,cb_intrinsic,L,,Traced,FC3,FC3
45839,ER3d_b,ER3d_b_L,CX,cb_intrinsic,L,,Traced,ER3d_b,ER3d_b
45876,FC2A,FC2A_C7_R,CX,cb_intrinsic,R,,Traced,FC2A,FC2A
45969,PEG,PEG(PB07)_R9,CX,cb_intrinsic,R,,Traced,PEG,PEG
46073,EL,EL_R,CX,cb_intrinsic,R,,Traced,EL,EL
46089,ER3p_a,ER3p_a_L,CX,cb_intrinsic,L,,Traced,ER3p_a,ER3p
46169,FC2A,FC2A_C1_L,CX,cb_intrinsic,L,,Traced,FC2A,FC2A
46209,FC3_b,FC3_b_C4_L,CX,cb_intrinsic,L,,Traced,FC3,FC3
46242,ER3w_a,ER3w_a_L,CX,cb_intrinsic,L,,Traced,ER3w_a,ER3w
46262,ER3d_b,ER3d_b_L,CX,cb_intrinsic,L,,Traced,ER3d_b,ER3d_b
46341,ER3w_b,ER3w_b_L,CX,cb_intrinsic,L,,Traced,ER3w_b,ER3w
46358,PFNv,PFNv(PB05)_L4_C3,CX,cb_intrinsic,L,,Traced,PFNv,PFNv
46590,PFNd,PFNd(PB04)_L6_C5,CX,cb_intrinsic,L,,Traced,PFNd,PFNd
46707,ER3w_a,ER3w_a_L,CX,cb_intrinsic,L,,Traced,ER3w_a,ER3w
46764,EL,EL_R,CX,cb_intrinsic,R,,Traced,EL,EL
47036,ER3d_a,ER3d_a_R,CX,cb_intrinsic,R,,Traced,ER3d_a,"ER3d_a,ER3d_c"
47186,ER3m,ER3m_R,CX,cb_intrinsic,R,,Traced,ER3m,ER3m
47194,PFNa,PFNa(PB03)_R8_C3,CX,cb_intrinsic,R,,Traced,PFNa,PFNa
47271,ER3p_a,ER3p_a_L,CX,cb_intrinsic,L,,Traced,ER3p_a,ER3p
47348,hDeltaJ,hDeltaJ_11_C9,CX,cb_intrinsic,L,,Traced,hDeltaJ,hDeltaJ
47369,PFNv,PFNv(PB05)_R6_C5,CX,cb_intrinsic,R,,Traced,PFNv,PFNv
47464,ER3d_d,ER3d_d_R,CX,cb_intrinsic,R,,Traced,ER3d_d,ER3d_d
47528,PFNd,PFNd(PB04)_L4_C3,CX,cb_intrinsic,L,,Traced,PFNd,PFNd
47619,PFNa,PFNa(PB03)_R3_C8,CX,cb_intrinsic,R,,Traced,PFNa,PFNa
47687,PFNa,PFNa(PB03)_R8_C3,CX,cb_intrinsic,R,,Traced,PFNa,PFNa
47796,FC1A,FC1A_C1_R,CX,cb_intrinsic,R,,Traced,FC1A,"FC1A,FC1B,FC1F"
47859,ER3d_c,ER3d_c_R,CX,cb_intrinsic,R,,Traced,ER3d_c,"ER3d_a,ER3d_c"
47996,FC3_b,FC3_b_C1_R,CX,cb_intrinsic,R,,Traced,FC3,FC3
48096,ER3p_a,ER3p_a_L,CX,cb_intrinsic,L,,Traced,ER3p_a,ER3p
48248,FC1A,FC1A_C8_R,CX,cb_intrinsic,R,,Traced,FC1A,"FC1A,FC1B,FC1F"
48277,FC1F,FC1F_C2_L,CX,cb_intrinsic,L,,Traced,FC1F,"FC1A,FC1B,FC1F"
48291,ER3w_b,ER3w_b_L,CX,cb_intrinsic,L,,Traced,ER3w_b,ER3w
48318,ER3d_c,ER3d_c_L,CX,cb_intrinsic,L,,Traced,ER3d_c,"ER3d_a,ER3d_c"
48524,FC1A,FC1A_C8_L,CX,cb_intrinsic,L,,Traced,FC1A,"FC1A,FC1B,FC1F"
48556,FC1D,FC1D_C9_L,CX,cb_intrinsic,L,,Traced,FC1D,FC1D
48583,FC3_a,FC3_a_C7_R,CX,cb_intrinsic,R,,Traced,FC3,FC3
48642,hDeltaG,hDeltaG_08_C5,CX,cb_intrinsic,L,,Traced,hDeltaG,hDeltaG
48667,PFNv,PFNv(PB05)_R3_C8,CX,cb_intrinsic,R,,Traced,PFNv,PFNv
48713,hDeltaL,hDeltaL_02_C2,CX,cb_intrinsic,R,,Traced,hDeltaL,hDeltaL
48956,ER3d_b,ER3d_b_R,CX,cb_intrinsic,R,,Traced,ER3d_b,ER3d_b
49002,ER3p_a,ER3p_a_L,CX,cb_intrinsic,L,,Traced,ER3p_a,ER3p
49288,PFR_a,PFR_a(PB11a)_R3_C7,CX,cb_intrinsic,R,,Traced,PFR_a,PFR_a
49378,ER3d_c,ER3d_c_R,CX,cb_intrinsic,R,,Traced,ER3d_c,"ER3d_a,ER3d_c"
49630,PFNv,PFNv(PB05)_L6_C5,CX,cb_intrinsic,L,,Traced,PFNv,PFNv
49839,PFNv,PFNv(PB05)_R6_C5,CX,cb_intrinsic,R,,Traced,PFNv,PFNv
49869,ER3p_b,ER3p_b_R,CX,cb_intrinsic,R,,Traced,ER3p_b,ER3p
49952,hDeltaG,hDeltaG_04_C3,CX,cb_intrinsic,R,,Traced,hDeltaG,hDeltaG
50007,ER3p_a,ER3p_a_L,CX,cb_intrinsic,L,,Traced,ER3p_a,ER3p
50327,hDeltaI,hDeltaI_09_C8,CX,cb_intrinsic,L,,Traced,hDeltaI,hDeltaI
50431,FC2C,FC2C_C8_R,CX,cb_intrinsic,R,,Traced,FC2C,FC2C
50461,FC2B,FC2B_C9_R,CX,cb_intrinsic,R,,Traced,FC2B,FC2B
50694,ER3w_b,ER3w_b_L,CX,cb_intrinsic,L,,Traced,ER3w_b,ER3w
50808,ER4d,ER4d_L,CX,cb_intrinsic,L,,Traced,ER4d,ER4d
50885,FC2C,FC2C_C2_L,CX,cb_intrinsic,L,,Traced,FC2C,FC2C
50888,ER2_c,ER2_c_L,CX,cb_intrinsic,L,,Traced,ER2_c,ER2
50891,FC3_a,FC3_a_C3_R,CX,cb_intrinsic,R,,Traced,FC3,FC3
50905,FC1E,FC1E_C1_R,CX,cb_intrinsic,R,,Traced,FC1E,FC1C
50984,PFNm_a,PFNm_a_R8_C3,CX,cb_intrinsic,R,,Traced,PFNm_a,PFNm
51159,EL,EL_R,CX,cb_intrinsic,R,,Traced,EL,EL
51365,PFNp_c,PFNp_c,CX,cb_intrinsic,R,,Traced,PFNp_c,PFNp
51382,ER3d_b,ER3d_b_L,CX,cb_intrinsic,L,,Traced,ER3d_b,ER3d_b
51458,hDeltaJ,hDeltaJ_05_C5,CX,cb_intrinsic,R,,Traced,hDeltaJ,hDeltaJ
51509,PFNp_c,PFNp_c,CX,cb_intrinsic,R,,Traced,PFNp_c,PFNp
51519,FC1E,FC1E_C9_L,CX,cb_intrinsic,L,,Traced,FC1E,FC1C
51555,EL,EL_L,CX,cb_intrinsic,L,,Traced,EL,EL
51611,FC3_b,FC3_b_C2_R,CX,cb_intrinsic,R,,Traced,FC3,FC3
51619,PFNa,PFNa(PB03)_L5_C4,CX,cb_intrinsic,L,,Traced,PFNa,PFNa
51622,PFNm_a,PFNm_a_R7_C4,CX,cb_intrinsic,R,,Traced,PFNm_a,PFNm
51782,FC2C,FC2C_C2_R,CX,cb_intrinsic,R,,Traced,FC2C,FC2C
52027,FC3_a,FC3_a_C1_R,CX,cb_intrinsic,R,,Traced,FC3,FC3
52041,PFGs,PFGs(PB10)_L2_C2,CX,cb_intrinsic,L,,Traced,PFGs,PFGs
52191,hDeltaK,hDeltaK_12_C10,CX,cb_intrinsic,L,,Traced,hDeltaK,hDeltaK
52427,FC1A,FC1A_C4_L,CX,cb_intrinsic,L,,Traced,FC1A,"FC1A,FC1B,FC1F"
52579,hDeltaL,hDeltaL_05_C5,CX,cb_intrinsic,R,,Traced,hDeltaL,hDeltaL
52647,PFNa,PFNa(PB03)_R6_C5,CX,cb_intrinsic,R,,Traced,PFNa,PFNa
52649,FC3_a,FC3_a_C2_R,CX,cb_intrinsic,R,,Traced,FC3,FC3
52798,hDeltaL,hDeltaL_10_C8,CX,cb_intrinsic,L,,Traced,hDeltaL,hDeltaL
52832,ER3m,ER3m_R,CX,cb_intrinsic,R,,Traced,ER3m,ER3m
52846,PFNa,PFNa(PB03)_R6_C5,CX,cb_intrinsic,R,,Traced,PFNa,PFNa
52903,PFNd,PFNd(PB04)_R6_C4,CX,cb_intrinsic,R,,Traced,PFNd,PFNd
52966,FC3_a,FC3_a_C2_R,CX,cb_intrinsic,R,,Traced,FC3,FC3
53043,PFNd,PFNd(PB04)_L5_C4,CX,cb_intrinsic,L,,Traced,PFNd,PFNd
53086,PEN_a(PEN1),PEN_a(PB06a)_L6,CX,cb_intrinsic,L,,Traced,PEN_a(PEN1),PEN_a(PEN1)
53176,PFNa,PFNa(PB03)_R6_C5,CX,cb_intrinsic,R,,Traced,PFNa,PFNa
53352,FC1D,FC1D_C7_R,CX,cb_intrinsic,R,,Traced,FC1D,FC1D
53618,ER3p_b,ER3p_b_L,CX,cb_intrinsic,L,,Traced,ER3p_b,ER3p
53745,ER3p_a,ER3p_a_L,CX,cb_intrinsic,L,,Traced,ER3p_a,ER3p
53755,PFR_a,PFR_a(PB11a)_R4_C6,CX,cb_intrinsic,R,,Traced,PFR_a,PFR_a
53796,PFNp_c,PFNp_c,CX,cb_intrinsic,L,,Traced,PFNp_c,PFNp
53837,FC3_a,FC3_a_C6_L,CX,cb_intrinsic,L,,Traced,FC3,FC3
54184,FC1A,FC1A_C3_L,CX,cb_intrinsic,L,,Traced,FC1A,"FC1A,FC1B,FC1F"
54283,FC1A,FC1A_C2_L,CX,cb_intrinsic,L,,Traced,FC1A,"FC1A,FC1B,FC1F"
54443,hDeltaA,hDeltaA_12_C10,CX,cb_intrinsic,L,,Traced,hDeltaA,hDeltaA
54597,ER1_a,ER1_a_L,CX,cb_intrinsic,L,,Traced,ER1_a,ER1
54776,PFNd,PFNd(PB04)_R6_C4,CX,cb_intrinsic,R,,Traced,PFNd,PFNd
54911,FC1F,FC1F_C7_L,CX,cb_intrinsic,L,,Traced,FC1F,"FC1A,FC1B,FC1F"
54912,ER3d_b,ER3d_b_L,CX,cb_intrinsic,L,,Traced,ER3d_b,ER3d_b
55037,FC3_b,FC3_b_C8_R,CX,cb_intrinsic,R,,Traced,FC3,FC3
55049,FC3_c,FC3_c_C4_L,CX,cb_intrinsic,L,,Traced,FC3,FC3
55094,hDeltaD,hDeltaD_07_C4,CX,cb_intrinsic,L,,Traced,hDeltaD,hDeltaD
55143,hDeltaJ,hDeltaJ_03_C3,CX,cb_intrinsic,R,,Traced,hDeltaJ,hDeltaJ
55401,FC2A,FC2A_C9_R,CX,cb_intrinsic,R,,Traced,FC2A,FC2A
55415,FC2B,FC2B_C1_R,CX,cb_intrinsic,R,,Traced,FC2B,FC2B
55481,PFNp_c,PFNp_c,CX,cb_intrinsic,L,,Traced,PFNp_c,PFNp
55527,PEN_b(PEN2),PEN_b(PB06b)_R6,CX,cb_intrinsic,R,,Traced,PEN_b(PEN2),PEN_b(PEN2)
55538,FC3_a,FC3_a_C5_L,CX,cb_intrinsic,L,,Traced,FC3,FC3
55630,EPGt,EPGt(PB09)_R9,CX,cb_intrinsic,R,,Traced,EPGt,EPGt
56106,FC1E,FC1E_C7_R,CX,cb_intrinsic,R,,Traced,FC1E,FC1C
56146,FC1D,FC1D_C3_L,CX,cb_intrinsic,L,,Traced,FC1D,FC1D
56382,FC2A,FC2A_C6_L,CX,cb_intrinsic,L,,Traced,FC2A,FC2A
56466,FC3_a,FC3_a_C5_R,CX,cb_intrinsic,R,,Traced,FC3,FC3
56542,hDeltaK,hDeltaK_12_C10,CX,cb_intrinsic,L,,Traced,hDeltaK,hDeltaK
56545,FC3_b,FC3_b_C8_R,CX,cb_intrinsic,R,,Traced,FC3,FC3
56581,FC1D,FC1D_C4_R,CX,cb_intrinsic,R,,Traced,FC1D,FC1D
56607,FC3_b,FC3_b_C4_L,CX,cb_intrinsic,L,,Traced,FC3,FC3
56635,FC1E,FC1E_C1_R,CX,cb_intrinsic,R,,Traced,FC1E,FC1C
56726,hDeltaL,hDeltaL_13_C11,CX,cb_intrinsic,L,,Traced,hDeltaL,hDeltaL
56799,FC1A,FC1A_C9_L,CX,cb_intrinsic,L,,Traced,FC1A,"FC1A,FC1B,FC1F"
56839,FC3_b,FC3_b_C3_R,CX,cb_intrinsic,R,,Traced,FC3,FC3
56905,FC2C,FC2C_C9_L,CX,cb_intrinsic,L,,Traced,FC2C,FC2C
56993,ER3a_a,ER3a_a_L,CX,cb_intrinsic,L,,Traced,ER3a_a,ER3a
57309,FC1B,FC1B_C7_R,CX,cb_intrinsic,R,,Traced,FC1B,"FC1A,FC1B,FC1F"
57384,PFR_a,PFR_a(PB11a)_R5_C5,CX,cb_intrinsic,R,,Traced,PFR_a,PFR_a
57536,PFNp_c,PFNp_c,CX,cb_intrinsic,L,,Traced,PFNp_c,PFNp
57587,FC3_a,FC3_a_C4_R,CX,cb_intrinsic,R,,Traced,FC3,FC3
57591,EPGt,EPGt(PB09)_L9,CX,cb_intrinsic,L,,Traced,EPGt,EPGt
57600,PFNm_b,PFNm_b_R7_C4,CX,cb_intrinsic,R,,Traced,PFNm_b,PFNm
57603,FC2C,FC2C_C9_L,CX,cb_intrinsic,L,,Traced,FC2C,FC2C
57625,hDeltaG,hDeltaG_12_C7,CX,cb_intrinsic,L,,Traced,hDeltaG,hDeltaG
58073,FC1D,FC1D_C8_R,CX,cb_intrinsic,R,,Traced,FC1D,FC1D
58113,FC1C_b,FC1C_C7_R,CX,cb_intrinsic,R,,Traced,FC1C,FC1C
58335,FC3_b,FC3_b_C7_L,CX,cb_intrinsic,L,,Traced,FC3,FC3
58447,hDeltaC,hDeltaC_07_C6,CX,cb_intrinsic,R,,Traced,hDeltaC,hDeltaC
58561,PFGs,PFGs(PB10)_L8_C8,CX,cb_intrinsic,L,,Traced,PFGs,PFGs
58565,FC1B,FC1B_C8_L,CX,cb_intrinsic,L,,Traced,FC1B,"FC1A,FC1B,FC1F"
58585,PFNm_a,PFNm_a_L8_C7,CX,cb_intrinsic,L,,Traced,PFNm_a,PFNm
58834,EL,EL_R,CX,cb_intrinsic,R,,Traced,EL,EL
59108,PFR_a,PFR_a(PB11a)_R6_C4,CX,cb_intrinsic,R,,Traced,PFR_a,PFR_a
59230,ER3m,ER3m_R,CX,cb_intrinsic,R,,Traced,ER3m,ER3m
59288,PFR_a,PFR_a(PB11a)_R3_C7,CX,cb_intrinsic,R,,Traced,PFR_a,PFR_a
59337,ER3w_b,ER3w_b_L,CX,cb_intrinsic,L,,Traced,ER3w_b,ER3w
59719,FC1D,FC1D_C1_R,CX,cb_intrinsic,R,,Traced,FC1D,FC1D
59735,PFNm_a,PFNm_a_R2_C9,CX,cb_intrinsic,R,,Traced,PFNm_a,PFNm
59806,FC3_c,FC3_c_C6_L,CX,cb_intrinsic,L,,Traced,FC3,FC3
59813,FC1D,FC1D_C6_L,CX,cb_intrinsic,L,,Traced,FC1D,FC1D
59969,hDeltaA,hDeltaA_14_C12,CX,cb_intrinsic,L,,Traced,hDeltaA,hDeltaA
59983,PFNv,PFNv(PB05)_R4_C7,CX,cb_intrinsic,R,,Traced,PFNv,PFNv
59994,PFR_b,PFR_b(PB11b)_L4_C5,CX,cb_intrinsic,L,,Traced,PFR_b,PFR_b
60086,hDeltaJ,hDeltaJ_11_C9,CX,cb_intrinsic,L,,Traced,hDeltaJ,hDeltaJ
60215,FC1B,FC1B_C9_L,CX,cb_intrinsic,L,,Traced,FC1B,"FC1A,FC1B,FC1F"
60323,FC1A,FC1A_C3_R,CX,cb_intrinsic,R,,Traced,FC1A,"FC1A,FC1B,FC1F"
60361,PFNa,PFNa(PB03)_R4_C7,CX,cb_intrinsic,R,,Traced,PFNa,PFNa
60449,PFNp_c,PFNp_c,CX,cb_intrinsic,R,,Traced,PFNp_c,PFNp
60474,FC3_b,FC3_b_C6_L,CX,cb_intrinsic,L,,Traced,FC3,FC3
60481,PFNp_a,PFNp_a,CX,cb_intrinsic,R,,Traced,PFNp_a,PFNp
60586,FC3_a,FC3_a_C2_L,CX,cb_intrinsic,L,,Traced,FC3,FC3
60670,FC2C,FC2C_C1_R,CX,cb_intrinsic,R,,Traced,FC2C,FC2C
61234,PFNp_c,PFNp_c,CX,cb_intrinsic,R,,Traced,PFNp_c,PFNp
61273,ER1_b,ER1_b_L,CX,cb_intrinsic,L,,Traced,ER1_b,ER1
61290,PFNp_c,PFNp_c,CX,cb_intrinsic,R,,Traced,PFNp_c,PFNp
61451,hDeltaL,hDeltaL_03_C3,CX,cb_intrinsic,R,,Traced,hDeltaL,hDeltaL
61553,PFR_a,PFR_a(PB11a)_R2_C8,CX,cb_intrinsic,R,,Traced,PFR_a,PFR_a
61568,FC1D,FC1D_C3_R,CX,cb_intrinsic,R,,Traced,FC1D,FC1D
61590,EL,EL_R,CX,cb_intrinsic,R,,Traced,EL,EL
61731,FC3_c,FC3_c_C4_L,CX,cb_intrinsic,L,,Traced,FC3,FC3
61845,EL,EL_L,CX,cb_intrinsic,L,,Traced,EL,EL
61930,FC1C_b,FC1C_C3_R,CX,cb_intrinsic,R,,Traced,FC1C,FC1C
61978,FC1D,FC1D_C7_L,CX,cb_intrinsic,L,,Traced,FC1D,FC1D
62262,FC1C_b,FC1C_C3_L,CX,cb_intrinsic,L,,Traced,FC1C,FC1C
62443,FC1F,FC1F_C7_L,CX,cb_intrinsic,L,,Traced,FC1F,"FC1A,FC1B,FC1F"
62463,PFNa,PFNa(PB03)_L6_C5,CX,cb_intrinsic,L,,Traced,PFNa,PFNa
62712,FC1E,FC1E_C3_R,CX,cb_intrinsic,R,,Traced,FC1E,FC1C
62821,FC1D,FC1D_C8_R,CX,cb_intrinsic,R,,Traced,FC1D,FC1D
62962,FC3_b,FC3_b_C8_R,CX,cb_intrinsic,R,,Traced,FC3,FC3
63179,hDeltaJ,hDeltaJ_02_C2,CX,cb_intrinsic,R,,Traced,hDeltaJ,hDeltaJ
63277,hDeltaF,hDeltaF_05_C2b,CX,cb_intrinsic,R,,Traced,hDeltaF,hDeltaF
63782,ER3d_c,ER3d_c_L,CX,cb_intrinsic,L,,Traced,ER3d_c,"ER3d_a,ER3d_c"
63838,FC1D,FC1D_C9_L,CX,cb_intrinsic,L,,Traced,FC1D,FC1D
64029,PFNa,PFNa(PB03)_L6_C5,CX,cb_intrinsic,L,,Traced,PFNa,PFNa
64139,FC1C_a,FC1C_a_C1_R,CX,cb_intrinsic,R,,Traced,FC1C,FC1C
64270,FC2C,FC2C_C8_L,CX,cb_intrinsic,L,,Traced,FC2C,FC2C
64298,PFNp_b,PFNp_b,CX,cb_intrinsic,L,,Traced,PFNp_b,PFNp
64541,PFNa,PFNa(PB03)_L4_C3,CX,cb_intrinsic,L,,Traced,PFNa,PFNa
64591,FC1E,FC1E_C4_L,CX,cb_intrinsic,L,,Traced,FC1E,FC1C
64684,FC3_c,FC3_c_C9_L,CX,cb_intrinsic,L,,Traced,FC3,FC3
64842,FC1E,FC1E_C1_R,CX,cb_intrinsic,R,,Traced,FC1E,FC1C
65180,PFNm_a,PFNm_a_L2_C1,CX,cb_intrinsic,L,,Traced,PFNm_a,PFNm
65579,FC3_a,FC3_a_C4_R,CX,cb_intrinsic,R,,Traced,FC3,FC3
65722,PFNp_e,PFNp_e,CX,cb_intrinsic,R,,Traced,PFNp_e,PFNp
65947,FC1F,FC1F_C4_L,CX,cb_intrinsic,L,,Traced,FC1F,"FC1A,FC1B,FC1F"
66205,FC3_c,FC3_c_C4_R,CX,cb_intrinsic,R,,Traced,FC3,FC3
66309,FC1D,FC1D_C6_L,CX,cb_intrinsic,L,,Traced,FC1D,FC1D
66418,FC3_b,FC3_b_C9_L,CX,cb_intrinsic,L,,Traced,FC3,FC3
66479,FC1C_a,FC1C_a_C6_R,CX,cb_intrinsic,R,,Traced,FC1C,FC1C
66644,hDeltaJ,hDeltaJ_10_C8,CX,cb_intrinsic,L,,Traced,hDeltaJ,hDeltaJ
66750,FC2C,FC2C_C4_R,CX,cb_intrinsic,R,,Traced,FC2C,FC2C
66841,PFNa,PFNa(PB03)_L9_C9,CX,cb_intrinsic,L,,Traced,PFNa,PFNa
67006,FC1F,FC1F_C8_L,CX,cb_intrinsic,L,,Traced,FC1F,"FC1A,FC1B,FC1F"
67019,PFNa,PFNa(PB03)_R4_C7,CX,cb_intrinsic,R,,Traced,PFNa,PFNa
67024,FC1D,FC1D_C2_L,CX,cb_intrinsic,L,,Traced,FC1D,FC1D
67055,hDeltaL,hDeltaL_04_C4,CX,cb_intrinsic,R,,Traced,hDeltaL,hDeltaL
67167,hDeltaA,hDeltaA_03_C3,CX,cb_intrinsic,R,,Traced,hDeltaA,hDeltaA
67174,ER1_a,ER1_a_R,CX,cb_intrinsic,R,,Traced,ER1_a,ER1
67250,FC1B,FC1B_C7_L,CX,cb_intrinsic,L,,Traced,FC1B,"FC1A,FC1B,FC1F"
67361,FC2B,FC2B_C2_R,CX,cb_intrinsic,R,,Traced,FC2B,FC2B
67456,FC1B,FC1B_C4_L,CX,cb_intrinsic,L,,Traced,FC1B,"FC1A,FC1B,FC1F"
67598,PFNp_c,PFNp_c,CX,cb_intrinsic,L,,Traced,PFNp_c,PFNp
67717,FC1C_a,FC1C_a_C8_R,CX,cb_intrinsic,R,,Traced,FC1C,FC1C
67741,FC2B,FC2B_C6_R,CX,cb_intrinsic,R,,Traced,FC2B,FC2B
68039,FC1B,FC1B_C1_R,CX,cb_intrinsic,R,,Traced,FC1B,"FC1A,FC1B,FC1F"
68121,FC1F,FC1F_C3_L,CX,cb_intrinsic,L,,Traced,FC1F,"FC1A,FC1B,FC1F"
68271,FC2B,FC2B_C7_L,CX,cb_intrinsic,L,,Traced,FC2B,FC2B
68438,PFNp_a,PFNp_a,CX,cb_intrinsic,R,,Traced,PFNp_a,PFNp
68502,FC2C,FC2C_C1_L,CX,cb_intrinsic,L,,Traced,FC2C,FC2C
68579,FC2C,FC2C_C5_R,CX,cb_intrinsic,R,,Traced,FC2C,FC2C
68775,hDeltaD,hDeltaD_08_C5,CX,cb_intrinsic,L,,Traced,hDeltaD,hDeltaD
69064,PFR_a,PFR_a(PB11a)_R1_C1_irreg,CX,cb_intrinsic,L,,Traced,PFR_a,PFR_a
69106,FC1E,FC1E_C2_R,CX,cb_intrinsic,R,,Traced,FC1E,FC1C
69262,PFNp_c,PFNp_c,CX,cb_intrinsic,R,,Traced,PFNp_c,PFNp
69315,FC1C_b,FC1C_C6_R,CX,cb_intrinsic,R,,Traced,FC1C,FC1C
69319,ER1_a,ER1_a_R,CX,cb_intrinsic,R,,Traced,ER1_a,ER1
69454,ER3a_d,ER3a_d_L,CX,cb_intrinsic,L,,Traced,ER3a_d,ER3a
69515,PFNd,PFNd(PB04)_R4_C6,CX,cb_intrinsic,R,,Traced,PFNd,PFNd
69541,PFNm_a,PFNm_a_R4_C7,CX,cb_intrinsic,R,,Traced,PFNm_a,PFNm
69599,PFNp_e,PFNp_e,CX,cb_intrinsic,L,,Traced,PFNp_e,PFNp
69704,hDeltaI,hDeltaI_02_C2,CX,cb_intrinsic,R,,Traced,hDeltaI,hDeltaI
69783,FC,FC1C(?)_C3_L,CX,cb_intrinsic,L,,Traced,,
69923,FC1F,FC1F_C1_R,CX,cb_intrinsic,R,,Traced,FC1F,"FC1A,FC1B,FC1F"
69954,hDeltaC,hDeltaC_05_C5,CX,cb_intrinsic,R,,Traced,hDeltaC,hDeltaC
70230,PFNp_c,PFNp_c,CX,cb_intrinsic,R,,Traced,PFNp_c,PFNp
70307,PFNa,PFNa(PB03)_L7_C6,CX,cb_intrinsic,L,,Traced,PFNa,PFNa
70329,hDeltaJ,hDeltaJ_07_C6a,CX,cb_intrinsic,R,,Traced,hDeltaJ,hDeltaJ
70533,PFNa,PFNa(PB03)_R7_C4,CX,cb_intrinsic,R,,Traced,PFNa,PFNa
70894,PFNa,PFNa(PB03)_L4_C3,CX,cb_intrinsic,L,,Traced,PFNa,PFNa
71015,FC1E,FC1E_C3_R,CX,cb_intrinsic,R,,Traced,FC1E,FC1C
71397,FC1C_b,FC1C_C8_R,CX,cb_intrinsic,R,,Traced,FC1C,FC1C
71503,ER1_c,ER1_c_R,CX,cb_intrinsic,R,,Traced,ER1,ER1
71718,FC3_b,FC3_b_C7_R,CX,cb_intrinsic,R,,Traced,FC3,FC3
71747,PFNm_a,PFNm_a_R6_C5,CX,cb_intrinsic,R,,Traced,PFNm_a,PFNm
71752,PFNp_a,PFNp_a,CX,cb_intrinsic,L,,Traced,PFNp_a,PFNp
71779,hDeltaL,hDeltaL_12_C10,CX,cb_intrinsic,L,,Traced,hDeltaL,hDeltaL
71855,FC2A,FC2A_C3_L,CX,cb_intrinsic,L,,Traced,FC2A,FC2A
72143,PFNp_c,PFNp_c,CX,cb_intrinsic,L,,Traced,PFNp_c,PFNp
72390,FC1E,FC1E_C8_R,CX,cb_intrinsic,R,,Traced,FC1E,FC1C
72472,PFNm_b,PFNm_b_R9_C1,CX,cb_intrinsic,R,,Traced,PFNm_b,PFNm
72491,ER1_c,ER1_c_R,CX,cb_intrinsic,R,,Traced,ER1,ER1
72669,PFNp_e,PFNp_e,CX,cb_intrinsic,R,,Traced,PFNp_e,PFNp
72824,ER3a_a,ER3a_a_R,CX,cb_intrinsic,R,,Traced,ER3a_a,ER3a
72902,FC1E,FC1E_C6_L,CX,cb_intrinsic,L,,Traced,FC1E,FC1C
72957,hDeltaJ,hDeltaJ_12_C10,CX,cb_intrinsic,L,,Traced,hDeltaJ,hDeltaJ
73114,PFNp_c,PFNp_c,CX,cb_intrinsic,R,,Traced,PFNp_c,PFNp
73244,FC1C_b,FC1C_C2_R,CX,cb_intrinsic,R,,Traced,FC1C,FC1C
73853,hDeltaI,hDeltaI_13_C11,CX,cb_intrinsic,L,,Traced,hDeltaI,hDeltaI
74326,FC2B,FC2B_C8_L,CX,cb_intrinsic,L,,Traced,FC2B,FC2B
74349,FC3_c,FC3_c_C7_L,CX,cb_intrinsic,L,,Traced,FC3,FC3
74366,PFNp_c,PFNp_c,CX,cb_intrinsic,L,,Traced,PFNp_c,PFNp
74480,FC2C,FC2C_C9_R,CX,cb_intrinsic,R,,Traced,FC2C,FC2C
74666,hDeltaE,hDeltaE_08_C5,CX,cb_intrinsic,L,,Traced,hDeltaE,hDeltaE
74836,PFNa,PFNa(PB03)_R3_C8,CX,cb_intrinsic,R,,Traced,PFNa,PFNa
74917,PFR_a,PFR_a(PB11a)_R5_C5,CX,cb_intrinsic,R,,Traced,PFR_a,PFR_a
74988,PFNp_e,PFNp_e,CX,cb_intrinsic,L,,Traced,PFNp_e,PFNp
75558,FC1A,FC1A_C5_R,CX,cb_intrinsic,R,,Traced,FC1A,"FC1A,FC1B,FC1F"
75581,FC1B,FC1B_C7_R,CX,cb_intrinsic,R,,Traced,FC1B,"FC1A,FC1B,FC1F"
75598,PFNa,PFNa(PB03)_R8_C3,CX,cb_intrinsic,R,,Traced,PFNa,PFNa
75651,PFNa,PFNa(PB03),CX,cb_intrinsic,R,,Traced,PFNa,PFNa
75688,hDeltaJ,hDeltaJ_03_C3,CX,cb_intrinsic,R,,Traced,hDeltaJ,hDeltaJ
75724,PFNm_a,PFNm_a_R5_C6,CX,cb_intrinsic,R,,Traced,PFNm_a,PFNm
76194,PEN_a(PEN1),PEN_a(PB06a)_R5,CX,cb_intrinsic,R,,Traced,PEN_a(PEN1),PEN_a(PEN1)
76492,PFNp_c,PFNp_c,CX,cb_intrinsic,R,,Traced,PFNp_c,PFNp
76845,FC1C_b,FC1C_C1_R,CX,cb_intrinsic,R,,Traced,FC1C,FC1C
76931,PFL1,PFL1(PB12a)_R4_C5,CX,cb_intrinsic,R,,Traced,PFL1,PFL1
77090,hDeltaM,hDeltaM_C5,CX,cb_intrinsic,L,,Traced,hDeltaM,hDeltaM
77211,PFNm_a,PFNm_a_R9_C1,CX,cb_intrinsic,R,,Traced,PFNm_a,PFNm
77285,PFNa,PFNa(PB03)_L8_C7,CX,cb_intrinsic,L,,Traced,PFNa,PFNa
77360,PFNd,PFNd(PB04)_R6_C4,CX,cb_intrinsic,R,,Traced,PFNd,PFNd
77770,FC1E,FC1E_C7_L,CX,cb_intrinsic,L,,Traced,FC1E,FC1C
77801,PFNm_a,PFNm_a_R6_C5,CX,cb_intrinsic,R,,Traced,PFNm_a,PFNm
77911,FC3_a,FC3_a_C6_R,CX,cb_intrinsic,R,,Traced,FC3,FC3
78121,PFNp_c,PFNp_c,CX,cb_intrinsic,R,,Traced,PFNp_c,PFNp
78549,FC3_b,FC3_b_C3_R,CX,cb_intrinsic,R,,Traced,FC3,FC3
78718,FC1E,FC1E_C3_L,CX,cb_intrinsic,L,,Traced,FC1E,FC1C
79204,FC2C,FC2C_C3_L,CX,cb_intrinsic,L,,Traced,FC2C,FC2C
79549,PFL3,PFL3(PB12c)_R7_C1,CX,cb_intrinsic,R,,Traced,PFL3,PFL3
79615,PFR_b,PFR_b(PB11b)_L1_C9_irreg,CX,cb_intrinsic,L,,Traced,PFR_b,PFR_b
79639,PFNm_a,PFNm_a_R3_C8,CX,cb_intrinsic,R,,Traced,PFNm_a,PFNm
79839,hDeltaI,hDeltaI_11_C9,CX,cb_intrinsic,L,,Traced,hDeltaI,hDeltaI
80130,hDeltaC,hDeltaC_11_C9,CX,cb_intrinsic,L,,Traced,hDeltaC,hDeltaC
80388,PFNp_e,PFNp_e,CX,cb_intrinsic,L,,Traced,PFNp_e,PFNp
80453,PFNd,PFNd(PB04)_R4_C6,CX,cb_intrinsic,R,,Traced,PFNd,PFNd
80750,hDeltaJ,hDeltaJ_13_C11,CX,cb_intrinsic,L,,Traced,hDeltaJ,hDeltaJ
80867,ER1_a,ER1_a_R,CX,cb_intrinsic,R,,Traced,ER1_a,ER1
81159,PEG,PEG(PB07)_L5,CX,cb_intrinsic,L,,Traced,PEG,PEG
81176,FC1C_a,FC1C_a_C5_R,CX,cb_intrinsic,R,,Traced,FC1C,FC1C
81432,PFNa,PFNa(PB03)_L8_C7,CX,cb_intrinsic,L,,Traced,PFNa,PFNa
82236,FC,FC1C(?)_C4_R,CX,cb_intrinsic,R,,Traced,,
82293,FC2B,FC2B_C5_L,CX,cb_intrinsic,L,,Traced,FC2B,FC2B
82613,hDeltaI,hDeltaI_06_C5,CX,cb_intrinsic,R,,Traced,hDeltaI,hDeltaI
82637,FC1C_b,FC1C_C5_R,CX,cb_intrinsic,R,,Traced,FC1C,FC1C
82772,PFNa,PFNa(PB03)_R4_C7,CX,cb_intrinsic,R,,Traced,PFNa,PFNa
82884,FC3_a,FC3_a_C7_L,CX,cb_intrinsic,L,,Traced,FC3,FC3
83478,PFNp_c,PFNp_c,CX,cb_intrinsic,R,,Traced,PFNp_c,PFNp
83804,FC1A,FC1A_C6_R,CX,cb_intrinsic,R,,Traced,FC1A,"FC1A,FC1B,FC1F"
84064,PFNp_c,PFNp_c,CX,cb_intrinsic,L,,Traced,PFNp_c,PFNp
84617,PFNp_a,PFNp_a,CX,cb_intrinsic,R,,Traced,PFNp_a,PFNp
84708,FC1C_b,FC1C_C6_L,CX,cb_intrinsic,L,,Traced,FC1C,FC1C
84758,EPG,EPG(PB08)_L7,CX,cb_intrinsic,L,,Traced,EPG,EPG
84873,hDeltaJ,hDeltaJ_08_C7a,CX,cb_intrinsic,L,,Traced,hDeltaJ,hDeltaJ
85400,FC2B,FC2B_C7_R,CX,cb_intrinsic,R,,Traced,FC2B,FC2B
85745,FC3_b,FC3_b_C1_R,CX,cb_intrinsic,R,,Traced,FC3,FC3
87610,FC1C_a,FC1C_a_C9_L,CX,cb_intrinsic,L,,Traced,FC1C,FC1C
87630,FC2B,FC2B_C3_L,CX,cb_intrinsic,L,,Traced,FC2B,FC2B
87815,FC3_c,FC3_c_C2_L,CX,cb_intrinsic,L,,Traced,FC3,FC3
88014,PFR_a,PFR_a(PB11a)_L4_C4,CX,cb_intrinsic,L,,Traced,PFR_a,PFR_a
88342,EPG,EPG(PB08)_L3,CX,cb_intrinsic,L,,Traced,EPG,EPG
88795,FC1F,FC1F_C3_R,CX,cb_intrinsic,R,,Traced,FC1F,"FC1A,FC1B,FC1F"
88904,hDeltaE,hDeltaE_04_C3,CX,cb_intrinsic,R,,Traced,hDeltaE,hDeltaE
89635,FC2B,FC2B_C3_R,CX,cb_intrinsic,R,,Traced,FC2B,FC2B
89657,FC1C_a,FC1C_a_C4_L,CX,cb_intrinsic,L,,Traced,FC1C,FC1C
90155,FC1D,FC1D_C3_R,CX,cb_intrinsic,R,,Traced,FC1D,FC1D
90331,FC1C_a,FC1C_a_C2_R,CX,cb_intrinsic,R,,Traced,FC1C,FC1C
90497,FC3_a,FC3_a_C3_L,CX,cb_intrinsic,L,,Traced,FC3,FC3
90574,PFR_a,PFR_a(PB11a)_L3_C3,CX,cb_intrinsic,L,,Traced,PFR_a,PFR_a
90634,hDeltaJ,hDeltaJ_12_C10,CX,cb_intrinsic,L,,Traced,hDeltaJ,hDeltaJ
91004,hDeltaJ,hDeltaJ_10_C8,CX,cb_intrinsic,L,,Traced,hDeltaJ,hDeltaJ
91537,FC2C,FC2C_C5_L,CX,cb_intrinsic,L,,Traced,FC2C,FC2C
92188,EPG,EPG(PB08)_R7,CX,cb_intrinsic,R,,Traced,EPG,EPG
92330,hDeltaI,hDeltaI_05_C4,CX,cb_intrinsic,R,,Traced,hDeltaI,hDeltaI
92514,FC1A,FC1A_C4_R,CX,cb_intrinsic,R,,Traced,FC1A,"FC1A,FC1B,FC1F"
92611,FC1A,FC1A_C5_L,CX,cb_intrinsic,L,,Traced,FC1A,"FC1A,FC1B,FC1F"
92664,FC1A,FC1A_C7_R,CX,cb_intrinsic,R,,Traced,FC1A,"FC1A,FC1B,FC1F"
93186,PFNp_c,PFNp_c,CX,cb_intrinsic,L,,Traced,PFNp_c,PFNp
94100,FC1F,FC1F_C6_R,CX,cb_intrinsic,R,,Traced,FC1F,"FC1A,FC1B,FC1F"
94805,FC1D,FC1D_C6_R,CX,cb_intrinsic,R,,Traced,FC1D,FC1D
95713,FC2C,FC2C_C4_L,CX,cb_intrinsic,L,,Traced,FC2C,FC2C
96384,FC2B,FC2B_C5_R,CX,cb_intrinsic,R,,Traced,FC2B,FC2B
97083,PFNa,PFNa(PB03)_R2_C9,CX,cb_intrinsic,R,,Traced,PFNa,PFNa
97443,FC2B,FC2B_C8_L,CX,cb_intrinsic,L,,Traced,FC2B,FC2B
97678,PFNv,PFNv(PB05)_L6_C5,CX,cb_intrinsic,L,,Traced,PFNv,PFNv
98337,PFNa,PFNa(PB03)_R4_C7,CX,cb_intrinsic,R,,Traced,PFNa,PFNa
98391,PFNa,PFNa(PB03)_L6_C5,CX,cb_intrinsic,L,,Traced,PFNa,PFNa
98430,PFNp_e,PFNp_e,CX,cb_intrinsic,L,,Traced,PFNp_e,PFNp
98471,PFNp_a,PFNp_a,CX,cb_intrinsic,L,,Traced,PFNp_a,PFNp
98874,PFNd,PFNd(PB04)_L8_C7,CX,cb_intrinsic,L,,Traced,PFNd,PFNd
99820,FC2B,FC2B_C4_L,CX,cb_intrinsic,L,,Traced,FC2B,FC2B
99942,PFNp_a,PFNp_a,CX,cb_intrinsic,R,,Traced,PFNp_a,PFNp
100809,PEG,PEG(PB07)_L7,CX,cb_intrinsic,L,,Traced,PEG,PEG
101011,FC2C,FC2C_C6_R,CX,cb_intrinsic,R,,Traced,FC2C,FC2C
101125,PFNm_a,PFNm_a_R2_C9,CX,cb_intrinsic,R,,Traced,PFNm_a,PFNm
101791,PFNp_e,PFNp_e,CX,cb_intrinsic,L,,Traced,PFNp_e,PFNp
101898,PFNa,PFNa(PB03)_L4_C3,CX,cb_intrinsic,L,,Traced,PFNa,PFNa
102209,PFNa,PFNa(PB03)_L4_C3,CX,cb_intrinsic,L,,Traced,PFNa,PFNa
102689,PFNv,PFNv(PB05)_R9_C1,CX,cb_intrinsic,R,,Traced,PFNv,PFNv
103466,FC2B,FC2B_C2_L,CX,cb_intrinsic,L,,Traced,FC2B,FC2B
103482,FC1F,FC1F_C8_R,CX,cb_intrinsic,R,,Traced,FC1F,"FC1A,FC1B,FC1F"
104306,ER3a_a,ER3a_a_L,CX,cb_intrinsic,L,,Traced,ER3a_a,ER3a
104473,PFNp_b,PFNp_b,CX,cb_intrinsic,R,,Traced,PFNp_b,PFNp
106292,FC1D,FC1D_C4_R,CX,cb_intrinsic,R,,Traced,FC1D,FC1D
106495,FC2B,FC2B_C6_R,CX,cb_intrinsic,R,,Traced,FC2B,FC2B
107195,EPG,EPG(PB08)_L5,CX,cb_intrinsic,L,,Traced,EPG,EPG
107497,PFNp_e,PFNp_e,CX,cb_intrinsic,R,,Traced,PFNp_e,PFNp
107521,FC3_b,FC3_b_C2_L,CX,cb_intrinsic,L,,Traced,FC3,FC3
107571,PFNm_b,PFNm_b_L8_C7,CX,cb_intrinsic,L,,Traced,PFNm_b,PFNm
107690,FC2B,FC2B_C4_L,CX,cb_intrinsic,L,,Traced,FC2B,FC2B
108042,PFNp_b,PFNp_b,CX,cb_intrinsic,R,,Traced,PFNp_b,PFNp
108286,FC2C,FC2C_C7_R,CX,cb_intrinsic,R,,Traced,FC2C,FC2C
108332,PFNp_a,PFNp_a,CX,cb_intrinsic,L,,Traced,PFNp_a,PFNp
108415,hDeltaJ,hDeltaJ_09_C7b,CX,cb_intrinsic,L,,Traced,hDeltaJ,hDeltaJ
108478,PFL3,PFL3(PB12c)_L1_C3,CX,cb_intrinsic,L,,Traced,PFL3,PFL3
108643,FC1E,FC1E_C6_R,CX,cb_intrinsic,R,,Traced,FC1E,FC1C
109752,FC2C,FC2C_C9_R,CX,cb_intrinsic,R,,Traced,FC2C,FC2C
109806,PFNm_b,PFNm_b_L9_C9,CX,cb_intrinsic,L,,Traced,PFNm_b,PFNm
109866,hDeltaC,hDeltaC_12_C10,CX,cb_intrinsic,L,,Traced,hDeltaC,hDeltaC
110276,PFNp_b,PFNp_b,CX,cb_intrinsic,R,,Traced,PFNp_b,PFNp
110323,FC1B,FC1B_C3_R,CX,cb_intrinsic,R,,Traced,FC1B,"FC1A,FC1B,FC1F"
110439,PFNp_c,PFNp_c,CX,cb_intrinsic,L,,Traced,PFNp_c,PFNp
111108,PFNa,PFNa(PB03)_R6_C5,CX,cb_intrinsic,R,,Traced,PFNa,PFNa
111244,FC1F,FC1F_C5_R,CX,cb_intrinsic,R,,Traced,FC1F,"FC1A,FC1B,FC1F"
112039,PFNp_a,PFNp_a,CX,cb_intrinsic,R,,Traced,PFNp_a,PFNp
112250,PFNp_c,PFNp_c,CX,cb_intrinsic,R,,Traced,PFNp_c,PFNp
112377,PFNp_b,PFNp_b,CX,cb_intrinsic,R,,Traced,PFNp_b,PFNp
112723,PFNp_e,PFNp_e,CX,cb_intrinsic,R,,Traced,PFNp_e,PFNp
112756,PFNp_e,PFNp_e,CX,cb_intrinsic,R,,Traced,PFNp_e,PFNp
112888,FC2C,FC2C_C8_L,CX,cb_intrinsic,L,,Traced,FC2C,FC2C
112940,FC1E,FC1E_C5_L,CX,cb_intrinsic,L,,Traced,FC1E,FC1C
113398,FC1B,FC1B_C4_R,CX,cb_intrinsic,R,,Traced,FC1B,"FC1A,FC1B,FC1F"
113489,PFNp_a,PFNp_a,CX,cb_intrinsic,R,,Traced,PFNp_a,PFNp
113500,FC3_b,FC3_b_C5_L,CX,cb_intrinsic,L,,Traced,FC3,FC3
114009,FC1B,FC1B_C5_R,CX,cb_intrinsic,R,,Traced,FC1B,"FC1A,FC1B,FC1F"
114050,PFNa,PFNa(PB03),CX,cb_intrinsic,R,,Traced,PFNa,PFNa
114426,PFNm_b,PFNm_b_R9_C1,CX,cb_intrinsic,R,,Traced,PFNm_b,PFNm
114647,PFNm_b,PFNm_b_L3_C2,CX,cb_intrinsic,L,,Traced,PFNm_b,PFNm
115260,PFNa,PFNa(PB03)_L2_C1,CX,cb_intrinsic,L,,Traced,PFNa,PFNa
115261,FC2C,FC2C_C6_L,CX,cb_intrinsic,L,,Traced,FC2C,FC2C
115624,PFNa,PFNa(PB03)_R4_C7,CX,cb_intrinsic,R,,Traced,PFNa,PFNa
115674,FC2C,FC2C_C4_R,CX,cb_intrinsic,R,,Traced,FC2C,FC2C
116777,PFNp_e,PFNp_e,CX,cb_intrinsic,L,,Traced,PFNp_e,PFNp
117356,FC1E,FC1E_C2_L,CX,cb_intrinsic,L,,Traced,FC1E,FC1C
117879,PFNp_b,PFNp_b,CX,cb_intrinsic,R,,Traced,PFNp_b,PFNp
118288,PFNm_b,PFNm_b_R2_C9,CX,cb_intrinsic,R,,Traced,PFNm_b,PFNm
118617,FC1D,FC1D_C5_R,CX,cb_intrinsic,R,,Traced,FC1D,FC1D
118973,PFNm_b,PFNm_b_R8_C3,CX,cb_intrinsic,R,,Traced,PFNm_b,PFNm
118980,PFNa,PFNa(PB03)_L2_C1,CX,cb_intrinsic,L,,Traced,PFNa,PFNa
119544,FC2C,FC2C_C6_L,CX,cb_intrinsic,L,,Traced,FC2C,FC2C
119668,FC1D,FC1D_C7_L,CX,cb_intrinsic,L,,Traced,FC1D,FC1D
119819,FC2C,FC2C_C8_L,CX,cb_intrinsic,L,,Traced,FC2C,FC2C
120591,FC1C_b,FC1C_C4_R,CX,cb_intrinsic,R,,Traced,FC1C,FC1C
121959,hDeltaJ,hDeltaJ_08_C7a,CX,cb_intrinsic,L,,Traced,hDeltaJ,hDeltaJ
122132,PFNp_c,PFNp_c,CX,cb_intrinsic,R,,Traced,PFNp_c,PFNp
122167,FC2C,FC2C_C7_R,CX,cb_intrinsic,R,,Traced,FC2C,FC2C
122334,FC2C,FC2C_C7_L,CX,cb_intrinsic,L,,Traced,FC2C,FC2C
123047,hDeltaI,hDeltaI_12_C10,CX,cb_intrinsic,L,,Traced,hDeltaI,hDeltaI
123127,PFNa,PFNa(PB03)_L6_C5,CX,cb_intrinsic,L,,Traced,PFNa,PFNa
123428,PFNp_e,PFNp_e,CX,cb_intrinsic,R,,Traced,PFNp_e,PFNp
124099,PFNp_b,PFNp_b,CX,cb_intrinsic,R,,Traced,PFNp_b,PFNp
124313,PFNm_b,PFNm_b_L9_C9,CX,cb_intrinsic,L,,Traced,PFNm_b,PFNm
124466,PFNm_b,PFNm_b_L7_C6,CX,cb_intrinsic,L,,Traced,PFNm_b,PFNm
124562,FC2C,FC2C_C5_L,CX,cb_intrinsic,L,,Traced,FC2C,FC2C
124659,hDeltaI,hDeltaI_04_C4,CX,cb_intrinsic,R,,Traced,hDeltaI,hDeltaI
125273,PFNm_b,PFNm_b_R8_C3,CX,cb_intrinsic,R,,Traced,PFNm_b,PFNm
125729,PFNm_b,PFNm_b_R5_C6,CX,cb_intrinsic,R,,Traced,PFNm_b,PFNm
125940,PFNp_b,PFNp_b,CX,cb_intrinsic,R,,Traced,PFNp_b,PFNp
126061,hDeltaI,hDeltaI_05_C4,CX,cb_intrinsic,R,,Traced,hDeltaI,hDeltaI
127661,FC2C,FC2C_C6_R,CX,cb_intrinsic,R,,Traced,FC2C,FC2C
129715,PFNa,PFNa(PB03)_L4_C3,CX,cb_intrinsic,L,,Traced,PFNa,PFNa
129748,PFNm_b,PFNm_b_L8_C7,CX,cb_intrinsic,L,,Traced,PFNm_b,PFNm
129780,FC3_b,FC3_b_C3_L,CX,cb_intrinsic,L,,Traced,FC3,FC3
129790,FC1F,FC1F_C5_L,CX,cb_intrinsic,L,,Traced,FC1F,"FC1A,FC1B,FC1F"
129971,PFNp_a,PFNp_a,CX,cb_intrinsic,R,,Traced,PFNp_a,PFNp
130007,FC1B,FC1B_C2_L,CX,cb_intrinsic,L,,Traced,FC1B,"FC1A,FC1B,FC1F"
130104,FC1E,FC1E_C5_R,CX,cb_intrinsic,R,,Traced,FC1E,FC1C
130835,FC1C_b,FC1C_C4_L,CX,cb_intrinsic,L,,Traced,FC1C,FC1C
130971,hDeltaI,hDeltaI_12_C10,CX,cb_intrinsic,L,,Traced,hDeltaI,hDeltaI
131142,PFNp_c,PFNp_c,CX,cb_intrinsic,R,,Traced,PFNp_c,PFNp
131273,FC2A,FC2A_C5_R,CX,cb_intrinsic,R,,Traced,FC2A,FC2A
131313,EPG,EPG(PB08)_R6,CX,cb_intrinsic,R,,Traced,EPG,EPG
131537,PFNp_c,PFNp_c,CX,cb_intrinsic,R,,Traced,PFNp_c,PFNp
131984,FC1C_b,FC1C_C5_L,CX,cb_intrinsic,L,,Traced,FC1C,FC1C
132382,PFNp_e,PFNp_e,CX,cb_intrinsic,L,,Traced,PFNp_e,PFNp
132482,FC2C,FC2C_C9_L,CX,cb_intrinsic,L,,Traced,FC2C,FC2C
132828,PFNp_c,PFNp_c,CX,cb_intrinsic,R,,Traced,PFNp_c,PFNp
132898,PFNp_c,PFNp_c,CX,cb_intrinsic,L,,Traced,PFNp_c,PFNp
133002,PFNp_e,PFNp_e,CX,cb_intrinsic,L,,Traced,PFNp_e,PFNp
133079,PFNp_a,PFNp_a,CX,cb_intrinsic,L,,Traced,PFNp_a,PFNp
133645,PFNp_c,PFNp_c,CX,cb_intrinsic,L,,Traced,PFNp_c,PFNp
133953,FC1C_b,FC1C_C4_R,CX,cb_intrinsic,R,,Traced,FC1C,FC1C
134390,PFNp_c,PFNp_c,CX,cb_intrinsic,L,,Traced,PFNp_c,PFNp
135084,FC1C_b,FC1C_C9_L,CX,cb_intrinsic,L,,Traced,FC1C,FC1C
135201,PFNp_b,PFNp_b,CX,cb_intrinsic,L,,Traced,PFNp_b,PFNp
135453,PFNm_a,PFNm_a_L4_C3,CX,cb_intrinsic,L,,Traced,PFNm_a,PFNm
137299,FC2A,FC2A_C5_L,CX,cb_intrinsic,L,,Traced,FC2A,FC2A
137990,FC2B,FC2B_C3_L,CX,cb_intrinsic,L,,Traced,FC2B,FC2B
138121,FC1A,FC1A_C2_R,CX,cb_intrinsic,R,,Traced,FC1A,"FC1A,FC1B,FC1F"
138785,PFNp_e,PFNp_e,CX,cb_intrinsic,R,,Traced,PFNp_e,PFNp
139612,PFNp_b,PFNp_b,CX,cb_intrinsic,R,,Traced,PFNp_b,PFNp
139763,FC2C,FC2C_C2_R,CX,cb_intrinsic,R,,Traced,FC2C,FC2C
140308,PFNp_b,PFNp_b,CX,cb_intrinsic,R,,Traced,PFNp_b,PFNp
140609,PFNp_c,PFNp_c,CX,cb_intrinsic,L,,Traced,PFNp_c,PFNp
140688,PFNp_e,PFNp_e,CX,cb_intrinsic,R,,Traced,PFNp_e,PFNp
140787,FC2B,FC2B_C1_L,CX,cb_intrinsic,L,,Traced,FC2B,FC2B
140794,FC2C,FC2C_C3_R,CX,cb_intrinsic,R,,Traced,FC2C,FC2C
140831,PFNp_a,PFNp_a,CX,cb_intrinsic,L,,Traced,PFNp_a,PFNp
141295,PFNm_b,PFNm_b_R3_C8,CX,cb_intrinsic,R,,Traced,PFNm_b,PFNm
141430,FC2C,FC2C_C3_R,CX,cb_intrinsic,R,,Traced,FC2C,FC2C
142689,hDeltaI,hDeltaI_11_C9,CX,cb_intrinsic,L,,Traced,hDeltaI,hDeltaI
144052,PFNp_a,PFNp_a,CX,cb_intrinsic,L,,Traced,PFNp_a,PFNp
144110,PFNp_a,PFNp_a,CX,cb_intrinsic,L,,Traced,PFNp_a,PFNp
144163,PFNp_e,PFNp_e,CX,cb_intrinsic,L,,Traced,PFNp_e,PFNp
144164,PFNp_b,PFNp_b,CX,cb_intrinsic,R,,Traced,PFNp_b,PFNp
144251,PFNp_c,PFNp_c,CX,cb_intrinsic,R,,Traced,PFNp_c,PFNp
144488,FC1C_a,FC1C_a_C2_L,CX,cb_intrinsic,L,,Traced,FC1C,FC1C
144997,FC1C_a,FC1C_a_C6_L,CX,cb_intrinsic,L,,Traced,FC1C,FC1C
145039,PFNa,PFNa(PB03)_L9_C9,CX,cb_intrinsic,L,,Traced,PFNa,PFNa
145234,PFNp_b,PFNp_b,CX,cb_intrinsic,L,,Traced,PFNp_b,PFNp
145547,PFNa,PFNa(PB03)_L6_C5,CX,cb_intrinsic,L,,Traced,PFNa,PFNa
146988,PFNp_b,PFNp_b,CX,cb_intrinsic,R,,Traced,PFNp_b,PFNp
147036,PFNp_a,PFNp_a,CX,cb_intrinsic,R,,Traced,PFNp_a,PFNp
147142,PFNm_b,PFNm_b_R4_C7,CX,cb_intrinsic,R,,Traced,PFNm_b,PFNm
147211,PFNp_a,PFNp_a,CX,cb_intrinsic,L,,Traced,PFNp_a,PFNp
147399,FC1C_b,FC1C_C9_L,CX,cb_intrinsic,L,,Traced,FC1C,FC1C
147832,PFNa,PFNa(PB03)_L7_C6,CX,cb_intrinsic,L,,Traced,PFNa,PFNa
147909,PFNp_b,PFNp_b,CX,cb_intrinsic,L,,Traced,PFNp_b,PFNp
148295,PFNp_e,PFNp_e,CX,cb_intrinsic,L,,Traced,PFNp_e,PFNp
148473,PFNp_b,PFNp_b,CX,cb_intrinsic,L,,Traced,PFNp_b,PFNp
148713,PFNp_c,PFNp_c,CX,cb_intrinsic,L,,Traced,PFNp_c,PFNp
148830,FC2C,FC2C_C5_R,CX,cb_intrinsic,R,,Traced,FC2C,FC2C
149160,FC1C_a,FC1C_a_C7_L,CX,cb_intrinsic,L,,Traced,FC1C,FC1C
149200,PFNp_b,PFNp_b,CX,cb_intrinsic,L,,Traced,PFNp_b,PFNp
149414,PFNm_a,PFNm_a_R4_C7,CX,cb_intrinsic,R,,Traced,PFNm_a,PFNm
149501,PFNm_b,PFNm_b_R3_C8,CX,cb_intrinsic,R,,Traced,PFNm_b,PFNm
149740,FC2B,FC2B_C9_L,CX,cb_intrinsic,L,,Traced,FC2B,FC2B
150112,PFNp_b,PFNp_b,CX,cb_intrinsic,L,,Traced,PFNp_b,PFNp
150364,PFNm_b,PFNm_b_L5_C4,CX,cb_intrinsic,L,,Traced,PFNm_b,PFNm
150382,PFNp_d,PFNp_d,CX,cb_intrinsic,L,,Traced,PFNp_d,PFNp
150450,PFNp_e,PFNp_e,CX,cb_intrinsic,R,,Traced,PFNp_e,PFNp
150676,PFNp_b,PFNp_b,CX,cb_intrinsic,R,,Traced,PFNp_b,PFNp
151641,PFNp_a,PFNp_a,CX,cb_intrinsic,R,,Traced,PFNp_a,PFNp
151739,FC2C,FC2C_C2_R,CX,cb_intrinsic,R,,Traced,FC2C,FC2C
151820,FC1C_a,FC1C_a_C3_R,CX,cb_intrinsic,R,,Traced,FC1C,FC1C
152346,FC1E,FC1E_C7_L,CX,cb_intrinsic,L,,Traced,FC1E,FC1C
152649,PFNp_b,PFNp_b,CX,cb_intrinsic,L,,Traced,PFNp_b,PFNp
153318,PFNp_b,PFNp_b,CX,cb_intrinsic,L,,Traced,PFNp_b,PFNp
153367,PFNp_b,PFNp_b,CX,cb_intrinsic,L,,Traced,PFNp_b,PFNp
153375,PFNm_b,PFNm_b_L5_C4,CX,cb_intrinsic,L,,Traced,PFNm_b,PFNm
153441,FC2C,FC2C_C5_L,CX,cb_intrinsic,L,,Traced,FC2C,FC2C
153543,PFNp_a,PFNp_a,CX,cb_intrinsic,L,,Traced,PFNp_a,PFNp
153558,FC2C,FC2C_C5_R,CX,cb_intrinsic,R,,Traced,FC2C,FC2C
154239,PFNp_b,PFNp_b,CX,cb_intrinsic,R,,Traced,PFNp_b,PFNp
154748,PFNp_a,PFNp_a,CX,cb_intrinsic,L,,Traced,PFNp_a,PFNp
154955,PFNp_b,PFNp_b,CX,cb_intrinsic,R,,Traced,PFNp_b,PFNp
155238,PFNm_a,PFNm_a_L4_C3,CX,cb_intrinsic,L,,Traced,PFNm_a,PFNm
155307,PFNp_b,PFNp_b,CX,cb_intrinsic,R,,Traced,PFNp_b,PFNp
155385,PFNm_a,PFNm_a_L6_C5,CX,cb_intrinsic,L,,Traced,PFNm_a,PFNm
155872,FC1D,FC1D_C3_L,CX,cb_intrinsic,L,,Traced,FC1D,FC1D
155930,PFNp_b,PFNp_b,CX,cb_intrinsic,R,,Traced,PFNp_b,PFNp
156116,PFNp_b,PFNp_b,CX,cb_intrinsic,L,,Traced,PFNp_b,PFNp
156581,PFNp_b,PFNp_b,CX,cb_intrinsic,L,,Traced,PFNp_b,PFNp
156696,PFNm_b,PFNm_b_R4_C7,CX,cb_intrinsic,R,,Traced,PFNm_b,PFNm
156699,PFNp_b,PFNp_b,CX,cb_intrinsic,R,,Traced,PFNp_b,PFNp
156843,PFNp_b,PFNp_b,CX,cb_intrinsic,L,,Traced,PFNp_b,PFNp
157170,PFNp_a,PFNp_a,CX,cb_intrinsic,L,,Traced,PFNp_a,PFNp
157747,PFNp_b,PFNp_b,CX,cb_intrinsic,L,,Traced,PFNp_b,PFNp
158003,PFNp_b,PFNp_b,CX,cb_intrinsic,R,,Traced,PFNp_b,PFNp
158363,FC,FC1C(?)_C8_L,CX,cb_intrinsic,L,,Traced,,
158417,PFNp_b,PFNp_b,CX,cb_intrinsic,R,,Traced,PFNp_b,PFNp
158552,PFNp_e,PFNp_e,CX,cb_intrinsic,L,,Traced,PFNp_e,PFNp
158596,PFNp_b,PFNp_b,CX,cb_intrinsic,L,,Traced,PFNp_b,PFNp
158958,PFNp_d,PFNp_d,CX,cb_intrinsic,R,,Traced,PFNp_d,PFNp
159635,PFNp_c,PFNp_c,CX,cb_intrinsic,L,,Traced,PFNp_c,PFNp
159766,PFNp_a,PFNp_a,CX,cb_intrinsic,R,,Traced,PFNp_a,PFNp
159950,PFNp_a,PFNp_a,CX,cb_intrinsic,R,,Traced,PFNp_a,PFNp
160445,PFNp_a,PFNp_a,CX,cb_intrinsic,R,,Traced,PFNp_a,PFNp
160503,PFNp_a,PFNp_a,CX,cb_intrinsic,L,,Traced,PFNp_a,PFNp
160829,PFNp_b,PFNp_b,CX,cb_intrinsic,L,,Traced,PFNp_b,PFNp
161028,PFNp_a,PFNp_a,CX,cb_intrinsic,R,,Traced,PFNp_a,PFNp
162006,PFNp_a,PFNp_a,CX,cb_intrinsic,R,,Traced,PFNp_a,PFNp
162170,PFNp_d,PFNp_d,CX,cb_intrinsic,R,,Traced,PFNp_d,PFNp
162458,PFNp_b,PFNp_b,CX,cb_intrinsic,R,,Traced,PFNp_b,PFNp
162861,PFNp_b,PFNp_b,CX,cb_intrinsic,R,,Traced,PFNp_b,PFNp
162882,PFNp_b,PFNp_b,CX,cb_intrinsic,L,,Traced,PFNp_b,PFNp
162917,PFNp_b,PFNp_b,CX,cb_intrinsic,L,,Traced,PFNp_b,PFNp
163253,PFNp_a,PFNp_a,CX,cb_intrinsic,L,,Traced,PFNp_a,PFNp
163633,PFNp_b,PFNp_b,CX,cb_intrinsic,R,,Traced,PFNp_b,PFNp
163748,PFNp_a,PFNp_a,CX,cb_intrinsic,R,,Traced,PFNp_a,PFNp
163832,PFNm_b,PFNm_b_R6_C5,CX,cb_intrinsic,R,,Traced,PFNm_b,PFNm
164057,PFNp_b,PFNp_b,CX,cb_intrinsic,R,,Traced,PFNp_b,PFNp
164158,PFNp_b,PFNp_b,CX,cb_intrinsic,R,,Traced,PFNp_b,PFNp
164224,PFNm_a,PFNm_a_L9_C9,CX,cb_intrinsic,L,,Traced,PFNm_a,PFNm
164248,PFNp_b,PFNp_b,CX,cb_intrinsic,L,,Traced,PFNp_b,PFNp
164318,PFNp_a,PFNp_a,CX,cb_intrinsic,L,,Traced,PFNp_a,PFNp
164808,PFNp_a,PFNp_a,CX,cb_intrinsic,R,,Traced,PFNp_a,PFNp
165145,PFNp_b,PFNp_b,CX,cb_intrinsic,R,,Traced,PFNp_b,PFNp
165700,PFNp_b,PFNp_b,CX,cb_intrinsic,R,,Traced,PFNp_b,PFNp
165774,PFNp_b,PFNp_b,CX,cb_intrinsic,L,,Traced,PFNp_b,PFNp
166071,PFNp_b,PFNp_b,CX,cb_intrinsic,L,,Traced,PFNp_b,PFNp
166236,PFNp_a,PFNp_a,CX,cb_intrinsic,L,,Traced,PFNp_a,PFNp
166595,PFNp_b,PFNp_b,CX,cb_intrinsic,R,,Traced,PFNp_b,PFNp
166767,PFNp_a,PFNp_a,CX,cb_intrinsic,R,,Traced,PFNp_a,PFNp
166794,PFNp_a,PFNp_a,CX,cb_intrinsic,L,,Traced,PFNp_a,PFNp
166967,PFNp_d,PFNp_d,CX,cb_intrinsic,R,,Traced,PFNp_d,PFNp
167339,PFNp_b,PFNp_b,CX,cb_intrinsic,L,,Traced,PFNp_b,PFNp
167394,PFNp_b,PFNp_b,CX,cb_intrinsic,L,,Traced,PFNp_b,PFNp
167712,PFNp_b,PFNp_b,CX,cb_intrinsic,R,,Traced,PFNp_b,PFNp
167799,PFNp_b,PFNp_b,CX,cb_intrinsic,R,,Traced,PFNp_b,PFNp
167931,PFNp_d,PFNp_d,CX,cb_intrinsic,L,,Traced,PFNp_d,PFNp
168043,PFNp_b,PFNp_b,CX,cb_intrinsic,L,,Traced,PFNp_b,PFNp
169143,PFNp_b,PFNp_b,CX,cb_intrinsic,R,,Traced,PFNp_b,PFNp
169158,PFNp_d,PFNp_d,CX,cb_intrinsic,L,,Traced,PFNp_d,PFNp
169192,PFNp_b,PFNp_b,CX,cb_intrinsic,L,,Traced,PFNp_b,PFNp
169272,PFNp_b,PFNp_b,CX,cb_intrinsic,L,,Traced,PFNp_b,PFNp
169667,PFNm_b,PFNm_b_L4_C3,CX,cb_intrinsic,L,,Traced,PFNm_b,PFNm
170246,PFNp_b,PFNp_b,CX,cb_intrinsic,L,,Traced,PFNp_b,PFNp
170385,PFNp_e,PFNp_e,CX,cb_intrinsic,R,,Traced,PFNp_e,PFNp
170528,PFNp_b,PFNp_b,CX,cb_intrinsic,L,,Traced,PFNp_b,PFNp
170539,FC2A,FC2A_C4_R,CX,cb_intrinsic,R,,Traced,FC2A,FC2A
170865,PFNp_a,PFNp_a,CX,cb_intrinsic,R,,Traced,PFNp_a,PFNp
171142,PFNp_b,PFNp_b,CX,cb_intrinsic,L,,Traced,PFNp_b,PFNp
171324,PFNp_b,PFNp_b,CX,cb_intrinsic,L,,Traced,PFNp_b,PFNp
171804,PFNp_a,PFNp_a,CX,cb_intrinsic,R,,Traced,PFNp_a,PFNp
171862,PFNp_a,PFNp_a,CX,cb_intrinsic,R,,Traced,PFNp_a,PFNp
172508,PFNp_b,PFNp_b,CX,cb_intrinsic,L,,Traced,PFNp_b,PFNp
172829,PFNp_b,PFNp_b,CX,cb_intrinsic,R,,Traced,PFNp_b,PFNp
173055,PFNm_a,PFNm_a_L6_C5,CX,cb_intrinsic,L,,Traced,PFNm_a,PFNm
173257,PFNp_d,PFNp_d,CX,cb_intrinsic,R,,Traced,PFNp_d,PFNp
173565,PFNp_a,PFNp_a,CX,cb_intrinsic,R,,Traced,PFNp_a,PFNp
173672,PFNp_b,PFNp_b,CX,cb_intrinsic,R,,Traced,PFNp_b,PFNp
173868,PFNp_a,PFNp_a,CX,cb_intrinsic,R,,Traced,PFNp_a,PFNp
174511,PFNp_e,PFNp_e,CX,cb_intrinsic,R,,Traced,PFNp_e,PFNp
174569,PFNp_b,PFNp_b,CX,cb_intrinsic,R,,Traced,PFNp_b,PFNp
174789,PFNp_b,PFNp_b,CX,cb_intrinsic,R,,Traced,PFNp_b,PFNp
175200,PFNp_a,PFNp_a,CX,cb_intrinsic,R,,Traced,PFNp_a,PFNp
175309,PFNp_b,PFNp_b,CX,cb_intrinsic,L,,Traced,PFNp_b,PFNp
175680,PFNp_b,PFNp_b,CX,cb_intrinsic,L,,Traced,PFNp_b,PFNp
175842,PFNp_a,PFNp_a,CX,cb_intrinsic,L,,Traced,PFNp_a,PFNp
176343,PFNp_b,PFNp_b,CX,cb_intrinsic,L,,Traced,PFNp_b,PFNp
176645,PFNp_d,PFNp_d,CX,cb_intrinsic,R,,Traced,PFNp_d,PFNp
177153,PFNm_b,PFNm_b_L4_C3,CX,cb_intrinsic,L,,Traced,PFNm_b,PFNm
177548,PFNp_b,PFNp_b,CX,cb_intrinsic,R,,Traced,PFNp_b,PFNp
177642,PFNp_a,PFNp_a,CX,cb_intrinsic,R,,Traced,PFNp_a,PFNp
177717,PFNp_a,PFNp_a,CX,cb_intrinsic,R,,Traced,PFNp_a,PFNp
177762,PFNm_a,PFNm_a_L3_C2,CX,cb_intrinsic,L,,Traced,PFNm_a,PFNm
177962,PFNp_b,PFNp_b,CX,cb_intrinsic,L,,Traced,PFNp_b,PFNp
178092,PFNp_b,PFNp_b,CX,cb_intrinsic,L,,Traced,PFNp_b,PFNp
178115,PFNp_b,PFNp_b,CX,cb_intrinsic,L,,Traced,PFNp_b,PFNp
178181,PFNp_b,PFNp_b,CX,cb_intrinsic,R,,Traced,PFNp_b,PFNp
178346,PFNp_b,PFNp_b,CX,cb_intrinsic,R,,Traced,PFNp_b,PFNp
178839,PFNp_a,PFNp_a,CX,cb_intrinsic,R,,Traced,PFNp_a,PFNp
179090,PFNp_d,PFNp_d,CX,cb_intrinsic,L,,Traced,PFNp_d,PFNp
179200,PFNp_b,PFNp_b,CX,cb_intrinsic,R,,Traced,PFNp_b,PFNp
179308,PFNp_d,PFNp_d,CX,cb_intrinsic,L,,Traced,PFNp_d,PFNp
179771,PFNp_b,PFNp_b,CX,cb_intrinsic,R,,Traced,PFNp_b,PFNp
180020,PFNp_b,PFNp_b,CX,cb_intrinsic,R,,Traced,PFNp_b,PFNp
180075,PFNp_b,PFNp_b,CX,cb_intrinsic,L,,Traced,PFNp_b,PFNp
180461,PFNp_b,PFNp_b,CX,cb_intrinsic,L,,Traced,PFNp_b,PFNp
181149,PFNp_a,PFNp_a,CX,cb_intrinsic,L,,Traced,PFNp_a,PFNp
181511,PFNp_a,PFNp_a,CX,cb_intrinsic,L,,Traced,PFNp_a,PFNp
181513,PFNp_a,PFNp_a,CX,cb_intrinsic,R,,Traced,PFNp_a,PFNp
181891,PFNp_b,PFNp_b,CX,cb_intrinsic,L,,Traced,PFNp_b,PFNp
181953,PFNp_a,PFNp_a,CX,cb_intrinsic,R,,Traced,PFNp_a,PFNp
182269,PFNm_b,PFNm_b_L7_C6,CX,cb_intrinsic,L,,Traced,PFNm_b,PFNm
182773,PFNp_b,PFNp_b,CX,cb_intrinsic,R,,Traced,PFNp_b,PFNp
182824,PFNp_b,PFNp_b,CX,cb_intrinsic,L,,Traced,PFNp_b,PFNp
183054,PFNp_b,PFNp_b,CX,cb_intrinsic,L,,Traced,PFNp_b,PFNp
183446,PFNp_d,PFNp_d,CX,cb_intrinsic,L,,Traced,PFNp_d,PFNp
183471,PFNp_d,PFNp_d,CX,cb_intrinsic,L,,Traced,PFNp_d,PFNp
183634,PFNp_b,PFNp_b,CX,cb_intrinsic,R,,Traced,PFNp_b,PFNp
183813,PFNp_d,PFNp_d,CX,cb_intrinsic,R,,Traced,PFNp_d,PFNp
183874,PFNp_b,PFNp_b,CX,cb_intrinsic,L,,Traced,PFNp_b,PFNp
184227,PFNp_b,PFNp_b,CX,cb_intrinsic,L,,Traced,PFNp_b,PFNp
184274,PFNp_b,PFNp_b,CX,cb_intrinsic,L,,Traced,PFNp_b,PFNp
184745,PFNp_a,PFNp_a,CX,cb_intrinsic,L,,Traced,PFNp_a,PFNp
184914,PFNp_a,PFNp_a,CX,cb_intrinsic,L,,Traced,PFNp_a,PFNp
185098,PFNp_a,PFNp_a,CX,cb_intrinsic,L,,Traced,PFNp_a,PFNp
185203,PFNp_b,PFNp_b,CX,cb_intrinsic,R,,Traced,PFNp_b,PFNp
185216,PFNp_d,PFNp_d,CX,cb_intrinsic,R,,Traced,PFNp_d,PFNp
185332,PFNp_b,PFNp_b,CX,cb_intrinsic,L,,Traced,PFNp_b,PFNp
185447,PFNp_b,PFNp_b,CX,cb_intrinsic,R,,Traced,PFNp_b,PFNp
185635,PFNp_b,PFNp_b,CX,cb_intrinsic,L,,Traced,PFNp_b,PFNp
185934,PFNp_b,PFNp_b,CX,cb_intrinsic,R,,Traced,PFNp_b,PFNp
186014,PFNp_b,PFNp_b,CX,cb_intrinsic,L,,Traced,PFNp_b,PFNp
186070,PFNp_b,PFNp_b,CX,cb_intrinsic,R,,Traced,PFNp_b,PFNp
186163,PFNp_b,PFNp_b,CX,cb_intrinsic,L,,Traced,PFNp_b,PFNp
186295,PFNp_a,PFNp_a,CX,cb_intrinsic,L,,Traced,PFNp_a,PFNp
186592,PFNp_a,PFNp_a,CX,cb_intrinsic,R,,Traced,PFNp_a,PFNp
186813,PFNp_a,PFNp_a,CX,cb_intrinsic,R,,Traced,PFNp_a,PFNp
187052,PFNp_b,PFNp_b_L,CX,cb_intrinsic,L,,Traced,PFNp_b,PFNm
187211,PFNp_b,PFNp_b,CX,cb_intrinsic,R,,Traced,PFNp_b,PFNp
188526,PFNp_d,PFNp_d,CX,cb_intrinsic,L,,Traced,PFNp_d,PFNp
188720,PFNp_a,PFNp_a,CX,cb_intrinsic,L,,Traced,PFNp_a,PFNp
189054,PFNp_b,PFNp_b,CX,cb_intrinsic,R,,Traced,PFNp_b,PFNp
189055,PFNp_d,PFNp_d,CX,cb_intrinsic,R,,Traced,PFNp_d,PFNp
189634,PFNp_b,PFNp_b,CX,cb_intrinsic,L,,Traced,PFNp_b,PFNp
189905,PFNp_b,PFNp_b,CX,cb_intrinsic,L,,Traced,PFNp_b,PFNp
189926,PFNp_b,PFNp_b,CX,cb_intrinsic,R,,Traced,PFNp_b,PFNp
189949,PFNp_a,PFNp_a,CX,cb_intrinsic,L,,Traced,PFNp_a,PFNp
190073,PFNp_b,PFNp_b,CX,cb_intrinsic,R,,Traced,PFNp_b,PFNp
190098,PFNp_b,PFNp_b,CX,cb_intrinsic,R,,Traced,PFNp_b,PFNp
190400,PFNp_b,PFNp_b,CX,cb_intrinsic,R,,Traced,PFNp_b,PFNp
190935,PFNp_a,PFNp_a,CX,cb_intrinsic,L,,Traced,PFNp_a,PFNp
191259,PFNp_d,PFNp_d,CX,cb_intrinsic,L,,Traced,PFNp_d,PFNp
191479,PFNp_a,PFNp_a,CX,cb_intrinsic,R,,Traced,PFNp_a,PFNp
191537,PFNp_b,PFNp_b,CX,cb_intrinsic,R,,Traced,PFNp_b,PFNp
191542,PFNp_b,PFNp_b,CX,cb_intrinsic,R,,Traced,PFNp_b,PFNp
191647,PFNp_b,PFNp_b,CX,cb_intrinsic,L,,Traced,PFNp_b,PFNp
191658,PFNp_d,PFNp_d,CX,cb_intrinsic,L,,Traced,PFNp_d,PFNp
191842,PFNp_d,PFNp_d,CX,cb_intrinsic,L,,Traced,PFNp_d,PFNp
192268,PFNp_a,PFNp_a,CX,cb_intrinsic,L,,Traced,PFNp_a,PFNp
192382,PFNp_b,PFNp_b,CX,cb_intrinsic,L,,Traced,PFNp_b,PFNp
193682,PFNp_d,PFNp_d,CX,cb_intrinsic,R,,Traced,PFNp_d,PFNp
193713,PFNp_b,PFNp_b,CX,cb_intrinsic,L,,Traced,PFNp_b,PFNp
193965,PFNp_a,PFNp_a,CX,cb_intrinsic,L,,Traced,PFNp_a,PFNp
194333,PFNp_b,PFNp_b,CX,cb_intrinsic,R,,Traced,PFNp_b,PFNp
194350,PFNp_b,PFNp_b,CX,cb_intrinsic,R,,Traced,PFNp_b,PFNp
194491,PFNm_a,PFNm_a_L3_C2,CX,cb_intrinsic,L,,Traced,PFNm_a,PFNm
194511,PFNp_b,PFNp_b,CX,cb_intrinsic,L,,Traced,PFNp_b,PFNp
194601,PFNp_b,PFNp_b,CX,cb_intrinsic,L,,Traced,PFNp_b,PFNp
194604,PFNp_b,PFNp_b,CX,cb_intrinsic,L,,Traced,PFNp_b,PFNp
194795,PFNp_b,PFNp_b,CX,cb_intrinsic,R,,Traced,PFNp_b,PFNp
195138,PFNp_d,PFNp_d,CX,cb_intrinsic,R,,Traced,PFNp_d,PFNp
195150,PFNp_e,PFNp_e,CX,cb_intrinsic,L,,Traced,PFNp_e,PFNp
195151,PFNp_b,PFNp_b,CX,cb_intrinsic,L,,Traced,PFNp_b,PFNp
195467,PFNp_b,PFNp_b,CX,cb_intrinsic,L,,Traced,PFNp_b,PFNp
195587,PFNp_d,PFNp_d,CX,cb_intrinsic,R,,Traced,PFNp_d,PFNp
195664,PFNp_a,PFNp_a,CX,cb_intrinsic,R,,Traced,PFNp_a,PFNp
196104,PFNp_b,PFNp_b,CX,cb_intrinsic,L,,Traced,PFNp_b,PFNp
196296,PFNp_b,PFNp_b,CX,cb_intrinsic,L,,Traced,PFNp_b,PFNp
196397,PFNp_a,PFNp_a,CX,cb_intrinsic,R,,Traced,PFNp_a,PFNp
196662,PFNp_b,PFNp_b,CX,cb_intrinsic,R,,Traced,PFNp_b,PFNp
197172,PFNp_b,PFNp_b,CX,cb_intrinsic,L,,Traced,PFNp_b,PFNp
197321,PFNp_b,PFNp_b,CX,cb_intrinsic,L,,Traced,PFNp_b,PFNp
198031,PFNp_d,PFNp_d,CX,cb_intrinsic,R,,Traced,PFNp_d,PFNp
198844,PFNp_b,PFNp_b,CX,cb_intrinsic,L,,Traced,PFNp_b,PFNp
199798,PFNp_c,PFNp_c,CX,cb_intrinsic,L,,Traced,PFNp_c,PFNp
200208,PFNp_b,PFNp_b,CX,cb_intrinsic,L,,Traced,PFNp_b,PFNp
200345,PFNp_d,PFNp_d,CX,cb_intrinsic,L,,Traced,PFNp_d,PFNp
200627,PFNp_a,PFNp_a,CX,cb_intrinsic,L,,Traced,PFNp_a,PFNp
201797,PFNp_d,PFNp_d,CX,cb_intrinsic,L,,Traced,PFNp_d,PFNp
202238,PFNp_d,PFNp_d,CX,cb_intrinsic,R,,Traced,PFNp_d,PFNp
202506,PFNp_a,PFNp_a,CX,cb_intrinsic,R,,Traced,PFNp_a,PFNp
203142,PFNp_b,PFNp_b,CX,cb_intrinsic,R,,Traced,PFNp_b,PFNp
204540,PFNp_b,PFNp_b,CX,cb_intrinsic,L,,Traced,PFNp_b,PFNp
210166,PFNp_d,PFNp_d,CX,cb_intrinsic,R,,Traced,PFNp_d,PFNp
210840,PFNp_b,PFNp_b,CX,cb_intrinsic,R,,Traced,PFNp_b,PFNp
211310,PFNp_b,PFNp_b,CX,cb_intrinsic,R,,Traced,PFNp_b,PFNp
211994,PFNp_b,PFNp_b,CX,cb_intrinsic,L,,Traced,PFNp_b,PFNp
212370,PFNp_b,PFNp_b,CX,cb_intrinsic,R,,Traced,PFNp_b,PFNp
217691,PFNp_b,PFNp_b,CX,cb_intrinsic,R,,Traced,PFNp_b,PFNp
224128,PFNp_b,PFNp_b,CX,cb_intrinsic,R,,Traced,PFNp_b,PFNp
236557,FC2C,FC2C_C3_R,CX,cb_intrinsic,R,,Traced,FC2C,FC2C
241046,FC2B,FC2B_C4_R,CX,cb_intrinsic,R,,Traced,FC2B,FC2B
259750,PFNp_b,PFNp_b,CX,cb_intrinsic,R,,Traced,PFNp_b,PFNp
269054,PFNp_d,PFNp_d,CX,cb_intrinsic,R,,Traced,PFNp_d,PFNp
273774,PFNm_b,PFNm_b_L2_C1,CX,cb_intrinsic,L,,Traced,PFNm_b,PFNm
280345,PFNp_a,PFNp_a,CX,cb_intrinsic,L,,Traced,PFNp_a,PFNp
294178,EL,EL_L,CX,cb_intrinsic,L,,Traced,EL,EL
434891,Delta7,Delta7(PB15)_L3R7_R,CX,cb_intrinsic,R,,Traced,Delta7,Delta7
454614,ER4m,ER4m_L,CX,cb_intrinsic,L,,Traced,ER4m,ER4m
511777,ER3a_b,ER3a_b_L,CX,cb_intrinsic,L,,Traced,ER3a_b,ER3a
511778,EL,EL_L,CX,cb_intrinsic,L,,Traced,EL,EL
511841,Delta7,Delta7(PB15)_L2R7_R,CX,cb_intrinsic,R,,Traced,Delta7,Delta7
511842,PFL2,PFL2(PB12b)_L2_C6,CX,cb_intrinsic,L,,Traced,PFL2,PFL2
511844,PEG,PEG(PB07)_L1,CX,cb_intrinsic,L,,Traced,PEG,PEG
511846,PFR_a,PFR_a(PB11a)_L6_C6,CX,cb_intrinsic,L,,Traced,PFR_a,PFR_a
511857,ER1_c,ER1_c_L,CX,cb_intrinsic,L,,Traced,ER1,ER1
512179,PFR_a,PFR_a(PB11a)_L1_C9_irreg,CX,cb_intrinsic,R,,Traced,PFR_a,PFR_a
512305,EPG,EPG(PB08)_R8,CX,cb_intrinsic,R,,Traced,EPG,EPG
512319,ER6,ER6_L,CX,cb_intrinsic,L,,Traced,ER6,ER6
512362,hDeltaB,hDeltaB_09_C7,CX,cb_intrinsic,L,,Traced,hDeltaB,hDeltaB
512513,EPG,EPG(PB08)_R1,CX,cb_intrinsic,R,,Traced,EPG,EPG
512514,EPG,EPG(PB08)_L1,CX,cb_intrinsic,L,,Traced,EPG,EPG
512515,ER3a_a,ER3a_a_L,CX,cb_intrinsic,L,,Traced,ER3a_a,ER3a
512606,ER3w_c,ER3w_c_L,CX,cb_intrinsic,L,,Traced,ER3w_a,ER3w
512607,ER3p_a,ER3p_a_R,CX,cb_intrinsic,R,,Traced,ER3p_a,ER3p
512608,ER3d_b,ER3d_b_R,CX,cb_intrinsic,R,,Traced,ER3d_b,ER3d_b
512793,PEG,PEG(PB07)_L6,CX,cb_intrinsic,L,,Traced,PEG,PEG
512927,PEN_a(PEN1),PEN_a(PB06a)_R2,CX,cb_intrinsic,R,,Traced,PEN_a(PEN1),PEN_a(PEN1)
512928,EPG,EPG(PB08)_R3,CX,cb_intrinsic,R,,Traced,EPG,EPG
513032,PFL3,PFL3(PB12c)_L5_C7,CX,cb_intrinsic,L,,Traced,PFL3,PFL3
513033,EPG,EPG(PB08)_L8,CX,cb_intrinsic,L,,Traced,EPG,EPG
513034,PFL2,PFL2(PB12b)_L5_C9,CX,cb_intrinsic,L,,Traced,PFL2,PFL2
513266,PFL3,PFL3(PB12c)_R3_C5,CX,cb_intrinsic,R,,Traced,PFL3,PFL3
513283,PEN_a(PEN1),PEN_a(PB06a)_L8,CX,cb_intrinsic,L,,Traced,PEN_a(PEN1),PEN_a(PEN1)
513284,EPG,EPG(PB08)_R3,CX,cb_intrinsic,R,,Traced,EPG,EPG
513346,ER3w_b,ER3w_b_R,CX,cb_intrinsic,R,,Traced,ER3w_b,ER3w
513379,ER5,ER5_R,CX,cb_intrinsic,R,,Traced,ER5,ER5
513463,EPG,EPG(PB08)_R2,CX,cb_intrinsic,R,,Traced,EPG,EPG
513464,EPG,EPG(PB08)_R8,CX,cb_intrinsic,R,,Traced,EPG,EPG
513517,EPG,EPG(PB08)_L4,CX,cb_intrinsic,L,,Traced,EPG,EPG
513518,PFR_a,PFR_a(PB11a)_R6_C4,CX,cb_intrinsic,R,,Traced,PFR_a,PFR_a
513520,EPG,EPG(PB08)_R6,CX,cb_intrinsic,R,,Traced,EPG,EPG
513678,ER3w_b,ER3w_b_R,CX,cb_intrinsic,R,,Traced,ER3w_b,ER3w
513702,hDeltaB,hDeltaB_14_C12,CX,cb_intrinsic,L,,Traced,hDeltaB,hDeltaB
513703,FC3_a,FC3_a_C8_L,CX,cb_intrinsic,L,,Traced,FC3,FC3
514042,ER2_b,ER2_b_L,CX,cb_intrinsic,L,,Traced,ER2_b,ER2
514045,PEN_a(PEN1),PEN_a(PB06a)_R3,CX,cb_intrinsic,R,,Traced,PEN_a(PEN1),PEN_a(PEN1)
514125,PEN_b(PEN2),PEN_b(PB06b)_L6,CX,cb_intrinsic,L,,Traced,PEN_b(PEN2),PEN_b(PEN2)
514126,EPG,EPG(PB08)_R5,CX,cb_intrinsic,R,,Traced,EPG,EPG
514180,ER3p_b,ER3p_b_R,CX,cb_intrinsic,R,,Traced,ER3p_b,ER3p
514184,hDeltaK,hDeltaK_08_C7a,CX,cb_intrinsic,L,,Traced,hDeltaK,hDeltaK
514405,PEN_a(PEN1),PEN_a(PB06a)_R6,CX,cb_intrinsic,R,,Traced,PEN_a(PEN1),PEN_a(PEN1)
514803,ER2_b,ER2_b_L,CX,cb_intrinsic,L,,Traced,ER2_b,ER2
515130,hDeltaA,hDeltaA_07_C6,CX,cb_intrinsic,L,,Traced,hDeltaA,hDeltaA
515192,hDeltaB,hDeltaB_07_C6,CX,cb_intrinsic,R,,Traced,hDeltaB,hDeltaB
515193,PFR_a,PFR_a(PB11a)_L1_C9_irreg,CX,cb_intrinsic,R,,Traced,PFR_a,PFR_a
515232,hDeltaI,hDeltaI_01_C1,CX,cb_intrinsic,R,,Traced,hDeltaI,hDeltaI
515233,FC2B,FC2B_C2_R,CX,cb_intrinsic,R,,Traced,FC2B,FC2B
515234,hDeltaA,hDeltaA_08_C7,CX,cb_intrinsic,L,,Traced,hDeltaA,hDeltaA
515294,Delta7,Delta7(PB15)_L5R4_L,CX,cb_intrinsic,L,,Traced,Delta7,Delta7
515295,PFNd,PFNd(PB04)_R8_C2,CX,cb_intrinsic,R,,Traced,PFNd,PFNd
515298,hDeltaJ,hDeltaJ_03_C3,CX,cb_intrinsic,R,,Traced,hDeltaJ,hDeltaJ
515464,PFNd,PFNd(PB04)_L8_C7,CX,cb_intrinsic,L,,Traced,PFNd,PFNd
515675,EPG,EPG(PB08)_R1,CX,cb_intrinsic,R,,Traced,EPG,EPG
515760,ER4m,ER4m_R,CX,cb_intrinsic,R,,Traced,ER4m,ER4m
515761,ER3p_a,ER3p_a_R,CX,cb_intrinsic,R,,Traced,ER3p_a,ER3p
515959,FC3_c,FC3_c_C3_R,CX,cb_intrinsic,R,,Traced,FC3,FC3
515960,hDeltaG,hDeltaG_11_C6,CX,cb_intrinsic,L,,Traced,hDeltaG,hDeltaG
515961,Delta7,Delta7(PB15)_L6R3_L,CX,cb_intrinsic,L,,Traced,Delta7,Delta7
515963,hDeltaM,hDeltaM_C4,CX,cb_intrinsic,R,,Traced,hDeltaM,hDeltaM
515966,hDeltaH,hDeltaH_07_C4,CX,cb_intrinsic,R,,Traced,hDeltaH,hDeltaH
516110,ER6,ER6_R,CX,cb_intrinsic,R,,Traced,ER6,ER6
516663,PFR_b,PFR_b(PB11b)_L5_C6,CX,cb_intrinsic,L,,Traced,PFR_b,PFR_b
516666,hDeltaH,hDeltaH_03_C2,CX,cb_intrinsic,R,,Traced,hDeltaH,hDeltaH
516919,hDeltaA,hDeltaA_05_C5,CX,cb_intrinsic,R,,Traced,hDeltaA,hDeltaA
516944,ER5,ER5_L,CX,cb_intrinsic,L,,Traced,ER5,ER5
517059,ER2_a,ER2_a_L,CX,cb_intrinsic,L,,Traced,ER2_a,ER2
517264,ER3w_a,ER3w_a_R,CX,cb_intrinsic,R,,Traced,ER3w_a,ER3w
517417,Delta7,Delta7(PB15)_L6R3_L,CX,cb_intrinsic,L,,Traced,Delta7,Delta7
517418,PFNd,PFNd(PB04)_R7_C3,CX,cb_intrinsic,R,,Traced,PFNd,PFNd
517602,ER3p_a,ER3p_a_R,CX,cb_intrinsic,R,,Traced,ER3p_a,ER3p
517603,ER3d_d,ER3d_d_R,CX,cb_intrinsic,R,,Traced,ER3d_d,ER3d_d
517763,EL,EL_L,CX,cb_intrinsic,L,,Traced,EL,EL
518194,PEN_b(PEN2),PEN_b(PB06b)_R9,CX,cb_intrinsic,R,,Traced,PEN_b(PEN2),PEN_b(PEN2)
518375,PFL2,PFL2(PB12b)_R3_C3,CX,cb_intrinsic,R,,Traced,PFL2,PFL2
518378,PFL3,PFL3(PB12c)_R5_C3,CX,cb_intrinsic,R,,Traced,PFL3,PFL3
518519,FC1B,FC1B_C6_R,CX,cb_intrinsic,R,,Traced,FC1B,"FC1A,FC1B,FC1F"
518520,FC1B,FC1B_C5_L,CX,cb_intrinsic,L,,Traced,FC1B,"FC1A,FC1B,FC1F"
518521,FC1D,FC1D_C4_L,CX,cb_intrinsic,L,,Traced,FC1D,FC1D
518606,FC2A,FC2A_C8_L,CX,cb_intrinsic,L,,Traced,FC2A,FC2A
518607,PFNa,PFNa(PB03)_R9_C1,CX,cb_intrinsic,R,,Traced,PFNa,PFNa
518608,PFNa,PFNa(PB03)_R4_C7,CX,cb_intrinsic,R,,Traced,PFNa,PFNa
518609,PFNa,PFNa(PB03)_R2_C9,CX,cb_intrinsic,R,,Traced,PFNa,PFNa
518690,ER1_b,ER1_b_R,CX,cb_intrinsic,R,,Traced,ER1_b,ER1
518704,hDeltaC,hDeltaC_06_C6,CX,cb_intrinsic,R,,Traced,hDeltaC,hDeltaC
518779,hDeltaC,hDeltaC_01_C1,CX,cb_intrinsic,R,,Traced,hDeltaC,hDeltaC
518830,PFR_b,PFR_b(PB11b)_R1_C8,CX,cb_intrinsic,R,,Traced,PFR_b,PFR_b
518831,hDeltaH,hDeltaH_04_C3,CX,cb_intrinsic,R,,Traced,hDeltaH,hDeltaH
519140,EPG,EPG(PB08)_L1,CX,cb_intrinsic,L,,Traced,EPG,EPG
519144,EPG,EPG(PB08)_L8,CX,cb_intrinsic,L,,Traced,EPG,EPG
519328,EPG,EPG(PB08)_L3,CX,cb_intrinsic,L,,Traced,EPG,EPG
519329,ER3a_d,ER3a_d_R,CX,cb_intrinsic,R,,Traced,ER3a_d,ER3a
519331,Delta7,Delta7(PB15)_L3R7_R,CX,cb_intrinsic,R,,Traced,Delta7,Delta7
519332,Delta7,Delta7(PB15)_L2R7_R,CX,cb_intrinsic,R,,Traced,Delta7,Delta7
519346,PFL3,PFL3(PB12c)_L7_C9,CX,cb_intrinsic,L,,Traced,PFL3,PFL3
519347,ER4m,ER4m_R,CX,cb_intrinsic,R,,Traced,ER4m,ER4m
519348,PFL1,PFL1(PB12a)_L3_C4,CX,cb_intrinsic,L,,Traced,PFL1,PFL1
519349,PFL1,PFL1(PB12a)_R1_C2_irreg,CX,cb_intrinsic,L,,Traced,PFL1,PFL1
519350,PFL1,PFL1(PB12a)_L4_C5,CX,cb_intrinsic,L,,Traced,PFL1,PFL1
519351,PFL3,PFL3(PB12c)_L4_C5,CX,cb_intrinsic,L,,Traced,PFL3,PFL3
519354,FC3_c,FC3_c_C5_L,CX,cb_intrinsic,L,,Traced,FC3,FC3
519358,FC2B,FC2B_C4_R,CX,cb_intrinsic,R,,Traced,FC2B,FC2B
519359,FC3_b,FC3_b_C6_R,CX,cb_intrinsic,R,,Traced,FC3,FC3
519941,EPG,EPG(PB08)_L3,CX,cb_intrinsic,L,,Traced,EPG,EPG
520573,PFL2,PFL2(PB12b)_R5_C1,CX,cb_intrinsic,R,,Traced,PFL2,PFL2
520575,PEG,PEG(PB07)_R7,CX,cb_intrinsic,R,,Traced,PEG,PEG
520579,PFL1,PFL1(PB12a)_R6_C3,CX,cb_intrinsic,R,,Traced,PFL1,PFL1
520581,EPG,EPG(PB08)_R4,CX,cb_intrinsic,R,,Traced,EPG,EPG
520811,PFL3,PFL3(PB12c)_R6_C2,CX,cb_intrinsic,R,,Traced,PFL3,PFL3
520812,EPG,EPG(PB08)_R8,CX,cb_intrinsic,R,,Traced,EPG,EPG
520818,EPG,EPG(PB08)_L4,CX,cb_intrinsic,L,,Traced,EPG,EPG
521409,EPG,EPG(PB08)_L8,CX,cb_intrinsic,L,,Traced,EPG,EPG
521528,ER5,ER5_L,CX,cb_intrinsic,L,,Traced,ER5,ER5
521534,ER5,ER5_L,CX,cb_intrinsic,L,,Traced,ER5,ER5
521535,ER5,ER5_L,CX,cb_intrinsic,L,,Traced,ER5,ER5
521634,PFNd,PFNd(PB04)_L2_C1,CX,cb_intrinsic,L,,Traced,PFNd,PFNd
521635,PFR_b,PFR_b(PB11b)_L3_C3,CX,cb_intrinsic,L,,Traced,PFR_b,PFR_b
521637,PFR_a,PFR_a(PB11a)_R1_C1_irreg,CX,cb_intrinsic,L,,Traced,PFR_a,PFR_a
521644,hDeltaC,hDeltaC_08_C7,CX,cb_intrinsic,L,,Traced,hDeltaC,hDeltaC
521646,hDeltaI,hDeltaI_08_C7,CX,cb_intrinsic,L,,Traced,hDeltaI,hDeltaI
521812,EPG,EPG(PB08)_R7,CX,cb_intrinsic,R,,Traced,EPG,EPG
521813,EPG,EPG(PB08)_L2,CX,cb_intrinsic,L,,Traced,EPG,EPG
521814,PEN_a(PEN1),PEN_a(PB06a)_R9,CX,cb_intrinsic,R,,Traced,PEN_a(PEN1),PEN_a(PEN1)
522745,ER2_c,ER2_c_L,CX,cb_intrinsic,L,,Traced,ER2_c,ER2
522759,ER3d_d,ER3d_d_L,CX,cb_intrinsic,L,,Traced,ER3d_d,ER3d_d
522806,ER3d_c,ER3d_c_R,CX,cb_intrinsic,R,,Traced,ER3d_c,"ER3d_a,ER3d_c"
522853,PFL2,PFL2(PB12b)_R2_C4,CX,cb_intrinsic,R,,Traced,PFL2,PFL2
522973,PEG,PEG(PB07)_L3,CX,cb_intrinsic,L,,Traced,PEG,PEG
522992,PEG,PEG(PB07)_R2,CX,cb_intrinsic,R,,Traced,PEG,PEG
522993,PFGs,PFGs(PB10)_R1_C1_irreg,CX,cb_intrinsic,L,,Traced,PFGs,PFGs
522994,Delta7,Delta7(PB15)_L6R3_L,CX,cb_intrinsic,L,,Traced,Delta7,Delta7
523032,PFL3,PFL3(PB12c)_L2_C4,CX,cb_intrinsic,L,,Traced,PFL3,PFL3
523034,PFL1,PFL1(PB12a)_L7_C9,CX,cb_intrinsic,L,,Traced,PFL1,PFL1
523035,ER3a_a,ER3a_a_R,CX,cb_intrinsic,R,,Traced,ER3a_a,ER3a
523036,PFL1,PFL1(PB12a)_L2_C3,CX,cb_intrinsic,L,,Traced,PFL1,PFL1
523786,EPG,EPG(PB08)_R4,CX,cb_intrinsic,R,,Traced,EPG,EPG
523788,ER3w_a,ER3w_a_R,CX,cb_intrinsic,R,,Traced,ER3w_a,ER3w_a
523806,PEG,PEG(PB07)_R6,CX,cb_intrinsic,R,,Traced,PEG,PEG
523807,PEG,PEG(PB07)_L4,CX,cb_intrinsic,L,,Traced,PEG,PEG
523816,ER1_b,ER1_b_L,CX,cb_intrinsic,L,,Traced,ER1_b,ER1
524068,ER3d_b,ER3d_b_L,CX,cb_intrinsic,L,,Traced,ER3d_b,ER3d_b
524073,EPG,EPG(PB08)_L2,CX,cb_intrinsic,L,,Traced,EPG,EPG
524074,Delta7,Delta7(PB15)_L5R4_L,CX,cb_intrinsic,L,,Traced,Delta7,Delta7
524075,ER2_d,ER2_d_L,CX,cb_intrinsic,L,,Traced,ER2_d,ER2
524270,PFNd,PFNd(PB04)_L4_C3,CX,cb_intrinsic,L,,Traced,PFNd,PFNd
524351,PFR_a,PFR_a(PB11a)_R2_C8,CX,cb_intrinsic,R,,Traced,PFR_a,PFR_a
524596,hDeltaA,hDeltaA_02_C2,CX,cb_intrinsic,R,,Traced,hDeltaA,hDeltaA
524654,PFGs,PFGs(PB10)_R7_C3,CX,cb_intrinsic,R,,Traced,PFGs,PFGs
524717,PEN_b(PEN2),PEN_b(PB06b)_L6,CX,cb_intrinsic,L,,Traced,PEN_b(PEN2),PEN_b(PEN2)
524876,hDeltaB,hDeltaB_03_C3,CX,cb_intrinsic,R,,Traced,hDeltaB,hDeltaB
524945,hDeltaJ,hDeltaJ_06_C6b,CX,cb_intrinsic,R,,Traced,hDeltaJ,hDeltaJ
524946,hDeltaJ,hDeltaJ_07_C6a,CX,cb_intrinsic,R,,Traced,hDeltaJ,hDeltaJ
524947,hDeltaJ,hDeltaJ_06_C6b,CX,cb_intrinsic,R,,Traced,hDeltaJ,hDeltaJ
524977,FC2C,FC2C_C3_L,CX,cb_intrinsic,L,,Traced,FC2C,FC2C
525061,PFGs,PFGs(PB10)_L7_C7,CX,cb_intrinsic,L,,Traced,PFGs,PFGs
525062,PEG,PEG(PB07)_R3,CX,cb_intrinsic,R,,Traced,PEG,PEG
525224,FC3_b,FC3_b_C6_R,CX,cb_intrinsic,R,,Traced,FC3,FC3
526085,PFR_a,PFR_a(PB11a)_L3_C3,CX,cb_intrinsic,L,,Traced,PFR_a,PFR_a
526143,ER3w_b,ER3w_b_L,CX,cb_intrinsic,L,,Traced,ER3w_b,ER3w
526406,FC2A,FC2A_C2_R,CX,cb_intrinsic,R,,Traced,FC2A,FC2A
526548,EL,EL_R,CX,cb_intrinsic,R,,Traced,EL,EL
526552,ER3w_b,ER3w_b_R,CX,cb_intrinsic,R,,Traced,ER3w_b,ER3w
526934,PFNm_a,PFNm_a_R6_C5,CX,cb_intrinsic,R,,Traced,PFNm_a,PFNm
527150,ER3d_a,ER3d_a_L,CX,cb_intrinsic,L,,Traced,ER3d_a,"ER3d_a,ER3d_c"
527199,ER3d_e,ER3d_e_L,CX,cb_intrinsic,L,,Traced,ER3d_a,ER3d
527297,ER5,ER5_R,CX,cb_intrinsic,R,,Traced,ER5,ER5
527475,PFR_a,PFR_a(PB11a)_L2_C2,CX,cb_intrinsic,L,,Traced,PFR_a,PFR_a
527653,ER4d,ER4d_L,CX,cb_intrinsic,L,,Traced,ER4d,ER4d
529142,hDeltaK,hDeltaK_11_C9,CX,cb_intrinsic,L,,Traced,hDeltaK,hDeltaK
529175,hDeltaI,hDeltaI_03_C3,CX,cb_intrinsic,R,,Traced,hDeltaI,hDeltaI
529207,ER3p_a,ER3p_a_R,CX,cb_intrinsic,R,,Traced,ER3p_a,ER3p
529253,FC3_c,FC3_c_C3_L,CX,cb_intrinsic,L,,Traced,FC3,FC3
529266,FC2C,FC2C_C2_L,CX,cb_intrinsic,L,,Traced,FC2C,FC2C
529318,Delta7,Delta7(PB15)_L4R5_R,CX,cb_intrinsic,R,,Traced,Delta7,Delta7
529330,ER3d_b,ER3d_b_L,CX,cb_intrinsic,L,,Traced,ER3d_b,ER3d_b
529385,PEN_b(PEN2),PEN_b(PB06b)_L7,CX,cb_intrinsic,L,,Traced,PEN_b(PEN2),PEN_b(PEN2)
529453,FC1E,FC1E_C8_L,CX,cb_intrinsic,L,,Traced,FC1E,FC1C
529826,ER3a_a,ER3a_a_R,CX,cb_intrinsic,R,,Traced,ER3a_a,ER3a
529847,ER3m,ER3m_L,CX,cb_intrinsic,L,,Traced,ER3m,ER3m
529992,FC2C,FC2C_C1_R,CX,cb_intrinsic,R,,Traced,FC2C,FC2C
530071,PFL3,PFL3(PB12c)_L3_C5,CX,cb_intrinsic,L,,Traced,PFL3,PFL3
530339,ER3d_d,ER3d_d_L,CX,cb_intrinsic,L,,Traced,ER3d_d,ER3d_d
530445,FC2B,FC2B_C6_L,CX,cb_intrinsic,L,,Traced,FC2B,FC2B
531009,PFR_b,PFR_b(PB11b)_L1_C2,CX,cb_intrinsic,L,,Traced,PFR_b,PFR_b
531073,FC2C,FC2C_C9_R,CX,cb_intrinsic,R,,Traced,FC2C,FC2C
531755,PFR_a,PFR_a(PB11a)_L2_C2,CX,cb_intrinsic,L,,Traced,PFR_a,PFR_a
532637,ER3m,ER3m_R,CX,cb_intrinsic,R,,Traced,ER3m,ER3m
532704,FC2A,FC2A_C1_R,CX,cb_intrinsic,R,,Traced,FC2A,FC2A
532800,PFR_b,PFR_b(PB11b)_R5_C4,CX,cb_intrinsic,R,,Traced,PFR_b,PFR_b
533062,ER3a_a,ER3a_a_L,CX,cb_intrinsic,L,,Traced,ER3a_a,ER3a
533135,PFNp_c,PFNp_c,CX,cb_intrinsic,L,,Traced,PFNp_c,PFNp
533434,hDeltaJ,hDeltaJ_12_C10,CX,cb_intrinsic,L,,Traced,hDeltaJ,hDeltaJ
533435,FC3_c,FC3_c_C8_R,CX,cb_intrinsic,R,,Traced,FC3,FC3
533436,FC2C,FC2C_C7_L,CX,cb_intrinsic,L,,Traced,FC2C,FC2C
533725,Delta7,Delta7(PB15)_L8R1R9_L,CX,cb_intrinsic,L,,Traced,Delta7,Delta7
533944,hDeltaF,hDeltaF_08_C4,CX,cb_intrinsic,L,,Traced,hDeltaF,hDeltaF
534560,FC1B,FC1B_C4_R,CX,cb_intrinsic,R,,Traced,FC1B,"FC1A,FC1B,FC1F"
534561,FC1B,FC1B_C3_L,CX,cb_intrinsic,L,,Traced,FC1B,"FC1A,FC1B,FC1F"
534662,FC2C,FC2C_C8_R,CX,cb_intrinsic,R,,Traced,FC2C,FC2C
534834,PFNp_c,PFNp_c,CX,cb_intrinsic,R,,Traced,PFNp_c,PFNp
535056,hDeltaI,hDeltaI_11_C9,CX,cb_intrinsic,L,,Traced,hDeltaI,hDeltaI
535098,FC1A,FC1A_C9_L,CX,cb_intrinsic,L,,Traced,FC1A,"FC1A,FC1B,FC1F"
535099,FC1B,FC1B_C8_L,CX,cb_intrinsic,L,,Traced,FC1B,"FC1A,FC1B,FC1F"
535347,PEG,PEG(PB07)_R4,CX,cb_intrinsic,R,,Traced,PEG,PEG
535488,PFNa,PFNa(PB03)_R2_C9,CX,cb_intrinsic,R,,Traced,PFNa,PFNa
536264,hDeltaK,hDeltaK_13_C11,CX,cb_intrinsic,L,,Traced,hDeltaK,hDeltaK
536354,FC1C_b,FC1C_C8_R,CX,cb_intrinsic,R,,Traced,FC1C,FC1C
536355,hDeltaJ,hDeltaJ_13_C11,CX,cb_intrinsic,L,,Traced,hDeltaJ,hDeltaJ
536360,PFNa,PFNa(PB03)_L3_C2,CX,cb_intrinsic,L,,Traced,PFNa,PFNa
537128,FC2C,FC2C_C1_L,CX,cb_intrinsic,L,,Traced,FC2C,FC2C
539328,PFGs,PFGs(PB10)_L1_C9_irreg,CX,cb_intrinsic,R,,Traced,PFGs,PFGs
540248,FC1A,FC1A_C7_L,CX,cb_intrinsic,L,,Traced,FC1A,"FC1A,FC1B,FC1F"
541409,PFNp_b,PFNp_b,CX,cb_intrinsic,R,,Traced,PFNp_b,PFNp
541755,PFR_a,PFR_a(PB11a)_L5_C5,CX,cb_intrinsic,L,,Traced,PFR_a,PFR_a
541855,hDeltaK,hDeltaK_07_C6a,CX,cb_intrinsic,R,,Traced,hDeltaK,hDeltaK
542246,FC1D,FC1D_C2_L,CX,cb_intrinsic,L,,Traced,FC1D,FC1D
542590,FC3_c,FC3_c_C7_R,CX,cb_intrinsic,R,,Traced,FC3,FC3
542782,FC1B,FC1B_C2_R,CX,cb_intrinsic,R,,Traced,FC1B,"FC1A,FC1B,FC1F"
542805,FC1D,FC1D_C8_L,CX,cb_intrinsic,L,,Traced,FC1D,FC1D
543298,FC1D,FC1D_C8_L,CX,cb_intrinsic,L,,Traced,FC1D,FC1D
543495,FC1F,FC1F_C2_R,CX,cb_intrinsic,R,,Traced,FC1F,"FC1A,FC1B,FC1F"
543506,EPGt,EPGt(PB09)_L9,CX,cb_intrinsic,L,,Traced,EPGt,EPGt
544358,FC1B,FC1B_C6_R,CX,cb_intrinsic,R,,Traced,FC1B,"FC1A,FC1B,FC1F"
544496,ER3a_c,ER3a_c_R,CX,cb_intrinsic,R,,Traced,ER3a_c,ER3a
544687,PFNa,PFNa(PB03)_L8_C7,CX,cb_intrinsic,L,,Traced,PFNa,PFNa
545381,FC1E,FC1E_C7_R,CX,cb_intrinsic,R,,Traced,FC1E,FC1C
546044,FC2C,FC2C_C3_R,CX,cb_intrinsic,R,,Traced,FC2C,FC2C
546594,PFNp_b,PFNp_b,CX,cb_intrinsic,L,,Traced,PFNp_b,PFNp
548294,PFNp_c,PFNp_c,CX,cb_intrinsic,L,,Traced,PFNp_c,PFNp
549620,FC1E,FC1E_C2_R,CX,cb_intrinsic,R,,Traced,FC1E,FC1C
550577,FC1F,FC1F_C2_L,CX,cb_intrinsic,L,,Traced,FC1F,"FC1A,FC1B,FC1F"
550660,FC2C,FC2C_C7_R,CX,cb_intrinsic,R,,Traced,FC2C,FC2C
550769,FC1C_b,FC1C_C2_L,CX,cb_intrinsic,L,,Traced,FC1C,FC1C
551404,FC2C,FC2C_C6_L,CX,cb_intrinsic,L,,Traced,FC2C,FC2C
553721,PFNp_b,PFNp_b,CX,cb_intrinsic,L,,Traced,PFNp_b,PFNp
553847,PFNp_c,PFNp_c,CX,cb_intrinsic,R,,Traced,PFNp_c,PFNp
556346,EPG,EPG(PB08)_L6,CX,cb_intrinsic,L,,Traced,EPG,EPG
556347,EPG,EPG(PB08)_R4,CX,cb_intrinsic,R,,Traced,EPG,EPG
557395,hDeltaF,hDeltaF_03_C2a,CX,cb_intrinsic,R,,Traced,hDeltaF,hDeltaF
560327,FC2A,FC2A_C3_R,CX,cb_intrinsic,R,,Traced,FC2A,FC2A
567101,PFL3,PFL3(PB12c)_R3_C5,CX,cb_intrinsic,R,,Traced,PFL3,PFL3
568155,Delta7,Delta7(PB15)_L8R1R9_L,CX,cb_intrinsic,L,,Traced,Delta7,Delta7
568471,hDeltaK,hDeltaK_04_C4,CX,cb_intrinsic,R,,Traced,hDeltaK,hDeltaK
568502,ER5,ER5_R,CX,cb_intrinsic,R,,Traced,ER5,ER5
571291,FC1D,FC1D_C5_L,CX,cb_intrinsic,L,,Traced,FC1D,FC1D
