pre,post,male_syn,female_syn,male_share,female_share,log2_ratio
LAL156,LNOa,781,0,0.1523,0.0,9.57
PS263,SpsP,541,0,0.1511,0.0,9.56
PS196,LPsP,973,0,0.0776,0.0,8.6
LAL085,LNO2,1224,0,0.0635,0.0,8.31
PS291,LPsP,649,0,0.0518,0.0,8.02
,hDeltaG,1396,0,0.0482,0.0,7.92
PS197,LPsP,561,0,0.0447,0.0,7.81
,hDeltaH,1134,0,0.0388,0.0,7.61
,vDeltaA,1378,6,0.0645,0.0003,7.15
,hDeltaD,1248,4,0.0587,0.0002,7.14
,vDeltaE,408,0,0.028,0.0,7.14
,hDeltaL,1477,3,0.0402,0.0001,7.06
,hDeltaE,930,1,0.0306,0.0,6.96
,hDeltaK,1504,7,0.0561,0.0003,6.95
,vDeltaI,734,1,0.0317,0.0001,6.89
LAL157,LNO1,664,2,0.0606,0.0003,6.89
WED145,ER1,552,0,0.023,0.0,6.86
,hDeltaJ,1077,2,0.0284,0.0001,6.7
,hDeltaB,1033,3,0.022,0.0001,6.34
,hDeltaC,940,2,0.0213,0.0001,6.33
,hDeltaM,531,2,0.021,0.0001,6.14
,FB4Z,434,6,0.0314,0.0004,5.82
,PFGs,1374,21,0.0418,0.0006,5.79
,ER4d,2677,39,0.047,0.0008,5.56
,ER4m,411,2,0.0147,0.0001,5.52
,hDeltaF,570,4,0.0159,0.0002,5.41
,vDeltaM,406,6,0.0296,0.0005,5.36
,hDeltaI,1043,15,0.0282,0.0005,5.34
,FR1,500,8,0.0174,0.0003,5.29
,FC3,780,11,0.0256,0.0005,5.2
LAL123,LNO2,479,6,0.0248,0.0005,5.09
,PFNp,1882,46,0.0272,0.0007,4.87
,hDeltaA,2028,53,0.0403,0.0013,4.72
,PFNm,696,21,0.0292,0.0009,4.69
,PFNa,923,27,0.0237,0.0008,4.65
,PFNv,684,23,0.0331,0.0012,4.62
,EL,1829,63,0.0245,0.0008,4.61
,PFNd,1078,34,0.0221,0.0008,4.55
,PEN_b,844,28,0.0196,0.0008,4.35
,PEG,605,25,0.029,0.0013,4.29
,PFL1,447,23,0.0279,0.0013,4.26
,PFL3,1133,66,0.0186,0.001,3.92
,PEN_a,976,44,0.0225,0.0013,3.89
,EPG,4144,211,0.0202,0.0012,3.82
,FC2C,806,43,0.017,0.001,3.78
,vDeltaK,646,46,0.0391,0.0027,3.75
,IbSpsP,469,5262,0.0278,0.3528,-3.66
,Delta7,1394,94,0.027,0.002,3.62
vDeltaE,hDeltaH,37,434,0.0013,0.0168,-3.54
,FS2,729,55,0.0253,0.0021,3.46
,LCNOp,165,1426,0.0249,0.2347,-3.22
,FC2B,820,132,0.0194,0.0021,3.07
,ER3a,557,39,0.0188,0.0021,3.05
SIP076,FB6A,1014,126,0.0409,0.0049,3.01
,ER3m,526,51,0.0233,0.003,2.87
PS292,ExR3,483,74,0.0322,0.0044,2.82
,LNOa,104,433,0.0203,0.1437,-2.81
,LNO2,362,1433,0.0188,0.1275,-2.75
PLP046,FB3C,547,51,0.06,0.0088,2.75
,FB6Z,80,442,0.0263,0.1626,-2.62
FB7F,FB6C,444,47,0.0415,0.0069,2.56
,PFL2,647,109,0.0202,0.0033,2.56
,FC2A,723,138,0.0225,0.0038,2.51
PFNv,FB4B,623,81,0.0609,0.0108,2.48
PFL1,PFL1,481,98,0.0301,0.0054,2.44
WED002,ER1,667,81,0.0278,0.005,2.43
,FB8C,190,1012,0.0393,0.2049,-2.37
FB6O,vDeltaE,660,172,0.0453,0.009,2.31
FB6L,hDeltaG,202,806,0.007,0.0342,-2.26
,FB2K,164,580,0.0217,0.1044,-2.25
,ExR3,443,2341,0.0295,0.1386,-2.22
PLP046,ER3a,650,85,0.022,0.0046,2.22
LAL190,IbSpsP,432,81,0.0256,0.0054,2.19
FB6N,vDeltaF,880,126,0.0595,0.0137,2.1
,FB5K,115,747,0.0245,0.1032,-2.07
PS292,ExR2,584,106,0.0528,0.0125,2.06
,PFR,1556,371,0.0228,0.0053,2.06
,FB8B,166,591,0.0375,0.1515,-2.01
Delta7,,121619,82,0.0007,0.0,1.99
SLP405,FB6C,673,110,0.0629,0.016,1.96
,FB6I,151,507,0.0414,0.1599,-1.94
SA1,SA2,283,552,0.0561,0.2132,-1.92
,FS1A,569,202,0.0223,0.0058,1.91
SLP405,FB7A,1046,207,0.1397,0.0369,1.91
FB1C,FB1C,207,517,0.0156,0.0586,-1.9
FS1B,LAL022,186,626,0.0171,0.0631,-1.87
,FB4X,248,856,0.0281,0.1034,-1.87
FB4M,FB4M,605,1449,0.0302,0.1094,-1.85
PS291,ExR2,504,106,0.0455,0.0125,1.85
LAL050,LCNOpm,573,80,0.0327,0.0089,1.85
,ExR4,447,74,0.0218,0.006,1.83
EL,ER5,646,1587,0.0251,0.0886,-1.81
,ER6,294,412,0.0235,0.0826,-1.81
ExR7,FB4M,571,107,0.0285,0.0081,1.79
SMP377,FB5X,539,154,0.0576,0.0168,1.76
FB8A,FS4A,127,431,0.009,0.031,-1.76
,ExR5,405,1238,0.0327,0.11,-1.74
FB4R,PFGs,670,224,0.0204,0.0059,1.74
EL,ER1,1031,2341,0.043,0.144,-1.74
FB4M,FB4L,317,550,0.033,0.1099,-1.73
,FB6C,430,904,0.0402,0.1318,-1.71
,FB4E,253,852,0.0275,0.0902,-1.71
,FB4R,299,581,0.0443,0.144,-1.7
SA2,SA2,261,432,0.0517,0.1669,-1.69
,FB6M,270,479,0.0411,0.1326,-1.69
LHPV6q1,ER3a,485,93,0.0164,0.005,1.68
LAL002,PFR,685,212,0.01,0.003,1.66
FS1B,SIP087,144,564,0.0102,0.0325,-1.65
FB5R,hDeltaH,536,1491,0.0184,0.0578,-1.64
SIP005,FB6A,486,158,0.0196,0.0062,1.64
,FB2C,203,1052,0.0409,0.1275,-1.64
,FB6H,176,507,0.0245,0.0763,-1.63
,FB5X,258,782,0.0276,0.0854,-1.62
Delta7,PEN_a,1178,2754,0.0272,0.0835,-1.61
FB4M,FB4B,202,454,0.0198,0.0605,-1.6
,ER3p,2184,605,0.1146,0.0377,1.6
EL,ER3a,885,1685,0.0299,0.0904,-1.59
FB4R,FC3,475,111,0.0156,0.0051,1.59
ER4d,ExR1,1080,2302,0.0197,0.0595,-1.58
FB3C,PFGs,651,245,0.0198,0.0065,1.58
,FB4I,125,477,0.0509,0.1516,-1.57
,FB2D,404,123,0.0216,0.0072,1.57
FB6N,vDeltaD,285,791,0.0197,0.0585,-1.56
FB8H,hDeltaF,327,608,0.0091,0.0269,-1.54
,FB1H,399,1491,0.0309,0.0901,-1.54
,FB7A,347,755,0.0463,0.1347,-1.53
WED035,ER1,905,210,0.0377,0.0129,1.53
FB4J,hDeltaJ,606,146,0.016,0.0054,1.53
LAL184,EPG,1997,553,0.0097,0.0033,1.52
SLP396,FB6A,449,159,0.0181,0.0062,1.51
,FB4K,275,659,0.0345,0.0969,-1.48
,FB5A,523,1143,0.0215,0.0599,-1.47
,FB5W,142,507,0.0268,0.0744,-1.47
hDeltaK,ExR3,803,2498,0.0535,0.1479,-1.46
EL,FB4Y,219,550,0.0093,0.0259,-1.46
,FB6S,257,442,0.06,0.1647,-1.45
,FB5V,1000,3011,0.0538,0.1468,-1.44
,FB7L,332,669,0.0414,0.1129,-1.44
FB6B,hDeltaL,205,458,0.0056,0.0155,-1.44
,FB4F,627,1889,0.0412,0.1122,-1.44
vDeltaD,FB6N,162,590,0.0543,0.1476,-1.44
FB5D,hDeltaA,537,152,0.0107,0.0038,1.43
FB4R,PFR,684,250,0.01,0.0036,1.43
vDeltaI,FB5K,646,369,0.1376,0.051,1.43
FB2J,vDeltaI,404,93,0.0175,0.0064,1.42
SMP215,FB6D,687,247,0.1109,0.0413,1.42
vDeltaH,vDeltaI,249,418,0.0108,0.0288,-1.4
,FB5G,246,630,0.0272,0.0723,-1.4
FC1F,FR1,163,488,0.0057,0.0153,-1.4
FB2A,FC1E,146,400,0.0154,0.041,-1.4
EL,ER4m,479,731,0.0171,0.0453,-1.4
FB4Y,vDeltaH,133,608,0.0208,0.055,-1.4
ExR3,FB6M,278,402,0.0423,0.1113,-1.39
,FB8F,598,1173,0.0551,0.1441,-1.38
EPG,,66719,73,0.0004,0.0,1.38
FB6J,FB6U,229,584,0.0319,0.0835,-1.38
LAL143,FB3A,727,195,0.0624,0.0238,1.38
ExR2,PEN_a,275,556,0.0064,0.0168,-1.38
FS3,,22944,2806,0.0001,0.0006,-1.37
EL,ExR1,842,1549,0.0154,0.04,-1.37
,FB6B,113,496,0.0394,0.1017,-1.36
FB6H,hDeltaC,318,566,0.0072,0.0188,-1.36
SIP064,FB4M,468,119,0.0234,0.009,1.36
PFL2,LAL075,255,439,0.0343,0.0882,-1.36
FB6H,FB6C,319,524,0.0298,0.0764,-1.35
LAL055,ExR1,620,167,0.0113,0.0043,1.35
FB4L,PFNd,510,1201,0.0105,0.0266,-1.33
,FB6U,438,170,0.0611,0.0243,1.32
vDeltaI,FC2B,433,246,0.0102,0.004,1.32
,FB3A,357,627,0.0306,0.0766,-1.32
SMP568,FB5AB,420,125,0.0343,0.0137,1.31
FB2A,FB2F,242,526,0.0168,0.0417,-1.3
FB6H,FB6G,225,483,0.0665,0.1644,-1.3
FB5N,FC2B,782,456,0.0185,0.0074,1.3
FB4Y,EL,216,575,0.0029,0.0074,-1.3
FB2A,FB2D,252,573,0.0135,0.0334,-1.3
FC3,FC3,1123,327,0.0369,0.0149,1.3
FB4Y,EPG,732,1522,0.0036,0.009,-1.29
FB6B,FC2C,342,732,0.0072,0.0178,-1.28
FS4A,,23946,2634,0.0001,0.0006,-1.28
FB1H,hDeltaB,459,974,0.0098,0.024,-1.28
,FB4H,236,641,0.0391,0.0948,-1.27
hDeltaK,PFGs,2846,7890,0.0865,0.2096,-1.27
TuBu02,ER3a,1633,427,0.0552,0.0229,1.26
PFL3,PFL3,853,363,0.014,0.0057,1.26
vDeltaH,FB5H,316,692,0.038,0.0908,-1.25
FB2A,FB2A,255,462,0.0255,0.061,-1.25
FB5Y,PFL3,245,624,0.004,0.0099,-1.25
hDeltaG,vDeltaF,528,137,0.0357,0.0149,1.25
FB4M,vDeltaL,220,489,0.0178,0.0426,-1.25
ExR2,EL,190,488,0.0025,0.0063,-1.25
FB4C,hDeltaB,1135,410,0.0242,0.0101,1.24
FB4M,FB3A,434,724,0.0372,0.0885,-1.24
,FB4Q,302,765,0.0349,0.0829,-1.24
PEG,PEG,543,211,0.026,0.0109,1.24
hDeltaC,FC2C,980,354,0.0206,0.0086,1.24
LAL184,ExR1,640,187,0.0117,0.0048,1.24
FS4B,,12889,1909,0.0001,0.0004,-1.24
FR2,,10736,1787,0.0001,0.0004,-1.24
hDeltaB,FB4M,739,1153,0.0369,0.087,-1.23
FB4Y,PEN_a,428,772,0.0099,0.0234,-1.23
vDeltaH,FB4Y,443,940,0.0188,0.0443,-1.22
PS196,ExR2,904,298,0.0817,0.0352,1.21
FB2A,FC1C,154,456,0.0106,0.0248,-1.2
FB6E,FC2B,454,1545,0.0107,0.0249,-1.2
FB2F,vDeltaI,545,147,0.0236,0.0101,1.2
LAL055,ER1,413,120,0.0172,0.0074,1.2
SLP405,FB8F,532,173,0.049,0.0212,1.2
FB4M,hDeltaI,380,712,0.0103,0.0237,-1.19
SA2,SA1,246,519,0.0574,0.1307,-1.18
FB6C,FC2B,142,486,0.0034,0.0078,-1.18
SMP377,FB4M,1111,323,0.0555,0.0244,1.18
FB6O,vDeltaC,430,1092,0.0297,0.0675,-1.18
EPG,PFNv,450,984,0.0218,0.0493,-1.17
ER3w,ER4m,421,106,0.015,0.0066,1.17
FB8A,hDeltaD,653,1276,0.0307,0.0693,-1.17
FB4P,hDeltaJ,280,455,0.0074,0.0168,-1.17
VES041,PFL3,705,320,0.0116,0.0051,1.16
,FB5Y,217,434,0.0327,0.0733,-1.16
FB7H,vDeltaB,259,824,0.0262,0.0588,-1.16
vDeltaE,FC2B,340,1119,0.008,0.0181,-1.15
hDeltaI,FB4F,595,296,0.0391,0.0176,1.14
PS196,ExR4,730,197,0.0356,0.016,1.14
IbSpsP,PEN_a,1012,1701,0.0234,0.0515,-1.13
FB4Y,FB4F,341,827,0.0224,0.0491,-1.13
FS1B,,27114,2440,0.0001,0.0006,-1.12
vDeltaF,FS2,454,185,0.0157,0.0071,1.12
hDeltaK,FB6A,3596,8081,0.145,0.3154,-1.12
,FB4O,284,411,0.0347,0.0756,-1.12
TuBu07,ExR1,1224,396,0.0223,0.0102,1.11
FB4Y,vDeltaI,776,1054,0.0336,0.0726,-1.11
PFNd,FB4M,701,1002,0.035,0.0756,-1.11
FB7H,vDeltaD,621,269,0.043,0.0199,1.1
FB4M,hDeltaA,1098,1868,0.0218,0.047,-1.1
vDeltaH,FC2A,631,1541,0.0196,0.0423,-1.1
ExR7,FB1C,759,234,0.0571,0.0265,1.1
hDeltaF,FC2B,191,613,0.0045,0.0099,-1.1
EL,ER4d,4178,7643,0.0733,0.1573,-1.1
FB2G,PFL2,1181,572,0.037,0.0172,1.1
FB2G,FS1A,673,428,0.0264,0.0122,1.1
FB2C,FB2F,255,479,0.0177,0.038,-1.1
hDeltaK,FB6D,865,1782,0.1397,0.2982,-1.09
vDeltaF,hDeltaG,1582,601,0.0546,0.0255,1.09
FB4X,hDeltaA,301,513,0.006,0.0129,-1.09
vDeltaH,FR1,211,505,0.0073,0.0158,-1.08
ExR2,PEN_b,247,451,0.0057,0.0124,-1.08
FB1C,PFL3,249,561,0.0041,0.0089,-1.08
P6-8P9,PFNa,444,191,0.0114,0.0053,1.07
FB1C,vDeltaI,331,438,0.0143,0.0302,-1.07
ER2,ER4m,2212,2663,0.079,0.1651,-1.06
PFL2,,30297,2456,0.0002,0.0006,-1.06
FS4C,,20426,1960,0.0001,0.0004,-1.06
FB5N,FC2A,446,239,0.0139,0.0066,1.06
FB2G,FC2C,1455,601,0.0306,0.0146,1.06
,ER1,1787,581,0.0745,0.0357,1.05
FB6H,FB6I,260,470,0.0713,0.1482,-1.05
EPG,PFNm,223,438,0.0094,0.0196,-1.05
FB2I,FB2M,263,418,0.0385,0.0799,-1.05
hDeltaH,FC2A,251,596,0.0078,0.0164,-1.05
,FS3,584,318,0.0236,0.0113,1.05
FS1A,LAL022,481,907,0.0442,0.0914,-1.05
hDeltaL,FC2B,594,1804,0.014,0.0291,-1.04
FS4B,SMP497,253,657,0.1313,0.2707,-1.04
FB8A,vDeltaA,262,598,0.0123,0.0254,-1.04
FB1C,PFNp,1637,3031,0.0236,0.0486,-1.03
SA1,SA1,252,479,0.0588,0.1206,-1.03
PPL108,FB5V,257,585,0.0138,0.0285,-1.03
FB5L,vDeltaE,562,1516,0.0385,0.079,-1.03
hDeltaG,FB5U,247,433,0.0523,0.107,-1.03
ExR2,ER2,618,1033,0.0089,0.0184,-1.03
FB6C,PFGs,2101,1179,0.0639,0.0313,1.02
,FB4P,565,1514,0.0338,0.0687,-1.02
FB4M,hDeltaJ,625,908,0.0165,0.0335,-1.02
,ER3d,2197,727,0.0296,0.0145,1.02
FB4Y,FB5V,178,402,0.0096,0.0196,-1.02
ExR2,EPG,959,1628,0.0047,0.0096,-1.01
FB2A,FB2I,439,966,0.0334,0.0676,-1.01
ER6,EPG,1925,770,0.0094,0.0045,1.01
,FS4A,713,349,0.0506,0.0251,1.01
FB4Z,FB4Z,239,582,0.0173,0.0349,-1.0
FB7K,vDeltaB,948,670,0.0959,0.0478,1.0
FB1E,hDeltaC,901,305,0.0204,0.0101,0.99
FB5Z,FB6J,147,614,0.0296,0.0591,-0.99
,FB5H,263,479,0.0316,0.0629,-0.99
LPsP,Delta7,525,949,0.0102,0.0203,-0.99
FB4B,PFNd,988,458,0.0203,0.0101,0.98
PFR,FB5I,295,634,0.0394,0.078,-0.98
FB4Y,PFR,231,479,0.0034,0.0069,-0.98
FB8H,FC2C,844,1450,0.0178,0.0353,-0.98
SA1,FS4A,205,402,0.0145,0.0289,-0.98
PFR,FB4X,615,1137,0.0696,0.1373,-0.98
FB4O,hDeltaJ,1236,445,0.0325,0.0164,0.98
FB2M,FC2B,1191,880,0.0281,0.0142,0.98
FB4Y,PFL3,476,985,0.0078,0.0156,-0.98
LAL203,ER1,747,256,0.0311,0.0158,0.97
PFR,LAL147,844,236,0.0752,0.0382,0.97
FB2I,FB2A,295,439,0.0295,0.0579,-0.97
FB1H,FC2A,347,775,0.0108,0.0213,-0.97
FB5B,FC2B,170,497,0.004,0.008,-0.96
PFL3,LAL193,424,302,0.0776,0.1512,-0.96
FS2,,18859,1700,0.0001,0.0004,-0.96
SMP347,FB6A,847,448,0.0341,0.0175,0.96
EL,ER2,2942,4628,0.0425,0.0826,-0.95
P6-8P9,EPGt,414,177,0.1393,0.0718,0.95
ER3w,EL,1639,869,0.0219,0.0112,0.95
FB1H,PFR,341,687,0.005,0.0099,-0.95
PFNm,LCNOpm,1122,1107,0.064,0.1238,-0.95
FB2F,,34131,5,0.0002,0.0,0.94
LPsP,PFNd,314,568,0.0064,0.0126,-0.94
FB4M,hDeltaB,3391,5625,0.0723,0.1384,-0.94
FC2A,FB4Q,901,502,0.1042,0.0544,0.93
hDeltaF,hDeltaL,756,315,0.0206,0.0107,0.93
Delta7,PFNv,2195,4054,0.1061,0.203,-0.93
Delta7,PEN_b,6061,9800,0.1406,0.2689,-0.93
PFNp,,45330,153,0.0002,0.0,0.93
FB1I,vDeltaC,612,358,0.0423,0.0221,0.93
FS4A,SMP305,623,413,0.1668,0.3174,-0.93
EL,EPG,3709,5837,0.018,0.0345,-0.93
FB7B,FB7K,243,413,0.0738,0.1404,-0.93
FC1C,PLP042,612,620,0.0784,0.1492,-0.93
FB4K,hDeltaH,943,436,0.0323,0.0169,0.93
LAL052,LNO1,403,123,0.0368,0.0193,0.93
PFL2,LAL052,417,338,0.0523,0.0994,-0.92
FB7A,vDeltaB,433,322,0.0438,0.023,0.92
FB4M,PFNd,977,1723,0.02,0.0381,-0.92
vDeltaB,hDeltaD,475,782,0.0223,0.0425,-0.92
OA-VPM3,hDeltaJ,377,513,0.0099,0.019,-0.92
FB2G,hDeltaI,1861,798,0.0504,0.0266,0.92
Delta7,PFNd,4470,7826,0.0917,0.1732,-0.92
SMP371,FS1A,620,449,0.0243,0.0128,0.91
FB4M,PFR,1142,2200,0.0167,0.0316,-0.91
SMP250,FB6C,403,137,0.0377,0.02,0.91
Delta7,EPG,4294,6664,0.0209,0.0394,-0.91
FB5Y,FB6A,402,219,0.0162,0.0085,0.91
PFNv,hDeltaC,780,282,0.0176,0.0094,0.9
OA-VPM3,hDeltaC,353,453,0.008,0.0151,-0.9
IbSpsP,PEN_b,1625,2565,0.0377,0.0704,-0.9
PFR,FB1H,181,433,0.014,0.0262,-0.89
FB6B,FB6K,243,458,0.0446,0.0827,-0.89
,FB5I,268,539,0.0358,0.0663,-0.89
FB1C,vDeltaL,337,582,0.0273,0.0507,-0.89
ExR7,ER3a,780,264,0.0264,0.0142,0.89
FB5K,vDeltaI,1702,577,0.0736,0.0397,0.89
FB2J,hDeltaM,924,390,0.0365,0.0197,0.88
ER3d,ER3p,775,353,0.0407,0.022,0.88
hDeltaB,,37151,86,0.0002,0.0,0.88
FB4M,FB1H,188,446,0.0146,0.027,-0.88
FB6S,FB6A,582,325,0.0235,0.0127,0.88
vDeltaE,FB5L,376,1002,0.1109,0.2037,-0.88
TuBu04,ER3d,1053,383,0.0142,0.0076,0.87
FB5H,hDeltaH,249,407,0.0085,0.0158,-0.87
hDeltaC,FS1A,254,642,0.01,0.0184,-0.87
FB6C,hDeltaG,596,264,0.0206,0.0112,0.86
vDeltaA,FB9A,551,560,0.2028,0.3689,-0.86
WED040,GLNO,469,128,0.0492,0.027,0.86
PFR,FB4B,635,256,0.0621,0.0341,0.86
FB1H,hDeltaJ,1184,1535,0.0312,0.0567,-0.86
LAL133,LNOa,621,202,0.1211,0.067,0.85
vDeltaI,FC2A,1297,811,0.0403,0.0223,0.85
FB5D,hDeltaG,424,189,0.0146,0.008,0.85
EPG,ExR1,2248,877,0.041,0.0227,0.85
FB4D,FB4M,421,503,0.021,0.038,-0.85
ExR5,PFL1,915,578,0.0572,0.0318,0.84
FB6J,hDeltaG,477,698,0.0165,0.0296,-0.84
LPsP,PFNv,344,597,0.0166,0.0299,-0.84
FB4L,hDeltaB,1207,1875,0.0257,0.0461,-0.84
EPG,ER3w,1442,415,0.0389,0.0217,0.84
vDeltaH,hDeltaH,701,1109,0.024,0.043,-0.84
,ER5,1277,498,0.0497,0.0278,0.83
GLNO,PEN_a,9806,4199,0.2265,0.1272,0.83
FB2D,FB2A,304,410,0.0304,0.0541,-0.83
FB7A,hDeltaF,580,653,0.0162,0.0289,-0.83
FB4L,PFR,223,414,0.0033,0.0059,-0.83
FB5C,FC2B,627,512,0.0148,0.0083,0.83
,FB6D,285,488,0.046,0.0817,-0.83
FB2B,FB2D,528,858,0.0282,0.05,-0.82
FB5H,vDeltaG,353,484,0.0263,0.0465,-0.82
ExR3,ER4d,331,504,0.0058,0.0104,-0.82
FB1C,vDeltaB,164,411,0.0166,0.0293,-0.81
FB4K,PFGs,736,476,0.0224,0.0126,0.81
EL,ER3p,4287,6335,0.2249,0.3952,-0.81
FB5I,FS1A,201,490,0.0079,0.014,-0.81
FB6J,hDeltaL,1259,1781,0.0342,0.0603,-0.81
vDeltaC,FB6O,484,865,0.1446,0.2539,-0.81
FB5K,hDeltaH,395,616,0.0135,0.0239,-0.81
FB2A,FC3,314,400,0.0103,0.0182,-0.81
PFL3,DNb01,753,375,0.0469,0.0267,0.81
FC3,,27955,7,0.0002,0.0,0.81
hDeltaB,PFNd,427,222,0.0088,0.0049,0.81
,FB2B,480,236,0.03,0.0171,0.81
FC1F,hDeltaC,421,505,0.0095,0.0168,-0.8
FC1A,FC3,654,268,0.0215,0.0122,0.8
,FB5AB,677,879,0.0552,0.0965,-0.8
vDeltaF,FB5L,641,533,0.1891,0.1083,0.8
FS4B,SMP167,378,499,0.1036,0.1802,-0.8
TuBu02,ExR1,613,246,0.0112,0.0064,0.8
FB1G,,27561,10,0.0002,0.0,0.8
FB5Y,FS1A,186,447,0.0073,0.0128,-0.79
SIP004,LCNOpm,562,165,0.032,0.0185,0.79
FB5AB,vDeltaI,760,275,0.0329,0.0189,0.79
FB5W,hDeltaI,915,428,0.0248,0.0143,0.79
FB6R,hDeltaG,501,234,0.0173,0.0099,0.79
FB5C,FS2,440,228,0.0152,0.0088,0.78
FB7D,hDeltaL,1567,729,0.0426,0.0247,0.78
FB7A,FB7D,363,561,0.0495,0.0852,-0.78
FB1C,vDeltaK,378,665,0.0229,0.0394,-0.78
FB4M,vDeltaM,350,500,0.0255,0.0438,-0.77
PFR,CRE009,411,173,0.1356,0.0792,0.77
,FB8H,377,604,0.0841,0.1438,-0.77
PFR,FB4Q,762,1390,0.0881,0.1506,-0.77
FB6A,FB7I,449,243,0.0584,0.0342,0.77
FB8I,FB7J,679,521,0.1143,0.067,0.77
FB2G,hDeltaA,836,384,0.0166,0.0097,0.77
FS4C,SLP414,860,832,0.1781,0.1045,0.77
FB1H,PFNd,435,692,0.0089,0.0153,-0.77
FB4B,PFR,852,505,0.0125,0.0072,0.77
PFGs,ExR3,1002,1918,0.0668,0.1136,-0.76
FB2M,FS1A,698,563,0.0274,0.0161,0.76
FB1H,FB4Q,239,433,0.0276,0.0469,-0.76
PLP246,FB4M,660,257,0.0329,0.0194,0.76
PS196,GLNO,1804,531,0.1893,0.1119,0.76
LPsP,PFL2,440,780,0.0138,0.0234,-0.76
FB6A,FS1A,459,371,0.018,0.0106,0.75
EL,ExR7,214,541,0.0312,0.0527,-0.75
FB4Y,hDeltaI,937,1287,0.0254,0.0429,-0.75
,FB5B,276,439,0.0548,0.0923,-0.75
ExR5,ExR1,1559,652,0.0285,0.0169,0.75
hDeltaK,hDeltaK,372,641,0.0139,0.0235,-0.75
Delta7,PEG,3926,6123,0.1879,0.3155,-0.75
LNO1,PFNd,2982,1643,0.0611,0.0364,0.75
EPG,PFNp,1122,1702,0.0162,0.0273,-0.75
FC1F,FB2F,503,738,0.0348,0.0585,-0.74
FB5P,FB5R,499,787,0.1616,0.0965,0.74
FB5W,hDeltaM,773,1013,0.0306,0.0513,-0.74
FS4A,SMP304,428,262,0.1982,0.3312,-0.74
EPG,GLNO,766,228,0.0804,0.048,0.74
vDeltaE,hDeltaG,2405,3263,0.083,0.1384,-0.74
LAL043,LCNOp,823,453,0.1244,0.0746,0.74
FB4M,FB4F,379,701,0.0249,0.0416,-0.74
PFNa,,24220,1,0.0001,0.0,0.73
FB1C,vDeltaA,303,557,0.0142,0.0237,-0.73
vDeltaA,FB9C,385,534,0.1528,0.2536,-0.73
vDeltaA,FB8F,584,727,0.0538,0.0893,-0.73
hDeltaF,FB6A,504,313,0.0203,0.0122,0.72
FB5W,PFL3,472,819,0.0078,0.013,-0.72
CRE028,FB5V,577,384,0.0311,0.0187,0.72
ExR3,EPG,686,955,0.0033,0.0056,-0.72
hDeltaA,,23741,0,0.0001,0.0,0.72
PFR,FB4M,615,673,0.0307,0.0508,-0.72
FB1C,PFNm,1122,1738,0.0471,0.0778,-0.72
FS4A,FB1B,222,446,0.0745,0.1227,-0.72
FB5Z,FB5S,1291,744,0.1509,0.0917,0.72
FB7K,PFGs,755,523,0.0229,0.0139,0.72
FB2A,FC1B,561,867,0.0394,0.0648,-0.72
IbSpsP,PFNv,958,1521,0.0463,0.0762,-0.72
ExR6,ExR7,230,566,0.0335,0.0551,-0.71
,FB4M,628,683,0.0313,0.0516,-0.71
PFNp,FB1C,2350,2559,0.1767,0.2899,-0.71
FB6M,hDeltaK,1995,1240,0.0745,0.0454,0.71
FC2C,FS3,456,315,0.0184,0.0112,0.71
EL,ER3w,2586,2183,0.0698,0.1142,-0.71
FB2I,FB2D,807,1209,0.0431,0.0704,-0.7
PFNd,FB4C,1306,742,0.11,0.0676,0.7
FB4P,FC2A,438,811,0.0136,0.0223,-0.7
FB4Q,FC2B,404,359,0.0095,0.0058,0.7
LAL144,LCNOpm,528,165,0.0301,0.0185,0.7
hDeltaM,FC2A,383,709,0.0119,0.0195,-0.7
EPG,ExR5,1316,736,0.1063,0.0654,0.7
FB1H,PFL3,284,487,0.0047,0.0077,-0.7
FB4K,PFR,1895,1186,0.0277,0.017,0.7
LAL147,FB5V,791,537,0.0426,0.0262,0.7
EL,ER3d,5207,5704,0.0701,0.1138,-0.7
vDeltaM,vDeltaL,1106,634,0.0896,0.0552,0.7
FB6C,FB6A,858,546,0.0346,0.0213,0.69
FB2J,FC1C,1071,841,0.074,0.0457,0.69
PFNv,PFNp,506,743,0.0073,0.0119,-0.69
FB2J,FC2A,1081,756,0.0336,0.0208,0.69
FB5N,hDeltaM,1357,656,0.0536,0.0332,0.69
vDeltaF,FC2B,880,794,0.0208,0.0128,0.69
FB5B,hDeltaG,397,523,0.0137,0.0222,-0.69
FB5D,FR1,882,608,0.0307,0.019,0.68
FB2G,FB2D,794,452,0.0424,0.0263,0.68
FB4Y,PFL2,327,552,0.0102,0.0166,-0.68
ER6,PEG,3602,2082,0.1724,0.1073,0.68
GLNO,PEN_b,6565,3460,0.1523,0.0949,0.68
FB4O,FC2B,486,439,0.0115,0.0071,0.68
FB1E,FB1E,419,457,0.0838,0.1344,-0.68
FB6B,FS3,247,453,0.01,0.0161,-0.68
PEN_a,GLNO,2397,1911,0.2515,0.4027,-0.68
PEG,EPG,994,499,0.0048,0.0029,0.68
ExR2,ExR1,632,718,0.0115,0.0186,-0.68
FB6M,PFGs,1061,758,0.0322,0.0201,0.67
vDeltaF,FB5K,516,498,0.1099,0.0688,0.67
PFNp,LCNOpm,4224,3434,0.2408,0.384,-0.67
IbSpsP,,30464,134,0.0002,0.0,0.67
WEDPN16,ER1,672,285,0.028,0.0175,0.67
PFR,hDeltaI,447,581,0.0121,0.0193,-0.67
FB4M,FB4C,395,581,0.0333,0.0529,-0.67
FB1H,PFNp,722,1038,0.0104,0.0167,-0.67
FB2A,FC1A,309,454,0.0284,0.045,-0.66
vDeltaA,FB8I,489,435,0.0919,0.1456,-0.66
FB4Y,FB4Z,501,960,0.0363,0.0575,-0.66
FB1H,FC2B,213,500,0.005,0.0081,-0.66
ER6,PEN_b,2223,1186,0.0516,0.0325,0.66
PFNp,vDeltaA,484,336,0.0226,0.0143,0.66
vDeltaB,FB7H,564,1011,0.1834,0.2896,-0.66
ER4m,ER2,5901,7547,0.0852,0.1346,-0.66
TuBu10,ExR1,521,231,0.0095,0.006,0.65
SMP238,ExR1,471,209,0.0086,0.0054,0.65
FB2B,FB2B,337,459,0.0211,0.0332,-0.65
FB4M,FB4D,289,517,0.0385,0.0605,-0.65
FB4K,hDeltaJ,1030,466,0.0271,0.0172,0.65
PFR,FC2A,224,402,0.007,0.011,-0.65
FB7M,hDeltaE,361,402,0.0119,0.0187,-0.65
FB5C,FR1,801,566,0.0279,0.0177,0.65
FB6R,hDeltaL,422,535,0.0115,0.0181,-0.65
FB3C,FB4D,560,406,0.0746,0.0475,0.65
LAL034,LCNOpm,506,164,0.0288,0.0183,0.65
OA-VPM3,FC3,361,409,0.0119,0.0187,-0.64
hDeltaI,hDeltaI,548,283,0.0148,0.0094,0.64
FS1A,SMP081,317,595,0.0133,0.0208,-0.64
FB7L,FS3,1264,919,0.0511,0.0327,0.64
hDeltaD,FC2C,1372,1856,0.0289,0.0451,-0.64
FB4M,hDeltaK,256,410,0.0096,0.015,-0.64
OA-VPM3,PFGs,342,614,0.0104,0.0163,-0.64
FB4K,FC2A,1078,781,0.0335,0.0214,0.64
PFR,hDeltaJ,944,1051,0.0249,0.0388,-0.64
PFL2,LAL073,1190,892,0.0628,0.0979,-0.64
FC2C,oviIN,682,287,0.0125,0.008,0.64
TuBu09,ER2,1276,660,0.0184,0.0118,0.64
FC3,FB5U,630,347,0.1334,0.0857,0.64
FB2A,FB2B,648,872,0.0406,0.0631,-0.64
TuBu06,ER5,1734,777,0.0674,0.0434,0.63
FB3C,FS1A,667,588,0.0262,0.0168,0.63
FB2M,PFL2,668,448,0.0209,0.0134,0.63
FB5N,PFL3,547,363,0.009,0.0057,0.63
FB2F,FC3,638,713,0.021,0.0325,-0.63
FB4O,hDeltaM,899,453,0.0355,0.0229,0.63
FB4N,FC2C,664,369,0.014,0.009,0.63
FB2L,FC2B,558,525,0.0132,0.0085,0.62
FB2K,FB1G,451,233,0.0629,0.0407,0.62
hDeltaB,hDeltaL,356,444,0.0097,0.015,-0.62
ExR3,,7583,751,0.0,0.0002,-0.62
hDeltaF,hDeltaC,971,427,0.022,0.0142,0.62
FB5U,hDeltaH,1399,801,0.0479,0.0311,0.62
Delta7,LPsP,5528,5574,0.4408,0.6787,-0.62
PFL1,,31638,186,0.0002,0.0,0.62
FB5A,,20929,20,0.0001,0.0,0.62
PEN_a,ExR7,269,620,0.0392,0.0604,-0.62
FB5C,hDeltaH,501,286,0.0172,0.0111,0.62
PFR,hDeltaA,2931,3557,0.0582,0.0895,-0.62
FB2F,vDeltaD,406,585,0.0281,0.0433,-0.62
FB1D,FB1E,582,607,0.1164,0.1785,-0.62
FB1D,FB1B,407,324,0.1367,0.0892,0.62
PFL3,VES005,701,187,0.0455,0.0297,0.61
FB4A,hDeltaI,363,454,0.0098,0.0151,-0.61
ExR5,FB4P,447,384,0.0267,0.0174,0.61
FB6E,FC2C,674,379,0.0142,0.0092,0.61
vDeltaB,FB7L,645,728,0.0804,0.1229,-0.61
FB2F,vDeltaH,505,571,0.0789,0.0517,0.61
PFNd,LNO2,3542,3151,0.1837,0.2803,-0.61
PFGs,hDeltaK,4790,7453,0.1788,0.2727,-0.61
FB5A,FS1A,243,512,0.0095,0.0146,-0.61
hDeltaG,FB6L,285,1107,0.1256,0.1914,-0.61
FB2G,,19840,12,0.0001,0.0,0.61
vDeltaK,hDeltaI,442,550,0.012,0.0183,-0.61
ExR5,,22627,57,0.0001,0.0,0.6
EL,ER3m,844,965,0.0374,0.0569,-0.6
FB5Z,FB6L,166,643,0.0731,0.1111,-0.6
FS4B,SLP414,847,2120,0.1754,0.2662,-0.6
FC1A,FB2I,491,351,0.0374,0.0246,0.6
FB5D,PFR,929,620,0.0136,0.0089,0.6
EPG,PFNa,816,1142,0.021,0.0319,-0.6
CRE028,FB4E,546,369,0.0593,0.0391,0.6
PFNm,,18923,2,0.0001,0.0,0.6
vDeltaA,FB8A,327,892,0.2319,0.3512,-0.6
ER5,EPG,3222,4033,0.0157,0.0238,-0.6
PFR,PFR,4887,3291,0.0715,0.0472,0.6
FB2C,FS1A,230,481,0.009,0.0137,-0.6
FB5C,hDeltaG,1018,546,0.0351,0.0232,0.6
TuBu01,ExR1,1046,486,0.0191,0.0126,0.6
FB8F,FB6C,660,640,0.0617,0.0933,-0.6
FB5Y,FC2B,425,945,0.01,0.0152,-0.59
FS4A,SMP297,1127,824,0.1508,0.2277,-0.59
hDeltaG,,18765,3,0.0001,0.0,0.59
TuBu05,ER3p,786,437,0.0412,0.0273,0.59
FB2H,FC3,379,414,0.0124,0.0189,-0.59
FB4P,FB4O,508,509,0.062,0.0937,-0.59
,ExR1,1055,1126,0.0193,0.0291,-0.59
hDeltaL,,21228,44,0.0001,0.0,0.59
SMP471,FB5V,456,333,0.0246,0.0162,0.59
ExR5,PFL2,668,461,0.0209,0.0138,0.59
ER3w,ER2,1723,924,0.0249,0.0165,0.59
FB2J,FB2D,1129,688,0.0603,0.0401,0.59
PFNm,FB1C,683,682,0.0514,0.0773,-0.59
hDeltaA,FS1B,245,524,0.0218,0.0328,-0.59
FB1E,hDeltaL,666,355,0.0181,0.012,0.58
hDeltaB,FB4B,2835,3120,0.2773,0.4157,-0.58
hDeltaJ,hDeltaC,408,419,0.0092,0.0139,-0.58
Delta7,PFL2,3269,5107,0.1023,0.1532,-0.58
FB2H,FB2B,326,423,0.0204,0.0306,-0.58
hDeltaJ,FS1A,514,1058,0.0202,0.0302,-0.58
LPsP,,19226,19,0.0001,0.0,0.58
FB6C,FB6J,379,530,0.0763,0.051,0.58
GLNO,GLNO,400,133,0.042,0.028,0.58
FB5V,FB5V,250,414,0.0135,0.0202,-0.58
PEN_b,GLNO,1099,817,0.1153,0.1721,-0.58
FB5AB,vDeltaD,720,451,0.0499,0.0334,0.58
FB7D,FB7I,481,298,0.0626,0.0419,0.58
FB5P,FB5U,635,365,0.1345,0.0902,0.58
Delta7,PFR,2538,3860,0.0371,0.0554,-0.57
ExR7,LAL013,1247,294,0.2126,0.1429,0.57
ExR7,,22762,80,0.0001,0.0,0.57
PEN_a,,18582,13,0.0001,0.0,0.57
PFL1,FB2B,1060,616,0.0664,0.0446,0.57
FB1D,vDeltaB,218,460,0.0221,0.0328,-0.57
FB2B,FB2H,333,497,0.0855,0.127,-0.57
IbSpsP,PFNd,2215,3048,0.0454,0.0675,-0.57
hDeltaH,,17679,1,0.0001,0.0,0.57
FB5M,hDeltaA,422,222,0.0084,0.0056,0.57
PFR,FB4Z,352,632,0.0255,0.0379,-0.57
PFNp,vDeltaF,772,711,0.0522,0.0774,-0.57
FB8H,FS3,539,910,0.0218,0.0324,-0.57
PFL3,PS018,486,336,0.0246,0.0366,-0.57
FB2J,FB2F,677,399,0.0469,0.0316,0.56
FB4H,vDeltaM,852,1049,0.0621,0.0919,-0.56
hDeltaL,FB6L,351,605,0.1546,0.1046,0.56
FC1A,FB2A,528,270,0.0527,0.0356,0.56
vDeltaC,hDeltaL,1759,2089,0.0478,0.0707,-0.56
FB7A,PFGs,599,462,0.0182,0.0123,0.56
ER4d,ER2,1886,1032,0.0272,0.0184,0.56
ExR4,ExR4,1155,1024,0.0563,0.0831,-0.56
vDeltaI,hDeltaH,2294,1373,0.0786,0.0532,0.56
ExR3,hDeltaK,2092,3148,0.0781,0.1152,-0.56
PEN_b,,17412,2,0.0001,0.0,0.56
EPG,PFL2,1036,1596,0.0324,0.0479,-0.56
ER2,ER3w,3029,2303,0.0817,0.1204,-0.56
PFL1,LAL086,939,592,0.4215,0.2863,0.56
,FB4G,292,512,0.0487,0.0717,-0.56
EPG,ER4d,2598,1502,0.0456,0.0309,0.56
FC1C,,12532,852,0.0001,0.0002,-0.56
TuBu10,ER2,1298,711,0.0188,0.0127,0.56
LNO1,PFNv,3989,2619,0.1929,0.1312,0.56
FS3,FB5G,347,493,0.0384,0.0566,-0.56
FB9A,vDeltaA,1569,1175,0.0734,0.0499,0.55
hDeltaJ,vDeltaE,220,427,0.0151,0.0222,-0.55
hDeltaM,FC2B,958,951,0.0226,0.0153,0.55
FB2A,PFNa,420,570,0.0108,0.0159,-0.55
FB5Y,hDeltaG,419,501,0.0145,0.0213,-0.55
LPsP,PFL3,395,607,0.0065,0.0096,-0.55
FB4O,hDeltaH,475,285,0.0163,0.011,0.55
FB2F,FS1B,592,574,0.0526,0.0359,0.55
FB4F,vDeltaM,764,434,0.0557,0.038,0.55
SA1,vDeltaA,984,1586,0.046,0.0674,-0.55
TuBu01,ER4m,1514,596,0.0541,0.037,0.55
FB2A,FC1F,298,508,0.031,0.0453,-0.54
LAL138,ER1,575,266,0.024,0.0164,0.54
FB8B,hDeltaE,414,428,0.0136,0.02,-0.54
LPsP,PEN_a,2583,2871,0.0597,0.087,-0.54
FB4Y,hDeltaA,1539,1773,0.0306,0.0446,-0.54
vDeltaA,FB9B,814,610,0.1725,0.2512,-0.54
vDeltaD,FB6O,521,364,0.1557,0.1068,0.54
PFL3,AOTU019,1996,888,0.0318,0.0464,-0.54
hDeltaI,,16663,1,0.0001,0.0,0.54
FB6F,hDeltaG,1096,611,0.0378,0.0259,0.54
FB2B,FR1,514,833,0.0179,0.0261,-0.54
GLNO,ExR8,435,337,0.0762,0.0525,0.54
FC1F,FB2D,439,586,0.0235,0.0341,-0.54
FB4O,PFR,1791,1255,0.0262,0.018,0.54
PFNv,,16514,2,0.0001,0.0,0.54
FB5V,FC3,661,692,0.0217,0.0316,-0.54
FB4P,FS1A,243,486,0.0095,0.0139,-0.53
EPG,PFR,306,458,0.0045,0.0066,-0.53
OA-VPM3,PFR,491,731,0.0072,0.0105,-0.53
FC1B,FB2A,730,800,0.0729,0.1056,-0.53
FB5K,vDeltaF,480,432,0.0324,0.047,-0.53
FB6U,FC2B,451,960,0.0106,0.0155,-0.53
PFR,Delta7,422,555,0.0082,0.0119,-0.53
EPG,PFNd,1979,2653,0.0406,0.0587,-0.53
ExR4,PEG,703,451,0.0336,0.0232,0.53
PFR,FC2B,362,770,0.0085,0.0124,-0.53
PEG,PEN_b,2238,1309,0.0519,0.0359,0.53
Delta7,PFNa,7243,9619,0.1863,0.2689,-0.53
FB5AB,vDeltaF,1359,584,0.0918,0.0636,0.53
hDeltaH,vDeltaG,587,315,0.0438,0.0303,0.53
Delta7,PFNm,1855,2510,0.0778,0.1123,-0.53
FB4F,FB4Y,346,452,0.0147,0.0213,-0.53
vDeltaA,SA3,508,505,0.1426,0.2057,-0.53
SA3,SA1,303,405,0.0707,0.102,-0.53
FB4O,FB4P,781,713,0.0467,0.0324,0.53
FB4M,PFNv,310,433,0.015,0.0217,-0.53
ExR1,ER3w,489,174,0.0132,0.0091,0.53
FB9B,FS4A,403,276,0.0286,0.0198,0.52
FB8F,FB7L,416,442,0.0519,0.0746,-0.52
FB5X,FS1B,260,532,0.0231,0.0333,-0.52
vDeltaC,FB7I,621,826,0.0808,0.1162,-0.52
FB5M,hDeltaI,581,327,0.0157,0.0109,0.52
LNO1,FB4B,497,524,0.0486,0.0698,-0.52
hDeltaJ,FB1H,1236,1105,0.0959,0.0668,0.52
ER3d,EL,2599,1874,0.0348,0.0242,0.52
vDeltaC,FB7H,543,430,0.1766,0.1232,0.52
FB4O,PFL3,1195,864,0.0197,0.0137,0.52
FB4X,PFL3,301,453,0.0049,0.0072,-0.52
FB5H,vDeltaH,391,965,0.0611,0.0873,-0.51
FB2D,,15930,6,0.0001,0.0,0.51
hDeltaB,FB4F,893,692,0.0587,0.0411,0.51
FB4O,hDeltaI,967,550,0.0262,0.0183,0.51
PFGs,FB6A,4000,5886,0.1613,0.2297,-0.51
FB4Y,vDeltaJ,403,561,0.0759,0.1081,-0.51
EPG,ER1,1725,1664,0.0719,0.1024,-0.51
PFL2,LAL090,590,696,0.1102,0.1568,-0.51
hDeltaB,FB1H,241,441,0.0187,0.0266,-0.51
hDeltaF,FB6M,437,341,0.0665,0.0944,-0.51
FC1D,FR2,455,563,0.0849,0.0598,0.5
FB2L,vDeltaE,405,375,0.0278,0.0195,0.5
FB6D,FB6A,596,433,0.024,0.0169,0.5
PFR,hDeltaB,904,1112,0.0193,0.0274,-0.5
vDeltaG,FB5K,704,766,0.15,0.1058,0.5
FB4O,FB4Q,854,643,0.0988,0.0697,0.5
FB8I,hDeltaD,667,407,0.0314,0.0221,0.5
hDeltaB,FB4K,417,251,0.0523,0.0369,0.5
ExR8,,11517,751,0.0001,0.0002,-0.5
LAL076,FC2C,473,287,0.01,0.007,0.5
FC1A,FC1D,649,388,0.0566,0.0399,0.5
PFNm,FC2B,381,792,0.009,0.0128,-0.5
PFNp,PFNm,6016,3994,0.2524,0.1787,0.5
IbSpsP,Delta7,675,864,0.0131,0.0185,-0.5
hDeltaM,,15639,11,0.0001,0.0,0.5
vDeltaC,hDeltaE,1112,1108,0.0366,0.0517,-0.5
FB2F,FB2F,760,936,0.0527,0.0742,-0.49
FB6U,FC2C,503,307,0.0106,0.0075,0.49
ER3w,EPG,18115,10598,0.0881,0.0626,0.49
FC2C,PFL2,2013,1492,0.063,0.0447,0.49
hDeltaH,FR1,602,944,0.0209,0.0295,-0.49
hDeltaJ,,14744,0,0.0001,0.0,0.49
FB2F,FC1D,696,419,0.0606,0.0431,0.49
FB6G,hDeltaF,1513,678,0.0421,0.03,0.49
PEN_b,ER2,3097,1785,0.0447,0.0318,0.49
FB2F,hDeltaH,1444,909,0.0495,0.0352,0.49
hDeltaM,hDeltaM,493,274,0.0195,0.0139,0.49
FC2C,hDeltaM,665,370,0.0263,0.0187,0.49
Delta7,PFL3,5617,8177,0.0924,0.1294,-0.49
PFNv,hDeltaB,4344,2686,0.0926,0.0661,0.48
FB6C,hDeltaC,2114,1027,0.0478,0.0341,0.48
TuBu06,ExR1,779,391,0.0142,0.0101,0.48
PFL3,LAL194,414,287,0.0602,0.0842,-0.48
FB5AB,vDeltaG,1002,556,0.0748,0.0535,0.48
FS1A,CRE040,425,546,0.0183,0.0256,-0.48
vDeltaM,vDeltaJ,927,649,0.1746,0.1251,0.48
SMP147,LCNOpm,702,256,0.04,0.0286,0.48
hDeltaB,FB3A,778,762,0.0667,0.0931,-0.48
FB1E,,14556,3,0.0001,0.0,0.48
FB6Z,FC2C,545,336,0.0115,0.0082,0.48
ExR3,ER2,450,512,0.0065,0.0091,-0.48
vDeltaH,FB5K,302,649,0.0643,0.0897,-0.48
FB2M,,14373,1,0.0001,0.0,0.48
FB5O,FR1,413,642,0.0144,0.0201,-0.48
FB6F,FB6J,153,446,0.0308,0.0429,-0.48
LAL112,LCNOpm,806,295,0.0459,0.033,0.48
PFR,FB4Y,612,396,0.026,0.0186,0.48
ExR5,FB2A,761,414,0.076,0.0546,0.47
FS1A,,29062,1304,0.0002,0.0003,-0.47
FC1F,FC3,917,919,0.0301,0.0419,-0.47
FB2I,,15605,25,0.0001,0.0,0.47
,FB4Y,680,441,0.0289,0.0208,0.47
FC2C,FS1B,745,762,0.0662,0.0477,0.47
FB6E,vDeltaE,611,579,0.0419,0.0302,0.47
ER2,ER3d,1395,1309,0.0188,0.0261,-0.47
FB2C,FC2A,527,830,0.0164,0.0228,-0.47
ExR3,PFGs,1823,2892,0.0554,0.0768,-0.47
hDeltaF,,14946,16,0.0001,0.0,0.47
FC2C,FS1A,1584,1569,0.0622,0.0449,0.47
FB2I,FB2F,638,772,0.0442,0.0612,-0.47
FB6A,OA-VPM3,567,567,0.0294,0.0408,-0.47
FB6D,hDeltaC,1716,843,0.0388,0.028,0.47
FB2K,FB2G,1112,559,0.1337,0.0966,0.47
PFNp,vDeltaM,2132,1283,0.1555,0.1124,0.47
FB5W,hDeltaA,628,688,0.0125,0.0173,-0.47
PFNd,,14045,2,0.0001,0.0,0.47
FB4Y,FB5M,211,425,0.0945,0.1307,-0.47
vDeltaE,FS2,459,573,0.0159,0.022,-0.47
FB1G,FS2,414,517,0.0143,0.0199,-0.47
FB4Y,vDeltaM,362,416,0.0264,0.0365,-0.46
FB7E,FS2,722,471,0.025,0.0181,0.46
hDeltaL,hDeltaL,413,459,0.0112,0.0155,-0.46
PFR,FB4P,1262,2291,0.0755,0.104,-0.46
FB2C,FC2B,288,584,0.0068,0.0094,-0.46
hDeltaD,vDeltaA,1416,1133,0.0663,0.0481,0.46
LAL101,FB5V,427,342,0.023,0.0167,0.46
LNO1,FB4C,1112,748,0.0937,0.0681,0.46
ER2,ExR1,701,682,0.0128,0.0176,-0.46
FS2,FB6J,325,495,0.0655,0.0476,0.46
FB6A,hDeltaC,6117,3035,0.1384,0.1009,0.46
FB1G,FC1B,872,597,0.0612,0.0446,0.45
vDeltaC,vDeltaC,348,535,0.0241,0.0331,-0.45
FB6A,FB6D,753,530,0.1216,0.0887,0.45
VES041,PFL2,467,354,0.0146,0.0106,0.45
FB2L,FB2F,407,259,0.0282,0.0205,0.45
FC3,FB3C,1310,610,0.1436,0.1049,0.45
ER4m,ExR4,696,305,0.0339,0.0247,0.45
vDeltaB,vDeltaB,490,950,0.0496,0.0678,-0.45
PEN_b,FB4Y,530,655,0.0225,0.0308,-0.45
PFNv,LNO1,2764,2198,0.2523,0.3443,-0.45
PEG,EL,569,428,0.0076,0.0055,0.45
FB3A,PFNd,5765,3911,0.1182,0.0866,0.45
FB3A,FB4M,576,520,0.0288,0.0393,-0.45
FB2B,,14132,17,0.0001,0.0,0.44
hDeltaE,,17701,80,0.0001,0.0,0.44
ExR1,ER2,630,372,0.0091,0.0066,0.44
PFL3,DNa02,736,275,0.0149,0.0203,-0.44
vDeltaL,vDeltaK,557,774,0.0337,0.0459,-0.44
vDeltaB,FB7B,496,541,0.096,0.1305,-0.44
hDeltaH,FB5U,1429,901,0.3026,0.2226,0.44
FB8E,FS4A,308,414,0.0219,0.0297,-0.44
vDeltaM,hDeltaA,2250,1306,0.0447,0.0329,0.44
vDeltaE,FB5Y,336,407,0.0506,0.0687,-0.44
FB4P,FB4E,355,495,0.0386,0.0524,-0.44
FB2J,FC3,580,307,0.0191,0.014,0.44
FB2D,FC1E,630,882,0.0666,0.0903,-0.44
FB2G,PFL3,1330,1018,0.0219,0.0161,0.44
ExR5,PFL3,1458,1117,0.024,0.0177,0.44
FB9B,vDeltaA,921,749,0.0431,0.0318,0.44
PFNm,hDeltaC,450,225,0.0102,0.0075,0.44
FB4F,,15208,43,0.0001,0.0,0.43
PEN_a,PEN_b,3179,1989,0.0738,0.0546,0.43
PEN_b,hDeltaK,1462,1103,0.0546,0.0404,0.43
FC1E,FB2B,568,664,0.0356,0.0481,-0.43
FB4E,hDeltaJ,442,232,0.0116,0.0086,0.43
FB1G,vDeltaA,894,1330,0.0418,0.0565,-0.43
PFNd,FB4L,570,401,0.0594,0.0802,-0.43
FB2J,FB2H,404,301,0.1038,0.0769,0.43
ER5,ER3a,823,700,0.0278,0.0376,-0.43
FC1B,FB2D,677,838,0.0362,0.0488,-0.43
PFNa,LNOa,2642,2092,0.5153,0.6941,-0.43
PFL2,PFL2,606,468,0.019,0.014,0.43
FB2D,hDeltaC,562,517,0.0127,0.0172,-0.43
FB1A,vDeltaD,354,447,0.0245,0.0331,-0.43
,FB4D,281,431,0.0375,0.0505,-0.43
FB4H,vDeltaJ,990,719,0.1865,0.1386,0.43
FC2B,FS1A,1332,2461,0.0523,0.0703,-0.43
vDeltaB,hDeltaE,3102,2945,0.1021,0.1373,-0.43
PFNd,FB4D,591,500,0.0788,0.0585,0.43
FB5AB,FC2B,1083,1176,0.0256,0.019,0.43
FB5P,hDeltaH,730,479,0.025,0.0186,0.43
FB5D,hDeltaH,704,462,0.0241,0.0179,0.42
hDeltaC,vDeltaF,1092,505,0.0738,0.055,0.42
EPG,ER2,4903,2957,0.0708,0.0528,0.42
FC3,hDeltaJ,1593,845,0.0419,0.0312,0.42
FC1B,hDeltaC,665,609,0.015,0.0202,-0.42
FB4D,hDeltaI,904,986,0.0245,0.0328,-0.42
LAL184,ExR4,489,219,0.0238,0.0178,0.42
FB5A,FR1,470,701,0.0164,0.0219,-0.42
FB4K,hDeltaA,2754,1625,0.0547,0.0409,0.42
hDeltaJ,FB4Q,930,743,0.1076,0.0805,0.42
FB4O,FB4O,823,409,0.1005,0.0753,0.42
FB2B,FB2A,519,524,0.0518,0.0692,-0.41
FB5V,FB4Y,1137,1369,0.0483,0.0644,-0.41
FB8B,vDeltaB,243,460,0.0246,0.0328,-0.41
FB5L,FB5AB,777,770,0.0634,0.0845,-0.41
FB5B,FB5I,720,586,0.0961,0.0721,0.41
FB6N,FB5AB,504,499,0.0411,0.0548,-0.41
FC3,FB2F,1332,874,0.0923,0.0693,0.41
FB5P,FB5S,484,611,0.0566,0.0753,-0.41
PFR,hDeltaH,1880,2211,0.0644,0.0857,-0.41
vDeltaC,FB7L,418,411,0.0521,0.0694,-0.41
FB4P,,18489,116,0.0001,0.0,0.41
EPG,LPsP,2088,1819,0.1665,0.2215,-0.41
PEN_a,ExR2,1995,2030,0.1803,0.2397,-0.41
EPG,ExR2,633,644,0.0572,0.0761,-0.41
ER4m,ExR2,700,403,0.0633,0.0476,0.41
PFR,FC3,514,493,0.0169,0.0225,-0.41
hDeltaE,FC2C,2207,2538,0.0464,0.0617,-0.41
FB4R,hDeltaB,3647,2378,0.0777,0.0585,0.41
vDeltaA,,12251,6,0.0001,0.0,0.41
PFNv,Delta7,455,548,0.0088,0.0117,-0.41
ExR8,PS047,1233,502,0.0373,0.0495,-0.41
hDeltaJ,FR2,374,872,0.0698,0.0926,-0.41
FB3C,FC3,3122,1695,0.1026,0.0773,0.41
PFNp,vDeltaC,682,575,0.0472,0.0355,0.41
FC1F,FC1C,600,1013,0.0415,0.055,-0.41
FB3A,PFR,388,529,0.0057,0.0076,-0.41
ER2,ER4d,2908,1869,0.051,0.0385,0.41
FB5X,FC2A,1179,1006,0.0367,0.0276,0.41
vDeltaL,FB4G,448,402,0.0747,0.0563,0.41
PFR,FB4O,968,851,0.1182,0.1566,-0.4
CRE005,FB4G,257,405,0.0428,0.0568,-0.4
FB2E,PFL1,590,888,0.0369,0.0489,-0.4
LPsP,PFR,392,533,0.0057,0.0076,-0.4
ER1,ER1,6163,5518,0.2568,0.3395,-0.4
ExR7,ExR7,555,628,0.0808,0.0611,0.4
LPsP,PFNp,1189,1418,0.0172,0.0227,-0.4
FB7B,hDeltaE,565,528,0.0186,0.0246,-0.4
hDeltaB,PFGs,3125,2707,0.095,0.0719,0.4
hDeltaC,,11651,0,0.0001,0.0,0.4
TuBu07,ER3w,1699,664,0.0458,0.0347,0.4
hDeltaE,PFGs,640,554,0.0195,0.0147,0.4
hDeltaD,,17830,114,0.0001,0.0,0.4
EPG,ExR8,913,1353,0.16,0.2106,-0.4
FB4Q,,11958,8,0.0001,0.0,0.4
FB5O,PFR,464,627,0.0068,0.009,-0.4
Delta7,PFNp,6570,7779,0.0949,0.1248,-0.39
SLP024,FB8F,405,231,0.0373,0.0284,0.39
FC2B,hDeltaM,1073,1100,0.0424,0.0557,-0.39
FB5Y,FC2C,677,445,0.0142,0.0108,0.39
FB6E,hDeltaF,543,260,0.0151,0.0115,0.39
FB4C,PFNd,4366,3084,0.0895,0.0683,0.39
FB3C,,11791,9,0.0001,0.0,0.39
AOTU046,ExR1,3608,1943,0.0658,0.0502,0.39
vDeltaB,FB8G,933,1290,0.1575,0.2062,-0.39
FB4P,PFL2,620,848,0.0194,0.0254,-0.39
hDeltaM,FB5A,888,913,0.0365,0.0478,-0.39
FB2J,,11317,2,0.0001,0.0,0.39
FB5Y,hDeltaM,792,810,0.0313,0.041,-0.39
FB2D,FC3,1878,1034,0.0617,0.0472,0.39
ExR2,,3819,387,0.0,0.0001,-0.39
FB5L,vDeltaF,1407,1142,0.0951,0.1243,-0.39
oviIN,FC2C,418,275,0.0088,0.0067,0.39
,FB2I,426,606,0.0324,0.0424,-0.39
FB4Q,FR2,195,448,0.0364,0.0476,-0.39
FB1G,hDeltaC,782,697,0.0177,0.0232,-0.39
PEN_a,PEN_a,5446,3177,0.1258,0.0963,0.38
FB2G,FC2B,1194,1335,0.0282,0.0215,0.38
ExR5,EL,1903,1508,0.0254,0.0195,0.38
hDeltaD,ExR1,1456,787,0.0266,0.0203,0.38
FB4X,PFR,658,512,0.0096,0.0073,0.38
vDeltaK,FB4P,301,518,0.018,0.0235,-0.38
vDeltaG,FC2B,835,935,0.0197,0.0151,0.38
FB1H,,5931,448,0.0,0.0001,-0.38
FB5H,vDeltaI,1171,958,0.0506,0.066,-0.38
LNO1,LNO2,1750,1329,0.0908,0.1182,-0.38
PEN_a,ER4m,700,309,0.025,0.0192,0.38
TuBu09,ExR1,685,370,0.0125,0.0096,0.38
LAL203,LNO2,458,205,0.0238,0.0182,0.38
FB1G,hDeltaK,701,549,0.0262,0.0201,0.38
PFL3,CRE041,910,493,0.0483,0.0371,0.38
PFNp,vDeltaJ,577,732,0.1087,0.1411,-0.38
SpsP,,11108,5,0.0001,0.0,0.38
ExR3,ER3d,5677,4969,0.0764,0.0991,-0.37
FB2E,FB2E,367,543,0.0989,0.1283,-0.37
EPGt,Delta7,594,412,0.0115,0.0088,0.37
FB4P,hDeltaM,785,473,0.031,0.0239,0.37
PFNp,PFL3,3833,3078,0.063,0.0487,0.37
ER5,,11233,10,0.0001,0.0,0.37
FB2M,hDeltaA,1004,611,0.0199,0.0154,0.37
PFL2,LAL076,1346,1753,0.229,0.2958,-0.37
ExR7,FB4Y,1252,874,0.0532,0.0411,0.37
hDeltaJ,vDeltaF,496,398,0.0335,0.0433,-0.37
FB5V,PFR,1024,1352,0.015,0.0194,-0.37
FC2A,FB5W,920,916,0.1735,0.1344,0.37
CRE107,FB5H,419,495,0.0503,0.065,-0.37
FB2H,FB2D,435,309,0.0232,0.018,0.37
FC2B,FB5Q,504,527,0.0742,0.0956,-0.37
,FB4N,404,488,0.0329,0.0424,-0.36
FB6K,hDeltaC,492,433,0.0111,0.0144,-0.36
FC1A,FB2D,966,1142,0.0516,0.0665,-0.36
FB4N,,10668,4,0.0001,0.0,0.36
ER3d,,11577,21,0.0001,0.0,0.36
SA3,vDeltaA,1461,2071,0.0684,0.088,-0.36
FB2J,FB2B,502,337,0.0314,0.0244,0.36
FB4N,hDeltaJ,973,538,0.0256,0.0199,0.36
FB4X,FR2,222,502,0.0414,0.0533,-0.36
FB4O,,12819,45,0.0001,0.0,0.36
hDeltaE,vDeltaC,429,373,0.0297,0.023,0.36
CRE059,FB4M,415,213,0.0207,0.0161,0.36
PFL3,LAL076,823,646,0.14,0.109,0.36
ExR1,ER3a,1186,960,0.0401,0.0515,-0.36
FB4Y,vDeltaK,1376,1803,0.0832,0.1068,-0.36
ER1,EL,3599,4788,0.0481,0.0618,-0.36
vDeltaI,FR1,640,554,0.0223,0.0173,0.36
FB1G,PFR,1197,1569,0.0175,0.0225,-0.36
vDeltaC,FB6H,611,723,0.0849,0.1088,-0.36
FS4C,SMP167,618,366,0.1693,0.1322,0.36
PFNp,FB1H,1231,1233,0.0955,0.0745,0.36
FB7C,FC2C,368,410,0.0077,0.01,-0.36
FB5O,FC2B,545,621,0.0129,0.01,0.35
FB5O,hDeltaG,481,501,0.0166,0.0213,-0.35
ER2,,10982,16,0.0001,0.0,0.35
FC3,hDeltaC,798,424,0.0181,0.0141,0.35
FB6A,,26172,301,0.0001,0.0001,0.35
FR1,FR1,8694,7577,0.3025,0.237,0.35
IbSpsP,PFNm,2102,2515,0.0882,0.1125,-0.35
ExR6,,12865,53,0.0001,0.0,0.35
EPG,P6-8P9,391,704,0.2583,0.3291,-0.35
EPG,PFL3,1182,1569,0.0194,0.0248,-0.35
FB4Z,hDeltaI,437,454,0.0118,0.0151,-0.35
FB6A,hDeltaG,588,610,0.0203,0.0259,-0.35
hDeltaG,FR1,657,932,0.0229,0.0291,-0.35
PFL3,,64339,1022,0.0004,0.0002,0.35
ER3p,ER3m,476,456,0.0211,0.0269,-0.35
PFNp,FC2C,958,650,0.0202,0.0158,0.35
FB2F,hDeltaJ,1096,613,0.0289,0.0226,0.35
EPG,PFL1,538,778,0.0336,0.0428,-0.35
hDeltaC,FB6P,504,529,0.1868,0.147,0.35
hDeltaB,FS3,676,604,0.0273,0.0215,0.34
FB1D,vDeltaA,806,1128,0.0377,0.0479,-0.34
LAL191,FB5V,337,473,0.0181,0.0231,-0.34
PFL3,LCNOp,561,406,0.0848,0.0668,0.34
vDeltaJ,hDeltaA,454,281,0.009,0.0071,0.34
FB4Y,vDeltaL,526,621,0.0426,0.0541,-0.34
LAL184,ExR2,489,295,0.0442,0.0348,0.34
FB4I,hDeltaA,1082,673,0.0215,0.0169,0.34
FC2C,FB5Q,582,373,0.0857,0.0677,0.34
ER1,PEG,437,320,0.0209,0.0165,0.34
ExR1,,11451,34,0.0001,0.0,0.34
ExR1,ExR7,394,466,0.0574,0.0454,0.34
FB7H,vDeltaC,1173,1039,0.0811,0.0642,0.34
FB6A,FB6A,1405,1149,0.0566,0.0448,0.34
FB5Q,,10546,19,0.0001,0.0,0.34
PFNp,vDeltaL,2279,1681,0.1847,0.1464,0.33
FB5I,vDeltaE,583,969,0.04,0.0505,-0.33
FC2C,FB4C,381,445,0.0321,0.0405,-0.33
PFNm,PFNp,4494,3206,0.0649,0.0514,0.33
FB6X,FB6J,322,534,0.0649,0.0514,0.33
FB6V,hDeltaL,695,442,0.0189,0.015,0.33
hDeltaB,FB4J,462,439,0.1717,0.1363,0.33
FB4Q,FS1A,583,1009,0.0229,0.0288,-0.33
FB5G,,14784,102,0.0001,0.0,0.33
PFL1,LAL087,2252,929,0.5928,0.4713,0.33
FB7J,hDeltaD,454,312,0.0214,0.0169,0.33
SA2,vDeltaA,1096,1517,0.0513,0.0644,-0.33
ER4m,ER3w,2652,1089,0.0715,0.057,0.33
FB6U,FS3,292,418,0.0118,0.0149,-0.33
hDeltaD,vDeltaB,1092,1233,0.1105,0.088,0.33
FB6F,hDeltaL,2764,1770,0.0752,0.0599,0.33
,FB2G,408,356,0.049,0.0615,-0.33
FB4B,,9307,1,0.0001,0.0,0.33
FC3,FC1C,851,863,0.0588,0.0469,0.33
ER3p,,9766,10,0.0001,0.0,0.33
FB6A,FB6M,437,301,0.0665,0.0833,-0.33
FB2F,vDeltaE,765,1263,0.0525,0.0658,-0.33
FB6C,hDeltaL,3064,1964,0.0833,0.0665,0.33
PFNa,FB2A,782,741,0.0781,0.0978,-0.32
FB8G,FS3,382,545,0.0154,0.0194,-0.32
FB5X,PFL2,629,823,0.0197,0.0247,-0.32
FB9B,hDeltaD,1310,906,0.0616,0.0492,0.32
ExR4,PEN_b,5030,3398,0.1167,0.0932,0.32
FS2,FB7D,589,422,0.0803,0.0641,0.32
FC3,PFGs,1429,1306,0.0434,0.0347,0.32
FB5C,PFR,446,361,0.0065,0.0052,0.32
ER4d,,9228,2,0.0001,0.0,0.32
hDeltaM,hDeltaH,516,571,0.0177,0.0221,-0.32
ExR7,ExR5,1703,1239,0.1376,0.1101,0.32
PFR,FB4K,396,422,0.0496,0.062,-0.32
hDeltaD,FS4B,579,769,0.113,0.0906,0.32
TuBu02,ER3m,963,580,0.0426,0.0342,0.32
FC2A,,17006,154,0.0001,0.0,0.32
FB1G,FB3C,909,722,0.0997,0.1242,-0.32
FB8H,hDeltaD,1859,1292,0.0874,0.0702,0.32
hDeltaF,vDeltaD,797,599,0.0552,0.0443,0.32
FB5F,PFL3,609,791,0.01,0.0125,-0.32
FB4F,hDeltaA,3448,2185,0.0685,0.055,0.32
vDeltaA,FB8E,867,1055,0.3236,0.4027,-0.32
FB4A,hDeltaJ,2844,1628,0.0749,0.0601,0.32
CRE042,FB5K,321,616,0.0684,0.0851,-0.31
FB1E,vDeltaC,741,667,0.0512,0.0412,0.31
LNO1,FB3A,413,233,0.0354,0.0285,0.31
FB8F,FB7A,1334,804,0.1782,0.1434,0.31
vDeltaG,hDeltaM,954,926,0.0377,0.0469,-0.31
FB5X,,10583,35,0.0001,0.0,0.31
ExR4,ExR8,762,1064,0.1335,0.1656,-0.31
FB2M,FC2A,2494,2277,0.0776,0.0625,0.31
hDeltaG,FB6J,326,846,0.0657,0.0814,-0.31
FB2J,hDeltaI,505,330,0.0137,0.011,0.31
FC2A,FB5X,1903,1503,0.2033,0.1641,0.31
FB7L,,11035,45,0.0001,0.0,0.31
vDeltaK,FB4Y,443,496,0.0188,0.0233,-0.31
PFL2,PS010,424,249,0.0332,0.0411,-0.31
FB4G,hDeltaI,591,596,0.016,0.0198,-0.31
FB2F,FB2B,1974,1379,0.1236,0.0998,0.31
FB6G,vDeltaD,689,521,0.0477,0.0385,0.31
ER1,EPG,11478,11700,0.0559,0.0691,-0.31
FB8B,ExR1,1220,695,0.0223,0.018,0.31
PFL2,FB5A,614,597,0.0253,0.0313,-0.31
FC1B,,9087,10,0.0,0.0,0.3
hDeltaC,FB6A,469,599,0.0189,0.0234,-0.3
Delta7,PFL1,4732,6634,0.2958,0.365,-0.3
,ER2,1242,813,0.0179,0.0145,0.3
PEN_b,ER4m,1897,885,0.0677,0.0549,0.3
FB5G,FS1B,322,565,0.0286,0.0354,-0.3
FB2B,PFL1,1346,1887,0.0841,0.1038,-0.3
PEN_b,PEN_b,6224,4270,0.1444,0.1172,0.3
ExR2,ER4d,964,1015,0.0169,0.0209,-0.3
FB5M,PFL3,446,574,0.0073,0.0091,-0.3
ER4m,,8557,2,0.0,0.0,0.3
PFR,PFL3,315,406,0.0052,0.0064,-0.3
FB2M,FC1D,588,404,0.0512,0.0416,0.3
FC2C,FB5A,2889,1843,0.1189,0.0966,0.3
PFGs,FB6D,855,1013,0.138,0.1695,-0.3
FB5S,hDeltaG,1827,1209,0.063,0.0513,0.3
FC1C,FC1C,556,869,0.0384,0.0472,-0.3
FC2C,,33332,488,0.0002,0.0001,0.3
FC1C,PFL1,834,772,0.0521,0.0425,0.29
FB2F,FC2B,2336,2784,0.0551,0.0449,0.29
PFNv,PFNv,9048,7125,0.4375,0.3568,0.29
FB7G,FC2C,776,825,0.0163,0.0201,-0.29
FB6T,FB6E,333,468,0.0853,0.1045,-0.29
PFNd,PFNd,8109,6133,0.1663,0.1358,0.29
FB2E,,8228,1,0.0,0.0,0.29
FC2C,FB5G,1456,1148,0.1612,0.1317,0.29
FB2M,FC1E,581,490,0.0614,0.0502,0.29
FB4P,FB4F,1488,1346,0.0978,0.0799,0.29
hDeltaB,vDeltaL,2094,2383,0.1697,0.2075,-0.29
FC2A,FB5A,960,616,0.0395,0.0323,0.29
vDeltaE,FB6N,570,625,0.1911,0.1563,0.29
FC1F,FB2B,1098,1160,0.0687,0.084,-0.29
FB6R,FC2C,699,494,0.0147,0.012,0.29
ER3d,ExR3,1184,1092,0.0789,0.0647,0.29
FB6C,FC2C,1277,905,0.0269,0.022,0.29
ExR5,FB5V,528,478,0.0284,0.0233,0.28
FB1D,,8305,7,0.0,0.0,0.28
PFR,vDeltaL,366,415,0.0297,0.0361,-0.28
ExR6,EL,3750,4732,0.0501,0.0611,-0.28
FB4Q,FC2A,1371,1275,0.0426,0.035,0.28
PFNa,FC1E,790,992,0.0835,0.1016,-0.28
FB5Y,,8182,6,0.0,0.0,0.28
FC1D,PFL1,1349,1260,0.0843,0.0693,0.28
FB4Q,hDeltaA,1733,1663,0.0344,0.0418,-0.28
PFL1,WED082,845,156,0.2078,0.2524,-0.28
FB2H,,8123,6,0.0,0.0,0.28
hDeltaE,hDeltaF,537,278,0.015,0.0123,0.28
FB1E,vDeltaD,453,349,0.0314,0.0258,0.28
vDeltaK,FB4G,443,640,0.0739,0.0897,-0.28
ER3m,ExR1,3255,2789,0.0594,0.0721,-0.28
ER1,,10003,44,0.0001,0.0,0.28
PFNd,hDeltaA,1587,1521,0.0315,0.0383,-0.28
FB2I,FC1D,433,445,0.0377,0.0458,-0.28
PFL2,LAL014,464,316,0.0262,0.0318,-0.28
PFR,FB5V,446,598,0.024,0.0292,-0.28
hDeltaB,FB4N,2331,2646,0.1899,0.2301,-0.28
ExR4,,7919,4,0.0,0.0,0.28
FC1E,FR2,336,487,0.0627,0.0517,0.28
FB2D,hDeltaI,489,327,0.0132,0.0109,0.28
FB5X,hDeltaM,480,455,0.019,0.023,-0.28
FB5J,hDeltaJ,672,581,0.0177,0.0215,-0.28
FB2F,FC1E,894,762,0.0945,0.078,0.28
hDeltaE,FB7J,993,1074,0.1671,0.1381,0.28
ER4d,EL,3917,4916,0.0524,0.0634,-0.28
FC3,FB5A,877,834,0.0361,0.0437,-0.27
ExR5,FC3,1370,815,0.045,0.0372,0.27
FB6I,hDeltaL,959,636,0.0261,0.0215,0.27
FC1E,PFL1,849,798,0.0531,0.0439,0.27
FB6K,hDeltaL,955,928,0.026,0.0314,-0.27
LCNOp,PFNp,6387,4764,0.0922,0.0764,0.27
FB5AB,vDeltaE,1103,1203,0.0756,0.0627,0.27
FB2B,FS1B,502,861,0.0446,0.0539,-0.27
hDeltaC,FC2B,2414,4262,0.057,0.0688,-0.27
FB8G,FS4A,406,332,0.0288,0.0239,0.27
FB2E,FB2D,527,584,0.0282,0.034,-0.27
FB6D,FC2C,527,377,0.0111,0.0092,0.27
FB4E,FR1,520,479,0.0181,0.015,0.27
FB4X,FC2A,435,595,0.0135,0.0163,-0.27
FB5V,,17789,205,0.0001,0.0,0.27
FB2M,hDeltaM,2085,1352,0.0824,0.0684,0.27
FB6V,hDeltaG,666,653,0.023,0.0277,-0.27
hDeltaB,hDeltaK,4672,3958,0.1744,0.1448,0.27
PEN_a,ER1,2871,2340,0.1196,0.144,-0.27
vDeltaM,vDeltaK,3058,2594,0.1849,0.1537,0.27
FB2K,hDeltaM,425,400,0.0168,0.0202,-0.27
FC3,vDeltaH,780,1121,0.1219,0.1014,0.26
FB2E,FC1C,503,532,0.0348,0.0289,0.26
ExR5,EPG,6057,4149,0.0295,0.0245,0.26
FB4N,FS1A,359,593,0.0141,0.017,-0.26
FB4H,vDeltaI,2445,1280,0.1057,0.0882,0.26
FB4X,,7944,14,0.0,0.0,0.26
FC1D,,10845,72,0.0001,0.0,0.26
FB7A,FB7A,924,829,0.1234,0.1479,-0.26
FC1C,FB2B,432,448,0.027,0.0324,-0.26
PEN_b,PEN_a,3067,1951,0.0708,0.0591,0.26
ExR1,EPG,6272,4309,0.0305,0.0255,0.26
ER4d,PEN_b,775,786,0.018,0.0216,-0.26
PFNp,hDeltaJ,1839,1094,0.0484,0.0404,0.26
PEG,ER6,4431,2113,0.354,0.4235,-0.26
FB4D,FB1H,405,434,0.0314,0.0262,0.26
hDeltaB,hDeltaA,2216,1461,0.044,0.0368,0.26
FB8H,,9471,47,0.0001,0.0,0.26
ExR3,FB6A,652,806,0.0263,0.0315,-0.26
FS1A,oviIN,2011,1589,0.0368,0.0441,-0.26
FB5E,PFR,712,870,0.0104,0.0125,-0.26
ER4d,ExR5,1941,2108,0.1568,0.1873,-0.26
FB6I,hDeltaF,2368,1250,0.0659,0.0552,0.25
FS4A,FS4A,706,584,0.0501,0.042,0.25
FB4Q,FB4F,323,427,0.0212,0.0254,-0.25
PS196,LNO2,563,275,0.0292,0.0245,0.25
FC3,FR1,1302,1214,0.0453,0.038,0.25
FB2E,FC3,487,419,0.016,0.0191,-0.25
FB4R,,12539,111,0.0001,0.0,0.25
FB6C,OA-VPM3,483,416,0.0251,0.0299,-0.25
FB6A,FC2C,1138,825,0.0239,0.0201,0.25
FC1E,FC1C,542,578,0.0375,0.0314,0.25
PFNp,PFL2,1738,1521,0.0544,0.0456,0.25
hDeltaB,FB4C,1806,1990,0.1521,0.1812,-0.25
FB6E,hDeltaC,1602,1300,0.0362,0.0432,-0.25
PFR,PFGs,1477,1418,0.0449,0.0377,0.25
FB2F,FC2C,1492,1083,0.0314,0.0263,0.25
Delta7,EPGt,1067,1054,0.3591,0.4276,-0.25
FB3A,hDeltaB,883,641,0.0188,0.0158,0.25
PFNa,hDeltaC,1303,1057,0.0295,0.0351,-0.25
FB2I,FB2J,527,443,0.1087,0.1294,-0.25
FB5G,PFL3,2259,1972,0.0371,0.0312,0.25
FB8E,hDeltaE,485,408,0.016,0.019,-0.25
hDeltaG,FS1B,360,609,0.032,0.0381,-0.25
hDeltaG,FC2B,1711,2979,0.0404,0.0481,-0.25
hDeltaI,FB4E,1855,1601,0.2016,0.1696,0.25
hDeltaC,FB6E,994,959,0.2546,0.2142,0.25
FC1D,FB2D,2019,1559,0.1079,0.0908,0.25
FB5W,FC2A,1870,2517,0.0582,0.0691,-0.25
FC2B,FS1B,530,895,0.0471,0.056,-0.25
FB5J,hDeltaC,881,504,0.0199,0.0167,0.25
ER3p,ER3p,9306,6589,0.4881,0.411,0.25
ER3w,,7821,20,0.0,0.0,0.25
FB6F,FC2C,1023,1052,0.0215,0.0256,-0.25
hDeltaH,FS1A,507,827,0.0199,0.0236,-0.25
FB4E,,7091,6,0.0,0.0,0.25
FB2F,hDeltaM,710,467,0.0281,0.0236,0.25
FB8E,hDeltaD,1256,1291,0.0591,0.0701,-0.25
FB2I,PFL3,385,477,0.0063,0.0075,-0.25
FB8B,hDeltaD,547,399,0.0257,0.0217,0.25
FC2C,PFL3,2700,2366,0.0444,0.0374,0.25
EPG,EPG,11486,7980,0.0559,0.0471,0.24
FB2H,FB2J,643,538,0.1326,0.1571,-0.24
FB8G,hDeltaD,613,448,0.0288,0.0243,0.24
FB2D,FC1D,1994,1998,0.1738,0.2057,-0.24
ExR3,EL,1409,1731,0.0188,0.0223,-0.24
hDeltaB,hDeltaB,882,905,0.0188,0.0223,-0.24
ExR8,PS261,406,57,0.0692,0.0819,-0.24
FC2A,hDeltaM,452,418,0.0179,0.0212,-0.24
FB7C,hDeltaF,468,249,0.013,0.011,0.24
ExR7,EL,422,519,0.0056,0.0067,-0.24
MBON09,FB4R,492,347,0.0728,0.086,-0.24
FB5X,PFL3,1429,1755,0.0235,0.0278,-0.24
FC2B,PFL3,2478,3041,0.0407,0.0481,-0.24
FB2F,FC1C,1545,1666,0.1068,0.0905,0.24
FB8H,FS4A,555,647,0.0394,0.0465,-0.24
FC1A,PFL1,672,901,0.042,0.0496,-0.24
hDeltaJ,FB5J,403,506,0.1451,0.171,-0.24
FB4F,hDeltaI,5627,3880,0.1523,0.1292,0.24
ExR3,ExR1,733,611,0.0134,0.0158,-0.24
FC1A,,9008,51,0.0,0.0,0.24
FB1E,vDeltaB,537,897,0.0543,0.064,-0.24
LNO2,PFNd,9610,7555,0.1971,0.1672,0.24
PFNa,PFNa,14566,11374,0.3746,0.318,0.24
FC3,hDeltaG,876,604,0.0302,0.0256,0.24
vDeltaI,FB5H,826,642,0.0992,0.0842,0.24
FB8F,FB7K,511,388,0.1552,0.1319,0.23
FB5A,hDeltaM,1611,1479,0.0637,0.0748,-0.23
vDeltaI,vDeltaH,396,582,0.0619,0.0527,0.23
FB5I,,6939,12,0.0,0.0,0.23
FB1D,FB1D,638,559,0.1658,0.1947,-0.23
FB5G,FC2C,658,484,0.0138,0.0118,0.23
FC2B,PFL2,1230,1507,0.0385,0.0452,-0.23
PFNd,FB4B,491,423,0.048,0.0564,-0.23
FB5I,FC2B,394,678,0.0093,0.0109,-0.23
FB5A,FS2,983,1039,0.0341,0.04,-0.23
PEG,,7902,33,0.0,0.0,0.23
EPG,ER4m,4487,2204,0.1602,0.1367,0.23
ER4m,EPG,21202,14903,0.1032,0.0881,0.23
PFNa,FC1D,2057,2039,0.1792,0.2099,-0.23
hDeltaI,PFL2,1942,1730,0.0608,0.0519,0.23
ER5,ExR1,10044,8301,0.1833,0.2146,-0.23
FC1D,FC1C,1019,1107,0.0704,0.0602,0.23
ER3d,ER2,810,559,0.0117,0.01,0.23
hDeltaC,FB6G,445,330,0.1314,0.1123,0.23
FB5A,FC2B,2887,3612,0.0681,0.0583,0.22
FB7D,hDeltaE,1001,604,0.0329,0.0282,0.22
FB4K,vDeltaK,424,370,0.0256,0.0219,0.22
FB2B,FC1B,1465,1607,0.1028,0.1201,-0.22
hDeltaC,vDeltaE,1604,1809,0.11,0.0942,0.22
PFNp,vDeltaH,817,1647,0.1277,0.149,-0.22
ER3a,EPG,1065,1029,0.0052,0.0061,-0.22
,ER3w,775,467,0.0209,0.0244,-0.22
FB3C,PFR,685,597,0.01,0.0086,0.22
PFNd,LNO1,428,291,0.0391,0.0456,-0.22
PFNm,FC2C,1563,1159,0.0329,0.0282,0.22
FB7K,hDeltaE,1585,959,0.0522,0.0447,0.22
FC1F,,6142,2,0.0,0.0,0.22
PFR,,26949,895,0.0001,0.0002,-0.22
ExR7,ExR4,1947,1363,0.0949,0.1106,-0.22
FB4Z,FB5V,678,873,0.0365,0.0426,-0.22
PFL3,LAL101,497,347,0.1029,0.1199,-0.22
FB8G,hDeltaL,478,329,0.013,0.0111,0.22
PLP231,IbSpsP,404,306,0.0239,0.0205,0.22
FC2C,FC2C,607,450,0.0128,0.0109,0.22
FB7L,hDeltaF,1721,931,0.0479,0.0411,0.22
PFNp,hDeltaC,612,486,0.0138,0.0161,-0.22
FB1G,hDeltaJ,1122,686,0.0295,0.0253,0.22
PFL1,LAL047,4086,1645,0.4359,0.5074,-0.22
FB7E,FB7D,824,635,0.1123,0.0965,0.22
PFNd,FB3A,4020,3283,0.3448,0.4012,-0.22
vDeltaI,,5956,0,0.0,0.0,0.22
FC1A,FB2B,1727,1284,0.1081,0.0929,0.22
FB3C,FB4N,951,766,0.0775,0.0666,0.22
FB1A,,6508,12,0.0,0.0,0.22
FC2B,,27476,444,0.0002,0.0001,0.22
FC3,vDeltaF,1632,872,0.1103,0.0949,0.22
vDeltaA,FS4A,1518,1742,0.1077,0.1251,-0.22
FB3C,FS3,864,845,0.0349,0.03,0.22
FB5W,,6617,15,0.0,0.0,0.22
FB6C,,15459,197,0.0001,0.0,0.22
ExR5,FB2B,697,519,0.0436,0.0376,0.21
hDeltaM,PFL2,1555,1397,0.0487,0.0419,0.21
vDeltaA,hDeltaD,5133,5159,0.2415,0.2802,-0.21
FB7J,hDeltaF,578,423,0.0161,0.0187,-0.21
FB2I,FS4B,496,953,0.0968,0.1123,-0.21
FB9A,hDeltaD,596,445,0.028,0.0242,0.21
ER3p,ER3d,531,308,0.0071,0.0061,0.21
FB4F,PFL3,1838,1648,0.0302,0.0261,0.21
FB5F,hDeltaM,425,385,0.0168,0.0195,-0.21
hDeltaH,FS2,786,611,0.0272,0.0235,0.21
FB2I,FC1B,546,594,0.0383,0.0444,-0.21
FC1B,FC1D,491,359,0.0428,0.037,0.21
hDeltaJ,FC2B,2573,3253,0.0607,0.0525,0.21
FB5N,,5983,6,0.0,0.0,0.21
hDeltaH,FB5S,872,956,0.102,0.1179,-0.21
ER3w,ER3p,542,394,0.0284,0.0246,0.21
FB5E,FR1,488,628,0.017,0.0196,-0.21
PFL3,LAL083,1301,617,0.0403,0.0466,-0.21
LAL192,FB5V,428,409,0.023,0.0199,0.21
FB5B,PFGs,487,482,0.0148,0.0128,0.21
PFNm,vDeltaA,419,533,0.0196,0.0226,-0.21
FB6D,OA-VPM3,515,429,0.0267,0.0308,-0.21
PFNv,PFNa,749,795,0.0193,0.0222,-0.2
LNOa,PFNa,8698,6942,0.2237,0.1941,0.2
vDeltaD,FS2,431,448,0.0149,0.0172,-0.2
FB6U,,7220,35,0.0,0.0,0.2
FR1,CRE105,778,676,0.2316,0.2012,0.2
hDeltaL,FC2C,3187,3175,0.0671,0.0772,-0.2
FB4P,hDeltaI,1323,1238,0.0358,0.0412,-0.2
FB5G,PFL2,892,808,0.0279,0.0242,0.2
FB6P,hDeltaC,1399,827,0.0316,0.0275,0.2
hDeltaH,FS1B,439,718,0.039,0.0449,-0.2
FB2L,,5658,4,0.0,0.0,0.2
hDeltaB,FS4A,849,729,0.0602,0.0524,0.2
FB4P,PFR,3280,3847,0.048,0.0552,-0.2
FB7A,hDeltaE,3720,2284,0.1224,0.1065,0.2
FB2F,FC2A,1670,1645,0.0519,0.0452,0.2
FB7I,hDeltaL,2130,1489,0.0579,0.0504,0.2
EL,EL,1493,1345,0.02,0.0174,0.2
hDeltaD,FB8B,805,618,0.182,0.1585,0.2
hDeltaH,FC2B,2437,3102,0.0575,0.0501,0.2
FB1J,vDeltaA,643,616,0.0301,0.0262,0.2
vDeltaD,FB6U,488,547,0.0681,0.0782,-0.2
FC1B,FC1C,865,1264,0.0598,0.0687,-0.2
ExR1,ER3d,4090,2403,0.0551,0.0479,0.2
FB1G,FR1,391,500,0.0136,0.0156,-0.2
FB5AB,,6060,15,0.0,0.0,0.2
vDeltaI,FB4Y,1153,907,0.049,0.0427,0.2
PFL3,FB5A,806,552,0.0332,0.0289,0.2
FB5V,hDeltaK,1099,978,0.041,0.0358,0.2
FB4D,,8027,57,0.0,0.0,0.2
PFR,FB4R,459,314,0.0679,0.0778,-0.2
FB4K,,5659,8,0.0,0.0,0.19
vDeltaK,,5271,0,0.0,0.0,0.19
ER4m,EL,4052,3669,0.0542,0.0473,0.19
LNO1,,5324,2,0.0,0.0,0.19
MBON21,FB4R,756,516,0.1119,0.1278,-0.19
ExR5,TuBu01,465,139,0.0706,0.0618,0.19
TuBu03,ER3d,2190,1689,0.0295,0.0337,-0.19
ER6,ExR8,318,409,0.0557,0.0637,-0.19
FB2H,hDeltaC,906,705,0.0205,0.0234,-0.19
FB2D,FC1F,2248,2296,0.2336,0.2046,0.19
FB1J,vDeltaB,349,433,0.0353,0.0309,0.19
FB7I,,7825,56,0.0,0.0,0.19
FC1D,FC1E,531,480,0.0561,0.0491,0.19
FB7I,FS2,1056,1086,0.0366,0.0418,-0.19
FB2K,,5145,0,0.0,0.0,0.19
TuBu03,ExR1,530,327,0.0097,0.0085,0.19
FB6V,FR1,372,473,0.0129,0.0148,-0.19
FB6E,,5600,10,0.0,0.0,0.19
FB2F,FR1,1725,1683,0.06,0.0526,0.19
PFNm,FS3,596,773,0.0241,0.0275,-0.19
FR1,,8833,362,0.0,0.0001,-0.19
hDeltaC,vDeltaD,1262,1037,0.0874,0.0767,0.19
FB4F,PFL2,1444,1322,0.0452,0.0396,0.19
hDeltaB,hDeltaH,1010,783,0.0346,0.0304,0.19
ExR4,EL,355,421,0.0047,0.0054,-0.19
ExR6,ExR2,628,547,0.0568,0.0646,-0.19
ExR1,ER4d,546,531,0.0096,0.0109,-0.19
vDeltaA,FB8G,473,439,0.0798,0.0702,0.19
PFNm,vDeltaC,1438,1415,0.0995,0.0874,0.19
FS2,SMP457,509,366,0.0842,0.0957,-0.19
PEN_a,EPG,14398,13486,0.0701,0.0797,-0.19
vDeltaA,SAF,464,482,0.1828,0.2078,-0.18
ER3d,ER3m,722,477,0.032,0.0281,0.18
hDeltaA,FB4Z,4667,4962,0.3378,0.2973,0.18
FB4O,FC2A,633,630,0.0197,0.0173,0.18
FB7A,FB1I,508,436,0.1504,0.1324,0.18
FB2H,FB2F,542,538,0.0376,0.0427,-0.18
FB2F,vDeltaG,1001,685,0.0747,0.0659,0.18
FB7A,,8371,74,0.0,0.0,0.18
hDeltaJ,hDeltaJ,440,356,0.0116,0.0132,-0.18
FB4P,FB4Q,611,739,0.0707,0.0801,-0.18
FB8H,FB8C,521,604,0.1079,0.1223,-0.18
FB7I,hDeltaE,919,572,0.0302,0.0267,0.18
SA2,,4943,2,0.0,0.0,0.18
FS1A,CRE093,323,448,0.062,0.0703,-0.18
FB5A,FC1C,408,458,0.0282,0.0249,0.18
vDeltaM,vDeltaI,831,591,0.0359,0.0407,-0.18
FB6C,FB6C,912,662,0.0852,0.0965,-0.18
ER3m,ER3d,693,412,0.0093,0.0082,0.18
vDeltaG,,4790,0,0.0,0.0,0.18
hDeltaA,FS1A,433,673,0.017,0.0192,-0.18
PFL1,LAL048,3015,1213,0.4234,0.3745,0.18
vDeltaC,FB6B,249,479,0.0868,0.0982,-0.18
hDeltaM,FS1A,866,1051,0.034,0.03,0.18
FB6A,hDeltaF,9478,5285,0.2639,0.2335,0.18
SA3,,5294,12,0.0,0.0,0.18
ER3a,ER5,419,258,0.0163,0.0144,0.18
FB6D,PFGs,512,518,0.0156,0.0138,0.18
PFNa,FB2I,647,623,0.0493,0.0436,0.18
vDeltaA,vDeltaA,3952,4915,0.1849,0.2088,-0.18
FB4F,vDeltaL,608,501,0.0493,0.0436,0.17
LAL145,LCNOpm,430,194,0.0245,0.0217,0.17
hDeltaD,vDeltaC,429,542,0.0297,0.0335,-0.17
hDeltaB,FB4D,1742,1759,0.2322,0.206,0.17
FB4X,hDeltaM,712,493,0.0281,0.0249,0.17
FB6A,FB6J,175,413,0.0352,0.0398,-0.17
PFNa,PFL1,411,414,0.0257,0.0228,0.17
hDeltaL,FB6K,372,426,0.0683,0.077,-0.17
FB4K,vDeltaL,470,388,0.0381,0.0338,0.17
PFNp,hDeltaI,773,557,0.0209,0.0185,0.17
vDeltaI,vDeltaI,2907,1620,0.1257,0.1116,0.17
FC3,vDeltaE,952,1412,0.0653,0.0735,-0.17
vDeltaF,,4589,0,0.0,0.0,0.17
hDeltaI,FB4P,1063,1244,0.0636,0.0565,0.17
FB5O,hDeltaH,480,478,0.0164,0.0185,-0.17
EPG,ExR7,1389,2338,0.2023,0.2276,-0.17
vDeltaG,FB4Y,635,645,0.027,0.0304,-0.17
ER6,,4742,4,0.0,0.0,0.17
hDeltaF,PFGs,726,738,0.0221,0.0196,0.17
FC1E,FB2D,1789,1460,0.0956,0.085,0.17
FB4E,FB4F,493,485,0.0324,0.0288,0.17
hDeltaB,FR1,3168,3962,0.1102,0.1239,-0.17
FB4A,,4706,4,0.0,0.0,0.17
FB5A,hDeltaL,469,424,0.0128,0.0144,-0.17
FB5D,,6840,50,0.0,0.0,0.17
FB7G,,5524,22,0.0,0.0,0.17
FB5K,vDeltaH,976,1501,0.1525,0.1358,0.17
PEN_b,ExR7,677,1137,0.0986,0.1107,-0.17
hDeltaL,FB7D,1402,1121,0.1911,0.1703,0.17
FB8F,,9030,348,0.0,0.0001,-0.17
hDeltaI,PFL3,3468,3214,0.057,0.0508,0.16
FB4Y,,5440,22,0.0,0.0,0.16
FB6F,,4828,9,0.0,0.0,0.16
hDeltaF,FB7I,535,442,0.0696,0.0622,0.16
FB4N,PFL3,357,417,0.0059,0.0066,-0.16
FB2F,FS1A,516,632,0.0202,0.0181,0.16
FB2I,FS4C,641,627,0.0964,0.108,-0.16
vDeltaA,FB1J,534,493,0.1834,0.2052,-0.16
FB7G,hDeltaL,793,569,0.0216,0.0193,0.16
vDeltaC,PFGs,372,477,0.0113,0.0127,-0.16
FB8G,FS2,544,548,0.0188,0.0211,-0.16
ER3d,ExR1,7998,6307,0.146,0.1631,-0.16
EPG,ExR6,10169,6870,0.4883,0.5454,-0.16
FC3,hDeltaH,1858,1470,0.0636,0.057,0.16
FB4Z,hDeltaA,2977,2623,0.0591,0.066,-0.16
hDeltaB,hDeltaJ,4232,3365,0.1114,0.1243,-0.16
SA1,,4246,1,0.0,0.0,0.16
hDeltaE,FS3,1694,1727,0.0685,0.0614,0.16
FB2F,hDeltaC,2930,1789,0.0663,0.0594,0.16
FB2B,FC1C,2335,3311,0.1614,0.1799,-0.16
hDeltaG,vDeltaE,653,771,0.0448,0.0402,0.16
FB6O,vDeltaD,1113,935,0.0771,0.0691,0.16
FB7L,hDeltaE,1366,865,0.045,0.0403,0.16
vDeltaM,,4437,6,0.0,0.0,0.16
FB7E,,6920,60,0.0,0.0,0.15
FB5X,FS1A,739,1130,0.029,0.0323,-0.15
FB5F,,5177,23,0.0,0.0,0.15
FC2B,FC2B,253,413,0.006,0.0067,-0.15
TuBu08,ER4d,1305,1000,0.0229,0.0206,0.15
FB5I,hDeltaJ,532,422,0.014,0.0156,-0.15
FC1D,FB2K,502,411,0.0666,0.074,-0.15
hDeltaG,FS1A,569,869,0.0223,0.0248,-0.15
FB5AA,hDeltaG,937,685,0.0323,0.0291,0.15
PEG,ExR6,772,420,0.0371,0.0333,0.15
vDeltaE,,4034,0,0.0,0.0,0.15
vDeltaD,hDeltaL,2858,2551,0.0777,0.0864,-0.15
ER6,EL,905,843,0.0121,0.0109,0.15
FC3,FB5R,245,719,0.0794,0.0881,-0.15
hDeltaB,FS2,1413,1413,0.0489,0.0543,-0.15
hDeltaH,FB5R,676,1983,0.219,0.243,-0.15
hDeltaM,FS1B,399,629,0.0355,0.0394,-0.15
ER3p,EPG,10492,9585,0.0511,0.0566,-0.15
PFL3,LAL141,1197,694,0.1235,0.1369,-0.15
FB6A,PFGs,2774,3518,0.0843,0.0934,-0.15
FB1G,FS3,711,896,0.0287,0.0319,-0.15
hDeltaJ,FC2A,3062,3841,0.0952,0.1055,-0.15
FB2C,,4211,7,0.0,0.0,0.15
hDeltaE,FB7B,736,653,0.1424,0.1575,-0.15
FC3,FB5S,441,378,0.0516,0.0466,0.14
FB6D,hDeltaK,549,506,0.0205,0.0185,0.14
FB4P,FB4Z,401,536,0.029,0.0321,-0.14
FC3,vDeltaG,1882,1321,0.1404,0.127,0.14
hDeltaL,vDeltaD,844,715,0.0584,0.0529,0.14
PFL2,DNa03,1571,808,0.0451,0.0498,-0.14
FB6G,vDeltaC,474,480,0.0328,0.0297,0.14
vDeltaB,FB1I,668,590,0.1978,0.1791,0.14
PFNm,vDeltaB,1110,1737,0.1123,0.124,-0.14
FB2M,PFL3,1010,950,0.0166,0.015,0.14
ExR4,EPG,1660,1512,0.0081,0.0089,-0.14
hDeltaC,vDeltaC,701,711,0.0485,0.0439,0.14
hDeltaC,FB5I,1686,1657,0.2249,0.2039,0.14
ER3m,,4076,7,0.0,0.0,0.14
EPG,PEN_a,6100,5128,0.1409,0.1554,-0.14
FB4G,vDeltaM,1977,1492,0.1442,0.1308,0.14
hDeltaJ,FB4A,2044,2000,0.3021,0.274,0.14
FB2H,FC1A,460,386,0.0422,0.0383,0.14
vDeltaD,,3756,1,0.0,0.0,0.14
FC2A,FB2M,410,346,0.06,0.0661,-0.14
FB5AB,hDeltaC,1751,1082,0.0396,0.036,0.14
FB8E,vDeltaA,816,990,0.0382,0.0421,-0.14
FB4F,FB4F,641,644,0.0421,0.0382,0.14
FB4M,,5655,43,0.0,0.0,0.14
LCNOpm,,3756,2,0.0,0.0,0.14
vDeltaC,,3749,2,0.0,0.0,0.14
FB7A,FC2C,517,493,0.0109,0.012,-0.14
vDeltaG,hDeltaH,1789,1437,0.0613,0.0557,0.14
FS2,FB7J,284,409,0.0478,0.0526,-0.14
FB5AA,,4764,25,0.0,0.0,0.14
FB5K,,2464,151,0.0,0.0,-0.14
FB4E,hDeltaI,3560,2632,0.0963,0.0876,0.14
FB1G,FC2C,891,848,0.0187,0.0206,-0.14
hDeltaL,FB7J,800,1151,0.1347,0.148,-0.14
PFNp,vDeltaB,442,570,0.0447,0.0407,0.14
,FB7I,400,337,0.0521,0.0474,0.14
EL,,4493,20,0.0,0.0,0.13
FB5V,hDeltaI,885,790,0.0239,0.0263,-0.13
FB6W,FC2B,787,1048,0.0186,0.0169,0.13
FB5S,hDeltaH,634,510,0.0217,0.0198,0.13
PFR,CRE048,534,381,0.0643,0.0706,-0.13
PEN_b,ExR8,1305,1612,0.2287,0.2509,-0.13
FB5Z,,4274,16,0.0,0.0,0.13
PFR,LAL002,2791,1044,0.4929,0.4494,0.13
ER3a,ER3m,6815,4670,0.3018,0.2752,0.13
PFL3,DNa03,468,239,0.0134,0.0147,-0.13
PFNp,vDeltaE,842,1215,0.0577,0.0633,-0.13
FC1B,FB2B,1917,1817,0.12,0.1315,-0.13
ExR1,ER3m,743,612,0.0329,0.0361,-0.13
vDeltaG,FC2A,631,652,0.0196,0.0179,0.13
FC1B,FB2I,429,426,0.0327,0.0298,0.13
FB6I,FC2C,412,325,0.0087,0.0079,0.13
PFNa,FC1F,2604,2774,0.2705,0.2472,0.13
FS2,FS3,358,446,0.0145,0.0159,-0.13
FB6C,FB6H,531,448,0.0738,0.0674,0.13
FB5Q,PFL3,1300,1480,0.0214,0.0234,-0.13
PFL2,LAL127,573,337,0.0551,0.0603,-0.13
FB5Z,hDeltaG,996,740,0.0344,0.0314,0.13
FR1,MBON30,809,695,0.0414,0.0379,0.13
PEN_a,ExR6,1246,689,0.0598,0.0547,0.13
hDeltaA,PFL2,1447,1380,0.0453,0.0414,0.13
IbSpsP,PFNa,3101,3120,0.0798,0.0872,-0.13
PFNp,vDeltaI,3097,1778,0.1339,0.1225,0.13
ExR5,PFR,667,621,0.0098,0.0089,0.13
hDeltaA,PFR,3229,3601,0.0472,0.0517,-0.13
FB6G,hDeltaL,857,753,0.0233,0.0255,-0.13
FB5I,vDeltaF,1065,605,0.072,0.0658,0.13
PFNd,PFR,3513,3280,0.0514,0.047,0.13
ER3a,,3530,4,0.0,0.0,0.13
SLP414,FS4A,439,397,0.0312,0.0285,0.13
vDeltaB,,3735,9,0.0,0.0,0.13
FB1G,FC1F,797,852,0.0828,0.0759,0.13
FB1B,,4287,22,0.0,0.0,0.12
P6-8P9,,3372,2,0.0,0.0,0.12
FB8G,,6689,75,0.0,0.0,0.12
FB1A,vDeltaC,441,538,0.0305,0.0332,-0.12
PEG,ExR4,6377,4171,0.3107,0.3383,-0.12
FB6E,FB6E,325,406,0.0832,0.0907,-0.12
FB7I,FS3,533,660,0.0215,0.0235,-0.12
FB5A,FC2C,4190,3332,0.0882,0.081,0.12
FB6A,FC3,695,545,0.0228,0.0249,-0.12
PFNp,FS3,387,479,0.0156,0.017,-0.12
PFNd,hDeltaB,20165,16057,0.4297,0.3952,0.12
FB6M,ExR3,814,842,0.0542,0.0499,0.12
PFL3,AOTU042,2287,935,0.0543,0.0591,-0.12
FC2A,FS1B,297,459,0.0264,0.0287,-0.12
FB6V,FC2B,367,584,0.0087,0.0094,-0.12
hDeltaJ,FB4X,2571,2221,0.2911,0.2682,0.12
FB6A,FS3,1353,1417,0.0547,0.0504,0.12
FB2F,hDeltaG,1219,913,0.042,0.0387,0.12
FS4A,SMP505,945,757,0.103,0.1117,-0.12
PFNa,FC3,2633,1748,0.0865,0.0797,0.12
PFNp,PFNp,26544,22032,0.3833,0.3534,0.12
FB3C,FS2,947,786,0.0328,0.0302,0.12
FB4Z,,3121,1,0.0,0.0,0.12
FB5A,PFL2,757,728,0.0237,0.0218,0.12
vDeltaL,FB4H,621,641,0.1028,0.0948,0.12
FB6V,,4602,34,0.0,0.0,0.12
PFL3,LAL121,2671,1882,0.3679,0.3395,0.12
FB2B,FC1A,1225,1046,0.1124,0.1037,0.12
AOTU046,ER2,662,494,0.0096,0.0088,0.12
ER1,PEN_a,3500,2463,0.0808,0.0746,0.11
vDeltaA,FS4B,392,600,0.0765,0.0707,0.11
FB6E,vDeltaC,919,1113,0.0636,0.0688,-0.11
ExR1,ER5,5624,4235,0.2187,0.2365,-0.11
hDeltaB,hDeltaI,3575,3141,0.0967,0.1046,-0.11
FB2B,FC1E,1140,1272,0.1205,0.1302,-0.11
FB2H,FC1D,608,476,0.053,0.049,0.11
hDeltaF,hDeltaF,468,319,0.013,0.0141,-0.11
PFNa,FB2D,1306,1295,0.0698,0.0754,-0.11
FS1A,FS1A,1244,1581,0.0488,0.0452,0.11
PFL1,AOTU037,507,133,0.1142,0.1058,0.11
FB1C,,4409,34,0.0,0.0,0.11
FB8G,hDeltaE,3349,2191,0.1102,0.1022,0.11
FB5E,hDeltaH,539,514,0.0185,0.0199,-0.11
IbSpsP,PFNp,5521,5362,0.0797,0.086,-0.11
FB5AB,FB4Y,660,552,0.028,0.026,0.11
ER4m,ER4m,14580,7789,0.5206,0.4829,0.11
PEN_b,EL,3365,3760,0.045,0.0485,-0.11
FB7K,,3171,8,0.0,0.0,0.11
FB5B,,3069,6,0.0,0.0,0.11
LNO2,,2887,2,0.0,0.0,0.11
FB4X,hDeltaH,751,616,0.0257,0.0239,0.11
PFNa,FC1B,4151,4198,0.2914,0.3136,-0.11
FB5E,FC2A,427,521,0.0133,0.0143,-0.11
hDeltaE,FB7D,600,500,0.0818,0.076,0.11
hDeltaG,FC2C,1460,1174,0.0307,0.0285,0.11
FB5P,,3233,11,0.0,0.0,0.1
hDeltaD,FB8C,1382,1315,0.2862,0.2662,0.1
FB6X,,3138,9,0.0,0.0,0.1
LNOa,,2856,3,0.0,0.0,0.1
FB8F,hDeltaD,954,888,0.0449,0.0482,-0.1
vDeltaK,PFL2,679,659,0.0212,0.0198,0.1
LNO2,LNO1,1564,979,0.1427,0.1534,-0.1
FB3A,,2677,0,0.0,0.0,0.1
FB6G,,4468,40,0.0,0.0,0.1
FB2D,hDeltaJ,746,495,0.0196,0.0183,0.1
FB6D,,6925,95,0.0,0.0,0.1
FB6E,vDeltaD,1169,1174,0.081,0.0868,-0.1
ER3m,ER3m,10798,8698,0.4782,0.5126,-0.1
FB2H,FC1C,456,622,0.0315,0.0338,-0.1
ER3w,ER3w,22099,10639,0.5962,0.5564,0.1
FC1B,FB2F,573,467,0.0397,0.037,0.1
FC2B,FB5A,2810,2364,0.1156,0.1239,-0.1
hDeltaF,FS3,1399,1704,0.0566,0.0606,-0.1
FB5AB,FC3,1069,825,0.0351,0.0376,-0.1
FB5A,hDeltaH,906,747,0.031,0.029,0.1
FB5E,,3604,23,0.0,0.0,0.1
FB2A,,2753,4,0.0,0.0,0.1
FB1F,,2607,1,0.0,0.0,0.1
ExR5,FB4Y,954,804,0.0405,0.0378,0.1
SAF,,2647,2,0.0,0.0,0.1
FB4B,hDeltaB,5373,4978,0.1145,0.1225,-0.1
FB7J,hDeltaE,1237,816,0.0407,0.038,0.1
FB5O,,3342,18,0.0,0.0,0.1
FB8I,,4637,47,0.0,0.0,0.1
FB2E,FB2I,1175,1195,0.0895,0.0837,0.1
FB5A,FC3,1268,977,0.0417,0.0446,-0.1
FB5V,FB5R,242,684,0.0784,0.0838,-0.1
FB6W,,3325,18,0.0,0.0,0.1
hDeltaD,FB7G,483,357,0.0993,0.1062,-0.1
FB7I,FC2B,364,570,0.0086,0.0092,-0.1
PFL3,LAL126,1321,558,0.0925,0.0989,-0.1
vDeltaE,hDeltaL,829,623,0.0225,0.0211,0.1
FB4C,,5445,66,0.0,0.0,0.1
hDeltaL,FS3,1386,1684,0.056,0.0599,-0.1
hDeltaI,FB5D,639,446,0.0916,0.0858,0.09
FB5A,hDeltaC,692,441,0.0157,0.0147,0.09
vDeltaA,FB8H,576,576,0.1285,0.1371,-0.09
FB6G,hDeltaC,597,434,0.0135,0.0144,-0.09
FB4Q,hDeltaJ,1040,791,0.0274,0.0292,-0.09
hDeltaJ,FB5I,1370,1392,0.1828,0.1713,0.09
FB6C,FS3,496,602,0.0201,0.0214,-0.09
FB4Q,FB4Q,477,477,0.0552,0.0517,0.09
ER3d,ER3d,49985,31616,0.6729,0.6308,0.09
FB6R,,2479,1,0.0,0.0,0.09
FB2F,hDeltaL,547,469,0.0149,0.0159,-0.09
ER5,ER5,15478,10111,0.602,0.5647,0.09
FB5M,,2676,6,0.0,0.0,0.09
PFNp,FC2B,1568,2151,0.037,0.0347,0.09
FB5A,FC2A,1954,2076,0.0608,0.057,0.09
FB4D,hDeltaJ,3464,2316,0.0912,0.0856,0.09
ER3a,ExR1,4650,3080,0.0849,0.0796,0.09
FB9C,,2482,2,0.0,0.0,0.09
vDeltaL,,2556,4,0.0,0.0,0.09
FB4Q,FB4A,545,552,0.0805,0.0756,0.09
EPGt,,2361,0,0.0,0.0,0.09
FC3,FS2,1317,1263,0.0456,0.0486,-0.09
vDeltaM,FB4H,517,616,0.0856,0.0911,-0.09
FB4D,hDeltaC,773,494,0.0175,0.0164,0.09
hDeltaL,FS1A,553,713,0.0217,0.0204,0.09
FB4H,,5534,72,0.0,0.0,0.09
FB4P,PFL3,2081,2302,0.0342,0.0364,-0.09
FB4N,FC2A,579,698,0.018,0.0192,-0.09
FB4J,,2849,12,0.0,0.0,0.09
FB4J,hDeltaI,758,579,0.0205,0.0193,0.09
hDeltaH,PFL2,427,474,0.0134,0.0142,-0.09
FB1H,PFNv,434,394,0.021,0.0197,0.09
FB7C,hDeltaE,869,577,0.0286,0.0269,0.09
PFL2,LAL120,537,243,0.0137,0.0146,-0.09
hDeltaF,FB6U,546,566,0.0762,0.0809,-0.09
FB6B,,3284,23,0.0,0.0,0.09
ER3d,EPG,11495,8913,0.0559,0.0527,0.09
ER4m,ER4d,429,389,0.0075,0.008,-0.09
SAF,vDeltaA,1217,1263,0.0569,0.0537,0.09
hDeltaE,hDeltaE,498,331,0.0164,0.0154,0.09
FB1G,FC3,1968,1336,0.0646,0.0609,0.09
vDeltaF,hDeltaH,1464,1219,0.0501,0.0473,0.09
FB6V,FS2,502,426,0.0174,0.0164,0.08
ER3m,EPG,4085,3569,0.0199,0.0211,-0.08
FB7E,FB7J,723,893,0.1217,0.1148,0.08
PFR,FB4F,464,544,0.0305,0.0323,-0.08
FB7L,FC2C,1164,951,0.0245,0.0231,0.08
ER2,ER2,40704,31160,0.588,0.5559,0.08
FB5AA,FC2B,481,665,0.0114,0.0107,0.08
vDeltaH,,2067,0,0.0,0.0,0.08
GLNO,,2374,7,0.0,0.0,0.08
EPG,FB4Y,1094,934,0.0465,0.044,0.08
PEN_b,EPG,9671,8417,0.0471,0.0497,-0.08
LCNOpm,PFNp,10715,9133,0.1547,0.1465,0.08
FB2G,FC2A,763,913,0.0237,0.0251,-0.08
FB5G,hDeltaM,1986,1469,0.0785,0.0743,0.08
ER3a,ER3a,15915,10585,0.5377,0.5678,-0.08
ER2,ExR5,1080,930,0.0873,0.0827,0.08
OA-VPM3,hDeltaB,646,591,0.0138,0.0145,-0.08
FC1B,FC3,1375,939,0.0452,0.0428,0.08
FB5A,hDeltaG,759,651,0.0262,0.0276,-0.08
FB4F,FB4E,715,696,0.0777,0.0737,0.08
SMP048,IbSpsP,678,568,0.0401,0.0381,0.08
FB2I,FB2I,5044,5206,0.3841,0.3645,0.08
FB5G,FS1A,810,1172,0.0318,0.0335,-0.08
FB9C,hDeltaD,814,743,0.0383,0.0404,-0.08
ER5,EL,10073,10997,0.1347,0.1419,-0.08
ExR5,ExR2,793,576,0.0717,0.068,0.07
FB8B,,2384,10,0.0,0.0,0.07
FB5Q,FS1A,729,1054,0.0286,0.0301,-0.07
EPG,PFGs,703,764,0.0214,0.0203,0.07
FB7G,FS2,715,612,0.0248,0.0235,0.07
FB5I,PFR,1504,1458,0.022,0.0209,0.07
hDeltaF,vDeltaC,678,798,0.0469,0.0493,-0.07
FB4N,FC2B,661,1017,0.0156,0.0164,-0.07
PEN_b,ExR4,456,288,0.0222,0.0234,-0.07
FC1B,FC1E,508,551,0.0537,0.0564,-0.07
vDeltaG,PFR,382,410,0.0056,0.0059,-0.07
FB6I,,5526,84,0.0,0.0,0.07
FB4P,hDeltaA,5130,4252,0.1019,0.107,-0.07
FB5S,,1812,0,0.0,0.0,0.07
PFNp,FC2A,2716,3229,0.0845,0.0887,-0.07
FB5X,FB5W,1059,1296,0.1997,0.1902,0.07
hDeltaH,PFL3,1448,1434,0.0238,0.0227,0.07
vDeltaM,FB5V,396,459,0.0213,0.0224,-0.07
FB6C,hDeltaF,4540,2728,0.1264,0.1205,0.07
FB5F,FS1A,345,497,0.0135,0.0142,-0.07
ER3p,ER3w,996,539,0.0269,0.0282,-0.07
FB5Y,FB6K,514,498,0.0943,0.09,0.07
FB5L,vDeltaI,573,343,0.0248,0.0236,0.07
FR1,FB4C,627,608,0.0528,0.0554,-0.07
PEN_a,EL,4799,5212,0.0642,0.0673,-0.07
FB2B,FC1D,1006,892,0.0877,0.0918,-0.07
FB8I,hDeltaF,404,243,0.0113,0.0107,0.07
FB8A,,2058,8,0.0,0.0,0.07
FB4I,vDeltaK,432,421,0.0261,0.0249,0.07
PFNa,hDeltaJ,1368,931,0.036,0.0344,0.07
FB6T,,2981,115,0.0,0.0,-0.07
EPG,ER6,4580,1745,0.3659,0.3498,0.07
FC1A,FC1E,666,657,0.0704,0.0673,0.07
FB4P,FR1,791,841,0.0275,0.0263,0.06
FB2B,FB2F,709,648,0.0491,0.0514,-0.06
FB2F,FR2,284,522,0.053,0.0554,-0.06
ER3p,EL,1558,1689,0.0208,0.0218,-0.06
FB6K,,1749,2,0.0,0.0,0.06
EPG,IbSpsP,771,712,0.0457,0.0477,-0.06
FB6Z,,3095,33,0.0,0.0,0.06
LPsP,EPG,3870,3333,0.0188,0.0197,-0.06
FB4P,FB4P,892,1229,0.0534,0.0558,-0.06
FB2F,vDeltaF,823,534,0.0556,0.0581,-0.06
FB7J,,1637,0,0.0,0.0,0.06
FB5I,hDeltaC,2654,1887,0.06,0.0627,-0.06
ExR4,ExR7,1058,1653,0.1541,0.1609,-0.06
FB6K,hDeltaG,1570,1333,0.0542,0.0566,-0.06
FB1G,FS4A,629,595,0.0446,0.0427,0.06
hDeltaA,PFL3,3881,3864,0.0638,0.0611,0.06
FB2G,hDeltaM,1010,756,0.0399,0.0383,0.06
FB5H,,2710,105,0.0,0.0,-0.06
FB1E,FC2C,1208,1002,0.0254,0.0244,0.06
FB4Z,FB4P,478,604,0.0286,0.0274,0.06
FC2B,oviIN,631,435,0.0116,0.0121,-0.06
FB5J,,1639,2,0.0,0.0,0.06
PFNa,FC1A,2914,2810,0.2674,0.2786,-0.06
hDeltaL,vDeltaC,474,553,0.0328,0.0342,-0.06
FB6O,,1662,3,0.0,0.0,0.06
FB7D,,1566,1,0.0,0.0,0.06
FB7F,,2159,90,0.0,0.0,-0.06
vDeltaL,hDeltaA,2406,1823,0.0478,0.0459,0.06
LCNOpm,PFNm,4116,4019,0.1727,0.1799,-0.06
FB8C,hDeltaD,1540,1389,0.0724,0.0754,-0.06
FC3,PFR,4462,4370,0.0653,0.0627,0.06
PFNp,LCNOp,1745,1539,0.2638,0.2533,0.06
FB4G,vDeltaL,1221,1183,0.0989,0.103,-0.06
vDeltaJ,,1495,0,0.0,0.0,0.06
FB7E,hDeltaE,565,383,0.0186,0.0179,0.06
FC1D,FB2B,1294,1076,0.081,0.0779,0.06
FB1J,,1493,1,0.0,0.0,0.06
FB4H,vDeltaL,1116,999,0.0904,0.087,0.06
FB6D,hDeltaF,2047,1241,0.057,0.0548,0.06
PFNp,vDeltaD,736,663,0.051,0.049,0.06
EPG,Delta7,19896,17286,0.3848,0.3702,0.06
FB6P,FB5AB,523,374,0.0427,0.041,0.06
FB6A,hDeltaL,1218,942,0.0331,0.0319,0.05
PFGs,,1673,6,0.0,0.0,0.05
FB1I,,1628,5,0.0,0.0,0.05
FB3E,FC3,662,459,0.0217,0.0209,0.05
FB7B,,2074,85,0.0,0.0,-0.05
hDeltaE,FS4C,409,371,0.0615,0.0639,-0.05
FB2B,FC1F,980,1186,0.1018,0.1057,-0.05
hDeltaA,hDeltaI,1388,1170,0.0376,0.039,-0.05
FC1A,FC1C,887,1088,0.0613,0.0591,0.05
hDeltaG,FB5S,1796,1642,0.21,0.2025,0.05
FB6S,,4314,139,0.0,0.0,-0.05
FB4L,,1766,10,0.0,0.0,0.05
FB7A,FB7H,362,426,0.1177,0.122,-0.05
FB2K,FB2M,479,380,0.0701,0.0726,-0.05
FB5V,hDeltaA,2705,2062,0.0537,0.0519,0.05
FB4D,hDeltaB,512,428,0.0109,0.0105,0.05
FS2,FS2,753,655,0.0261,0.0252,0.05
FC2A,FC2A,491,537,0.0153,0.0147,0.05
FB4Q,PFL2,460,497,0.0144,0.0149,-0.05
hDeltaK,,1305,1,0.0,0.0,0.05
FB5V,FB4Z,4375,5111,0.3167,0.3062,0.05
FB6P,,1338,2,0.0,0.0,0.05
FB6Q,,1882,15,0.0,0.0,0.05
LCNOp,,1578,8,0.0,0.0,0.05
vDeltaK,hDeltaA,3168,2585,0.0629,0.065,-0.05
FB8C,,1934,77,0.0,0.0,-0.05
hDeltaI,FS1A,408,579,0.016,0.0166,-0.05
ER2,EL,7036,7535,0.0941,0.0972,-0.05
FB5T,,1426,5,0.0,0.0,0.05
FB5U,,1209,0,0.0,0.0,0.05
FB4I,,1940,17,0.0,0.0,0.05
FB6J,,1190,0,0.0,0.0,0.05
FB6A,hDeltaK,2916,3071,0.1088,0.1124,-0.05
FB6N,vDeltaE,1173,1594,0.0804,0.083,-0.05
FB4P,hDeltaH,403,345,0.0138,0.0134,0.04
FB6Y,,1225,2,0.0,0.0,0.04
FB6A,ExR3,543,630,0.0362,0.0373,-0.04
ExR6,EPG,6236,5296,0.0303,0.0313,-0.04
FC1C,FB2D,1566,1394,0.0837,0.0812,0.04
Delta7,PFGs,1443,1702,0.0439,0.0452,-0.04
FB9A,,1451,8,0.0,0.0,0.04
PFNv,FB4M,1170,797,0.0584,0.0602,-0.04
FB5K,vDeltaG,1547,1236,0.1154,0.1189,-0.04
FB5A,FS3,820,960,0.0332,0.0341,-0.04
ExR1,EL,4754,4786,0.0636,0.0618,0.04
FB5Q,PFL2,472,507,0.0148,0.0152,-0.04
EPG,EL,9155,9762,0.1224,0.126,-0.04
FB1B,vDeltaA,405,459,0.019,0.0195,-0.04
FB8E,,3149,49,0.0,0.0,0.04
FB7C,,2717,39,0.0,0.0,0.04
FB4F,vDeltaK,1028,1079,0.0621,0.0639,-0.04
PFNm,PFNm,6598,6015,0.2768,0.2692,0.04
hDeltaL,FB6J,1061,2159,0.2137,0.2078,0.04
vDeltaK,FB4H,859,935,0.1422,0.1383,0.04
FB7B,vDeltaB,429,625,0.0434,0.0446,-0.04
PFNd,FB4N,1059,965,0.0863,0.0839,0.04
FB2H,FC1E,486,488,0.0514,0.05,0.04
FB6N,,1437,10,0.0,0.0,0.04
hDeltaB,vDeltaM,4009,3428,0.2924,0.3004,-0.04
FB6U,hDeltaL,1880,1552,0.0511,0.0525,-0.04
Delta7,Delta7,26539,24615,0.5133,0.5272,-0.04
FB5Q,FB5A,1317,1007,0.0542,0.0528,0.04
FB5L,vDeltaG,984,784,0.0734,0.0754,-0.04
FC1C,FB3C,638,396,0.07,0.0681,0.04
hDeltaL,FS2,1885,1743,0.0653,0.067,-0.04
FB5Q,hDeltaM,1256,1007,0.0497,0.051,-0.04
FB7H,,1164,5,0.0,0.0,0.04
LAL129,FB5V,563,606,0.0303,0.0295,0.04
FB5C,,6125,121,0.0,0.0,0.04
hDeltaB,FB4G,1172,1360,0.1954,0.1906,0.04
PFL3,LAL040,1221,907,0.0723,0.0705,0.04
hDeltaB,PFR,12504,13072,0.1829,0.1875,-0.04
hDeltaM,PFL3,2428,2463,0.0399,0.039,0.04
PFNm,vDeltaD,697,637,0.0483,0.0471,0.03
hDeltaF,FC2C,2223,1971,0.0468,0.0479,-0.03
,FB1G,470,384,0.0655,0.0671,-0.03
,ExR6,640,378,0.0307,0.03,0.03
FB6M,,6870,189,0.0,0.0,-0.03
SpsP,PFNd,2384,2261,0.0489,0.0501,-0.03
FB4Q,PFL3,1047,1063,0.0172,0.0168,0.03
FB3D,,857,0,0.0,0.0,0.03
FB6H,,1942,68,0.0,0.0,-0.03
FB4N,hDeltaI,1640,1364,0.0444,0.0454,-0.03
FB1E,hDeltaF,656,404,0.0183,0.0179,0.03
ER2,EPG,28584,24084,0.1391,0.1423,-0.03
FB5G,FB5A,1881,1444,0.0774,0.0757,0.03
FB2D,FC1A,2789,2638,0.2559,0.2616,-0.03
EPG,PEN_b,6230,5157,0.1446,0.1415,0.03
FB5R,,778,0,0.0,0.0,0.03
FB2B,FB2I,461,491,0.0351,0.0344,0.03
FC2A,PFL3,2512,2666,0.0413,0.0422,-0.03
FB7I,FC2C,695,614,0.0146,0.0149,-0.03
hDeltaJ,PFR,655,682,0.0096,0.0098,-0.03
FS3,FS3,655,760,0.0265,0.027,-0.03
ER4d,ER4d,39443,32961,0.692,0.6782,0.03
,FB6A,1223,1239,0.0493,0.0484,0.03
FB1I,vDeltaB,728,1052,0.0736,0.0751,-0.03
FB8C,hDeltaE,702,486,0.0231,0.0227,0.03
FB1A,FC2C,516,438,0.0109,0.0107,0.03
FB2B,FC3,831,610,0.0273,0.0278,-0.03
FB6U,FS2,1031,946,0.0357,0.0364,-0.03
FB4X,FC2B,1310,1881,0.0309,0.0304,0.03
ER3a,EL,2635,2781,0.0352,0.0359,-0.03
FB5W,FC2B,839,1205,0.0198,0.0194,0.03
FB2D,FC1B,3516,3363,0.2468,0.2513,-0.03
FC2A,FS1A,930,1254,0.0365,0.0358,0.03
FB4E,PFR,1566,1626,0.0229,0.0233,-0.03
FB7E,hDeltaF,1081,693,0.0301,0.0306,-0.02
FB4H,vDeltaK,2935,2945,0.1774,0.1745,0.02
FB5X,hDeltaA,1647,1322,0.0327,0.0333,-0.02
FB6A,FS2,893,791,0.0309,0.0304,0.02
FB3E,,2509,75,0.0,0.0,-0.02
ER4d,EPG,12335,10010,0.06,0.0591,0.02
ExR6,PEN_a,5089,3822,0.1175,0.1158,0.02
FB5AA,FR1,497,561,0.0173,0.0175,-0.02
FB7G,FS3,430,496,0.0174,0.0176,-0.02
ER3m,ER3a,3908,2495,0.132,0.1338,-0.02
hDeltaD,FS3,691,796,0.0279,0.0283,-0.02
Delta7,P6-8P9,710,1016,0.469,0.475,-0.02
PFNd,hDeltaJ,1005,707,0.0265,0.0261,0.02
hDeltaB,hDeltaG,736,606,0.0254,0.0257,-0.02
vDeltaK,PFL3,536,564,0.0088,0.0089,-0.02
LPsP,PEG,2894,2719,0.1385,0.1401,-0.02
FB5L,,1861,34,0.0,0.0,0.02
PFNp,vDeltaK,2582,2664,0.1561,0.1578,-0.02
FB8D,,858,11,0.0,0.0,0.02
EPG,ExR4,3464,2103,0.1688,0.1706,-0.02
FB6Z,hDeltaL,1249,993,0.034,0.0336,0.02
FB4Q,FB4P,472,616,0.0282,0.028,0.01
FB2I,FB2E,1250,1413,0.337,0.3338,0.01
FB5B,hDeltaC,961,648,0.0217,0.0215,0.01
FC3,vDeltaI,1513,941,0.0654,0.0648,0.01
PEN_a,ExR4,635,385,0.0309,0.0312,-0.01
PEN_a,FB4Y,1717,1563,0.0729,0.0736,-0.01
EPG,PEG,6154,5765,0.2945,0.2971,-0.01
,FB2F,664,585,0.046,0.0464,-0.01
FB6W,hDeltaG,916,751,0.0316,0.0319,-0.01
ExR7,EPG,1888,1543,0.0092,0.0091,0.01
FB4G,,5348,121,0.0,0.0,0.01
hDeltaH,PFR,1339,1375,0.0196,0.0197,-0.01
FB5Y,hDeltaC,701,474,0.0159,0.0158,0.01
hDeltaD,FS4A,1227,1220,0.0871,0.0876,-0.01
ExR8,PS197,462,68,0.058,0.0576,0.01
hDeltaC,FB5Y,496,445,0.0747,0.0751,-0.01
FB7M,,1139,22,0.0,0.0,0.01
FB2F,FB2M,436,332,0.0638,0.0635,0.01
FB5A,PFL3,1763,1823,0.029,0.0288,0.01
PFNp,vDeltaG,1149,887,0.0857,0.0853,0.01
FB4Q,PFR,1083,1099,0.0158,0.0158,0.01
vDeltaA,hDeltaE,1746,1238,0.0575,0.0577,-0.01
FB2I,FC1A,583,542,0.0535,0.0537,-0.01
FC1E,,9014,220,0.0,0.0001,-0.01
hDeltaC,hDeltaF,1578,998,0.0439,0.0441,-0.01
FB6A,FB6C,878,561,0.082,0.0818,0.0
FB4C,PFR,1268,1289,0.0185,0.0185,0.0
hDeltaG,FS2,1241,1121,0.043,0.0431,-0.0
FC2A,PFL2,1090,1134,0.0341,0.034,0.0
PEN_b,ER4d,434,369,0.0076,0.0076,0.0
LNO1,LNO1,902,527,0.0823,0.0826,-0.0
FB5E,hDeltaA,432,340,0.0086,0.0086,0.0
PFL3,VES054,1536,640,0.2126,0.2121,0.0
PFR,hDeltaG,945,770,0.0326,0.0327,-0.0
FB4B,PFNv,490,474,0.0237,0.0237,-0.0
hDeltaG,PFL3,582,604,0.0096,0.0096,0.0
FB5A,hDeltaJ,482,344,0.0127,0.0127,-0.0
FB7G,hDeltaE,817,576,0.0269,0.0269,0.0
ExR4,PEN_a,2092,1596,0.0483,0.0484,-0.0
Delta7,IbSpsP,5218,4605,0.309,0.3088,0.0
FB4X,hDeltaJ,1651,1177,0.0435,0.0435,-0.0
vDeltaD,FB6H,434,401,0.0603,0.0603,-0.0
FB6F,hDeltaF,584,368,0.0163,0.0163,0.0
