ascending,relay,cx_target,path_min,an_to_relay,relay_to_cx,relay_share_of_cx_input
AN19B019,,FB4M,385,385,385,0.019
AN06B009,,FB3A,319,319,319,0.027
AN07B004,,ExR3,216,216,216,0.014
AN07B037_a,,IbSpsP,191,191,191,0.011
AN19B019,,FB4Y,151,151,151,0.006
AN07B037_b,,IbSpsP,136,136,136,0.008
AN19B017,,IbSpsP,120,120,120,0.007
AN19B019,,FB4H,113,113,113,0.019
AN19B019,,FB4N,110,110,110,0.009
AN06B011,,LCNOpm,98,98,98,0.006
AN06B039,,SpsP,82,82,82,0.023
AN07B004,,FB4L,75,75,75,0.008
AN19B019,,FB5P,66,66,66,0.019
AN19B019,,FB5X,66,66,66,0.007
AN10B018,,FB3A,64,64,64,0.005
AN19B017,,FB6M,63,63,63,0.01
AN06B075,,ExR6,60,60,60,0.003
AN19B017,,FB4B,57,57,57,0.006
AN19B019,,FB5Z,52,52,52,0.014
AN19B019,PLP246,FB4M,660,685,660,0.033
AN07B037_a,PS196_a,LNO2,550,1013,550,0.029
AN07B037_b,PS196_a,LNO2,550,708,550,0.029
AN07B004,PS326,FB3A,511,525,511,0.044
AN07B004,PLP246,FB4M,448,448,660,0.033
AN07B004,PS326,SpsP,431,525,431,0.12
AN07B037_a,PS196_b,GLNO,419,419,1801,0.189
AN07B037_a,PS196_b,LPsP,419,419,942,0.075
AN07B037_a,PS196_b,ExR2,419,419,899,0.081
AN07B037_a,PS196_b,ExR4,419,419,686,0.033
AN06B034,CL339,IbSpsP,380,490,380,0.023
AN07B004,CL339,IbSpsP,380,488,380,0.023
SApp,AN06B009,FB3A,319,423,319,0.027
AN07B037_b,OLVC5,IbSpsP,315,315,831,0.049
AN02A002,mALD4,ExR2,280,416,280,0.025
AN19B024,PS326,FB3A,272,272,511,0.044
AN19B024,PS326,SpsP,272,272,431,0.12
AN27X011,OLVC5,IbSpsP,264,264,831,0.049
AN04B051,oviIN,FB5Z,263,358,263,0.071
AN04B051,oviIN,FB5Q,261,358,261,0.038
AN05B097,oviIN,FB5Z,253,253,263,0.071
AN05B097,oviIN,FB5Q,253,253,261,0.038
AN05B097,DNpe053,FB8B,251,305,251,0.057
AN19B017,PS263,SpsP,250,250,541,0.151
AN06B039,mALD4,ExR2,248,248,280,0.025
AN10B021,PS196_a,LNO2,242,242,550,0.029
AN19B019,SMP048,IbSpsP,233,233,678,0.04
ANXXX191,OLVC5,IbSpsP,231,231,831,0.049
AN07B037_a,OLVC5,IbSpsP,228,228,831,0.049
AN04B003,PS197,LPsP,224,224,561,0.045
ANXXX132,GNG311,IbSpsP,219,219,1913,0.113
AN06B011,PLP032,ExR3,218,218,325,0.022
AN07B004,WED009,FB4L,215,335,215,0.022
AN02A002,mALB5,FB4L,214,214,339,0.035
AN04B023,WED128,SpsP,211,233,211,0.059
AN17A012,DNpe053,FB8B,209,209,251,0.057
AN04B051,oviIN,FB5P,207,358,207,0.059
AN05B097,oviIN,FB5P,207,253,207,0.059
AN04B051,oviIN,FB7E,205,358,205,0.031
AN05B097,oviIN,FB7E,205,253,205,0.031
AN19A018,mALD4,ExR2,201,201,280,0.025
AN00A006,SMP471,FB5V_a,201,204,201,0.028
AN19B042,OLVC5,IbSpsP,200,200,831,0.049
AN19B059,OLVC5,IbSpsP,197,197,831,0.049
AN07B004,LAL203,LNO2,197,197,458,0.024
AN07B004,LAL203,ER1_b,197,197,399,0.035
AN07B004,LAL203,FB2A,197,197,286,0.029
AN07B004,LAL203,ER1_a,197,197,273,0.029
AN04B051,oviIN,FB5X,191,358,191,0.02
AN05B097,oviIN,FB5X,191,253,191,0.02
AN06B002,AN06B009,FB3A,190,190,319,0.027
ANXXX380,DNpe053,FB8B,189,189,251,0.057
AN07B037_a,CB1339,ER1_b,187,187,255,0.022
AN05B097,DNpe053,FB8C,186,305,186,0.039
AN17A012,DNpe053,FB8C,186,209,186,0.039
ANXXX380,DNpe053,FB8C,186,189,186,0.039
AN19B019,CRE028,FB4E_a,186,186,301,0.069
AN19B019,CRE028,FB4P_a,186,186,275,0.033
AN19B019,CRE028,FB5V_a,186,186,212,0.03
AN19B019,CRE028,FB4E_b,182,186,182,0.057
AN08B048,DNpe053,FB8B,177,177,251,0.057
AN08B048,DNpe053,FB8C,177,177,186,0.039
AN27X008,PS326,FB3A,175,175,511,0.044
AN27X008,PS326,SpsP,175,175,431,0.12
AN19B019,LAL192,FB5V_a,172,172,182,0.026
AN19B017,WED024,SpsP,172,172,228,0.064
AN07B037_a,PS291,LPsP,172,172,649,0.052
AN07B037_a,PS291,ExR2,172,172,504,0.046
AN07B037_a,PS291,ExR8,172,172,201,0.035
AN07B037_a,LAL168,SpsP,170,253,170,0.047
AN27X009,SMP235,FB6T,170,252,170,0.048
AN07B004,LHPV5l1,ExR3,170,170,381,0.025
AN08B014,CRE004,FB4F_a,167,195,167,0.031
AN07B037_a,LAL166,FB6M,163,178,163,0.025
AN19B019,PLP246,FB5Q,162,685,162,0.024
AN07B004,PLP246,FB5Q,162,448,162,0.024
ANXXX094,DNpe027,LCNOp,162,190,162,0.024
AN08B014,DNpe027,LCNOp,162,167,162,0.024
AN07B037_a,PS197,LPsP,160,160,561,0.045
AN07B037_b,CB1339,ER1_b,160,160,255,0.022
AN19B049,PLP101,FB6M,158,160,158,0.024
AN08B015,GNG311,IbSpsP,156,156,1913,0.113
AN06B009,WED002,ER1_b,155,155,444,0.039
AN00A006,SMP471,FB5V_c,154,204,154,0.032
AN06B088,LAL206,ER6,153,153,1969,0.157
AN19B019,SMP122,FB5D,152,152,185,0.027
AN07B004,OA-VPM3,FB2A,150,150,212,0.021
AN07B004,OA-VPM3,FB5C,150,150,163,0.026
AN08B014,CRE004,FB4F_c,149,195,149,0.02
AN03B011,GNG311,IbSpsP,143,143,1913,0.113
AN07B037_b,LAL145,LCNOpm,143,143,430,0.025
AN08B026,LAL110,FB5H,142,142,169,0.02
AN07B004,WED006,FB6M,141,291,141,0.021
AN07B046_c,GNG311,IbSpsP,140,140,1913,0.113
AN07B045,GNG311,IbSpsP,137,137,1913,0.113
AN07B004,WED183,LNOa,137,137,169,0.033
AN17A050,CRE074,FB5Q,136,136,173,0.025
AN07B037_a,LAL085,LNO2,136,136,1224,0.063
ANXXX254,oviIN,FB5Z,135,135,263,0.071
ANXXX254,oviIN,FB5Q,135,135,261,0.038
ANXXX254,oviIN,FB5P,135,135,207,0.059
ANXXX254,oviIN,FB7E,135,135,205,0.031
ANXXX254,oviIN,FB5X,135,135,191,0.02
AN19B019,SIP064,FB4M,134,134,468,0.023
AN19B019,SIP064,FB4L,134,134,394,0.041
AN19B019,SIP064,FB6M,134,134,213,0.032
AN04B051,oviIN,FB5F,133,358,133,0.038
AN05B097,oviIN,FB5F,133,253,133,0.038
ANXXX254,oviIN,FB5F,133,135,133,0.038
AN18B023,OLVC5,IbSpsP,130,130,831,0.049
AN08B014,DNpe053,FB8B,130,130,251,0.057
AN08B014,DNpe053,FB8C,130,130,186,0.039
AN19A018,OLVC5,IbSpsP,128,128,831,0.049
AN08B014,CRE004,FB4G,128,195,128,0.021
AN05B101,SMP347,FB6A_c,128,128,343,0.036
AN05B101,SMP347,FB6A_b,128,128,265,0.04
AN05B101,SMP347,FB6A_a,128,128,239,0.028
ANXXX136,PRW009,FB6D,126,568,126,0.02
AN19A018,mALB5,FB4L,126,126,339,0.035
AN08B027,GNG311,IbSpsP,121,121,1913,0.113
ANXXX152,oviIN,FB5Z,120,120,263,0.071
ANXXX152,oviIN,FB5Q,120,120,261,0.038
ANXXX152,oviIN,FB5P,120,120,207,0.059
ANXXX152,oviIN,FB7E,120,120,205,0.031
ANXXX152,oviIN,FB5X,120,120,191,0.02
ANXXX152,oviIN,FB5F,120,120,133,0.038
AN04B051,oviIN,FB6X,118,358,118,0.047
AN05B097,oviIN,FB6X,118,253,118,0.047
ANXXX254,oviIN,FB6X,118,135,118,0.047
ANXXX152,oviIN,FB6X,118,120,118,0.047
AN19B019,PLP032,ExR3,116,116,325,0.022
AN07B037_a,LAL145,LCNOpm,114,114,430,0.025
AN17A012,AstA1,FB8H,113,444,113,0.025
AN05B101,AstA1,FB8H,113,368,113,0.025
AN05B097,AstA1,FB8H,113,168,113,0.025
ANXXX116,AstA1,FB8H,113,115,113,0.025
AN05B025,AstA1,FB8H,113,115,113,0.025
AN07B004,LAL157,LNO1,113,113,664,0.061
AN05B107,DNpe053,FB8B,109,109,251,0.057
AN05B107,DNpe053,FB8C,109,109,186,0.039
AN10B005,DNpe027,LCNOp,107,107,162,0.024
AN04B023,AOTU046,ExR1,107,107,3608,0.066
AN17A026,DNpe053,FB8B,105,105,251,0.057
AN17A026,DNpe053,FB8C,105,105,186,0.039
AN19B019,SMP122,FB4E_b,105,152,105,0.033
AN19B025,OLVC5,IbSpsP,104,104,831,0.049
AN07B035,LAL180,SpsP,104,134,104,0.029
AN03B011,AN06B009,FB3A,103,103,319,0.027
AN08B013,DNpe053,FB8B,103,103,251,0.057
AN08B013,DNpe053,FB8C,103,103,186,0.039
AN07B004,LAL203,ER3a_c,103,197,103,0.024
AN06B009,WED002,ER1_c,103,155,103,0.034
AN19B019,SMP238,FB5H,102,102,202,0.024
ANXXX136,PRW009,FB6I,101,568,101,0.028
