tangential,columnar,syn,conc,peak_col_deg,n_tangential_cells,tangential_nt,columns
EPGt,PFNd,369,0.92,339,4,acetylcholine,0:195;315:174
P6-8P9,PFNa,444,0.9,356,4,glutamate,0:401;90:9;225:1;270:33
FB9C,FS4A,339,0.55,182,8,glutamate,45:8;90:45;135:74;180:63;225:120;270:19;315:10
FB9A,vDeltaA_a,1501,0.53,184,6,glutamate,0:3;45:51;90:204;135:198;180:527;225:247;270:258;315:13
FB5K,vDeltaF,480,0.51,6,2,glutamate,0:266;45:7;90:97;135:8;180:14;225:18;270:65;315:5
FB7K,hDeltaD,333,0.46,343,4,glutamate,0:105;45:44;90:18;135:14;180:25;225:9;270:46;315:72
SA2_b,vDeltaA_a,449,0.39,88,4,glutamate,0:114;45:46;90:88;135:107;180:72;270:12;315:10
SA1_b,vDeltaA_a,524,0.39,98,5,glutamate,0:120;45:54;90:98;135:126;180:101;225:2;270:14;315:9
SA2_a,vDeltaA_a,424,0.38,98,3,glutamate,0:94;45:54;90:70;135:97;180:89;225:2;270:13;315:5
FB5Q,FS1A_a,356,0.34,343,4,glutamate,0:54;45:53;90:59;135:15;225:31;270:64;315:80
FB2G_a,hDeltaM,403,0.33,307,2,glutamate,0:51;45:49;90:32;135:16;180:26;225:56;270:72;315:101
FB1B,FS4A,371,0.31,338,4,glutamate,0:78;45:62;90:27;135:26;180:13;225:44;270:52;315:69
FB4H,vDeltaL,1116,0.3,192,2,glutamate,0:168;45:40;90:103;135:121;180:342;225:167;270:142;315:33
FB2F_a,FS1B_a,399,0.29,349,6,glutamate,0:75;45:46;90:42;135:53;225:53;270:16;315:114
FB5H,vDeltaH,391,0.28,175,2,dopamine,0:42;103:101;154:47;206:140;309:61
FB6E,FC2C,674,0.28,341,2,glutamate,0:182;45:54;90:95;135:35;180:47;225:50;270:116;315:95
FB7L,FS3_d,462,0.28,36,6,glutamate,0:84;45:90;90:83;135:56;180:19;225:21;270:65;315:44
PFNp_b,vDeltaF,358,0.28,339,136,acetylcholine,0:128;45:17;90:50;135:9;180:29;225:45;270:51;315:29
PFNp_b,vDeltaC,465,0.27,169,136,acetylcholine,0:88;45:22;90:57;135:36;180:172;225:50;270:34;315:6
FB1D,FS4A,345,0.27,339,5,glutamate,0:61;45:65;90:25;135:30;180:7;225:47;270:50;315:60
SA3,vDeltaA_a,1447,0.26,288,8,glutamate,0:339;45:59;90:79;135:97;180:219;225:164;270:292;315:198
FB4Y,vDeltaJ,403,0.25,340,4,serotonin,0:120;45:48;90:21;135:43;180:28;225:40;270:65;315:38
PFNp_e,vDeltaL,487,0.25,187,23,acetylcholine,0:71;45:24;90:46;135:72;180:115;225:82;270:53;315:24
FB4O,FC2B,486,0.25,18,6,glutamate,0:115;45:84;90:44;135:77;180:22;225:28;270:62;315:54
FB6A_b,PFGs,595,0.24,355,2,glutamate,0:160;45:82;90:47;135:56;180:54;225:52;270:66;315:78
FB4P_b,hDeltaM,318,0.24,326,3,glutamate,0:78;45:35;90:15;135:22;180:42;225:33;270:33;315:60
FB8H,FS4A,555,0.24,359,6,glutamate,0:168;45:73;90:36;135:59;180:57;225:44;270:58;315:60
FB4H,vDeltaJ,990,0.23,317,2,glutamate,0:249;45:91;90:79;135:81;180:70;225:131;270:188;315:101
FB2C,FC2A,527,0.23,358,5,glutamate,0:166;45:52;90:55;135:41;180:50;225:64;270:36;315:63
FB7L,FS3_b,340,0.23,326,6,glutamate,0:42;45:62;90:30;180:45;225:56;270:15;315:90
PFNp_b,vDeltaH,619,0.23,189,136,acetylcholine,0:61;103:133;154:94;206:192;309:139
FB6R,FC2C,699,0.23,344,4,glutamate,0:156;45:102;90:73;135:46;180:51;225:79;270:103;315:89
FB2G_a,FC2B,683,0.22,359,2,glutamate,0:137;45:85;90:92;135:68;180:48;225:53;270:81;315:119
ExR5,vDeltaI_b,363,0.22,176,4,glutamate,0:49;90:70;135:53;180:70;225:48;270:57;315:16
FB6D,FC2C,527,0.22,4,2,glutamate,0:123;45:74;90:57;135:61;180:34;225:43;270:64;315:71
FB6A_c,FC2C,588,0.22,353,2,glutamate,0:145;45:69;90:61;135:61;180:45;225:47;270:80;315:80
FB8E,vDeltaA_a,641,0.22,2,5,glutamate,0:222;45:58;90:84;135:41;180:55;225:85;270:69;315:27
EPG,PFNd,1979,0.21,145,46,acetylcholine,0:110;45:278;90:339;135:299;180:332;225:269;270:229;315:123
FB4N,hDeltaA,329,0.21,160,2,glutamate,0:18;30:6;60:39;90:27;120:22;150:48;180:62;210:13;240:23;270:25;300:24;330:22
FB2G_a,FC2A,557,0.21,354,2,glutamate,0:143;45:56;90:58;135:59;180:49;225:54;270:51;315:87
FB8G,FS2,544,0.21,33,6,glutamate,0:67;45:132;90:89;135:36;180:43;225:51;270:70;315:56
FB2G_b,FC2B,511,0.21,347,6,glutamate,0:85;45:71;90:54;135:64;180:5;225:87;270:32;315:113
FB7L,FC2C,1164,0.21,341,6,glutamate,0:249;45:138;90:155;135:76;180:83;225:114;270:201;315:148
FB7I,FC2C,695,0.21,324,5,glutamate,0:142;45:49;90:83;135:59;180:64;225:53;270:122;315:123
FB5A,hDeltaJ,482,0.21,163,4,gaba,0:22;30:36;60:46;90:44;120:29;150:72;180:65;210:36;240:46;270:47;300:26;330:13
FB4Y,vDeltaL,526,0.21,197,4,serotonin,0:87;45:23;90:52;135:60;180:128;225:83;270:62;315:31
FB5K,vDeltaH,976,0.2,204,2,glutamate,0:120;103:206;154:90;206:342;309:218
SpsP,PFNd,2384,0.2,153,4,glutamate,0:186;45:253;90:309;135:497;180:354;225:319;270:254;315:212
FB7I,FS2,1056,0.2,13,5,glutamate,0:182;45:177;90:119;135:140;180:68;225:83;270:113;315:174
FB2J_c,FC2A,515,0.2,12,2,glutamate,0:119;45:69;90:72;135:52;180:34;225:53;270:58;315:58
PFNp_b,PFL3,746,0.2,143,136,acetylcholine,0:77;45:50;90:156;135:109;180:143;225:66;270:98;315:47
FB1E_a,vDeltaB,318,0.2,328,5,glutamate,0:98;45:14;90:40;135:15;180:34;225:45;270:39;315:33
FB2D,FC1E,630,0.2,350,6,glutamate,0:148;45:71;90:65;135:71;180:52;225:41;270:101;315:81
FB4N,PFL3,357,0.2,195,2,glutamate,0:48;45:21;90:46;135:25;180:107;225:27;270:66;315:17
FB6I,FC2C,412,0.2,23,2,glutamate,0:109;45:51;90:50;135:55;180:29;225:43;270:35;315:40
FB6Y,FC2C,316,0.2,348,2,glutamate,0:64;45:45;90:33;135:31;180:23;225:25;270:53;315:42
FB8G,hDeltaD,613,0.19,336,6,glutamate,0:83;45:103;90:62;135:47;180:50;225:63;270:93;315:112
FB5AB,vDeltaH,373,0.19,199,2,acetylcholine,0:46;103:86;154:29;206:132;309:80
FB2G_b,hDeltaA,836,0.19,280,6,glutamate,0:86;30:49;60:44;90:42;120:54;150:51;180:72;210:63;240:102;270:91;300:87;330:95
FB6C_a,PFGs,504,0.19,5,2,glutamate,0:142;45:58;90:55;135:52;180:42;225:59;270:53;315:43
FB5O,FC2B,545,0.19,353,2,glutamate,0:103;45:80;90:57;135:54;180:45;225:52;270:65;315:89
FB5N,FC2B,782,0.19,11,4,glutamate,0:160;45:122;90:79;135:101;180:51;225:87;270:65;315:117
FB2M_a,FC2B,842,0.19,344,4,glutamate,0:175;45:106;90:83;135:98;180:40;225:112;270:101;315:127
FB8H,FC2C,844,0.19,351,6,glutamate,0:238;45:80;90:104;135:59;180:86;225:94;270:106;315:77
FB1C,PFNm_b,750,0.19,325,4,dopamine,0:194;45:27;90:89;135:99;180:17;225:120;270:100;315:104
FB7A,FC2C,517,0.19,17,6,glutamate,0:98;45:104;90:65;135:37;180:47;225:54;270:63;315:49
FB4O,FS2,311,0.19,21,6,glutamate,0:54;45:71;90:21;135:45;180:17;225:37;270:29;315:37
FB5Y_b,FC2C,392,0.19,316,2,glutamate,0:96;45:30;90:34;135:26;180:53;225:42;270:58;315:53
PFNp_b,PFNm_b,1180,0.19,305,136,acetylcholine,0:338;45:25;90:122;135:144;180:19;225:252;270:178;315:102
FB4R,hDeltaJ,329,0.19,143,6,glutamate,0:14;30:20;60:31;90:27;120:33;150:41;180:59;210:17;240:12;270:26;300:17;330:32
IbSpsP,PFNm_b,1261,0.18,344,31,acetylcholine,0:394;45:35;90:186;135:130;180:51;225:205;270:130;315:130
FB5E,FC2A,427,0.18,344,2,glutamate,0:101;45:49;90:41;135:43;180:31;225:59;270:43;315:60
FB6A_c,FS2,672,0.18,42,2,glutamate,0:72;45:159;90:85;135:91;180:40;225:71;270:66;315:88
FB2J_a,FC2A,468,0.18,350,2,glutamate,0:114;45:47;90:55;135:51;180:27;225:59;270:56;315:59
FB6D,PFGs,512,0.18,358,2,glutamate,0:123;45:62;90:53;135:50;180:51;225:55;270:44;315:74
FB6W,FS2,382,0.18,4,2,glutamate,0:66;45:63;90:40;135:45;180:28;225:37;270:41;315:62
FB5N,FC2A,446,0.18,314,4,glutamate,0:86;45:54;90:36;135:35;180:39;225:72;270:60;315:64
FB5S,hDeltaL,343,0.18,82,9,glutamate,0:28;30:39;60:32;90:32;120:48;150:25;180:34;210:33;270:13;300:34;330:25
LPsP,PFNv,344,0.18,3,2,acetylcholine,0:88;45:33;90:68;135:10;180:36;225:28;270:61;315:20
FB1G,FS4A,629,0.18,8,2,acetylcholine,0:128;45:102;90:72;135:57;180:65;225:49;270:80;315:76
FB2F_a,FC1C_a,579,0.18,301,6,glutamate,0:84;45:92;90:21;135:52;180:47;225:132;270:37;315:114
FB2B_b,FC1C_a,448,0.18,307,4,glutamate,0:68;45:67;90:24;135:37;180:40;225:87;270:39;315:86
FB5A,FS2,983,0.18,14,4,gaba,0:178;45:181;90:108;135:107;180:77;225:95;270:118;315:119
FB1A,FC2C,516,0.18,330,4,glutamate,0:91;45:76;90:50;135:35;180:47;225:67;270:73;315:77
FB4G,vDeltaK,394,0.18,25,2,glutamate,0:93;45:33;90:85;135:33;180:35;225:19;270:67;315:29
FB1C,vDeltaK,378,0.18,30,4,dopamine,0:87;45:51;90:65;135:34;180:38;225:22;270:63;315:18
FB6E,FC2B,454,0.17,40,2,glutamate,0:37;45:91;90:42;135:99;180:9;225:59;270:4;315:113
FB8C,hDeltaE,702,0.17,350,4,glutamate,0:110;45:123;90:109;135:38;180:20;225:121;270:102;315:79
FB5G_b,hDeltaM,317,0.17,276,2,glutamate,0:26;45:43;90:36;135:18;180:32;225:55;270:60;315:47
FB2F_b,FC2A,512,0.17,1,3,glutamate,0:121;45:52;90:47;135:79;180:37;225:49;270:46;315:81
FB4R,PFGs,670,0.17,337,6,glutamate,0:149;45:93;90:48;135:73;180:33;225:124;270:58;315:92
FB2F_c,FC2A,350,0.17,330,4,glutamate,0:68;45:41;90:20;135:42;180:33;225:52;270:17;315:77
FB1H,PFNv,434,0.17,4,2,dopamine,0:101;45:34;90:96;135:17;180:42;225:27;270:86;315:31
FB2F_d,FC2C,878,0.17,325,4,glutamate,0:184;45:93;90:101;135:46;180:112;225:82;270:152;315:108
FB1H,FC2A,347,0.17,347,2,dopamine,0:74;45:42;90:33;135:37;180:29;225:43;270:31;315:58
FB6C_b,FC2C,935,0.17,324,6,glutamate,0:198;45:95;90:89;135:89;180:89;225:98;270:158;315:119
FB2M_b,FC2B,349,0.17,340,2,glutamate,0:70;45:37;90:36;135:47;180:11;225:51;270:40;315:57
FB4O,FC2A,633,0.17,351,6,glutamate,0:158;45:66;90:71;135:59;180:57;225:80;270:63;315:79
FB1J,vDeltaB,349,0.17,35,2,glutamate,0:100;45:32;90:47;135:55;180:29;225:25;270:43;315:18
FB7E,FS2,722,0.17,0,6,glutamate,0:122;45:119;90:83;135:69;180:63;225:67;270:94;315:105
PFNp_b,vDeltaG,782,0.17,153,136,acetylcholine,0:87;45:71;90:95;135:200;180:58;225:117;270:117;315:37
FB3C,FC3_c,739,0.17,113,13,gaba,0:62;45:61;90:158;135:136;180:96;225:50;270:72;315:104
FB6B,FC2C,342,0.17,320,2,glutamate,0:80;45:35;90:28;135:25;180:39;225:47;270:44;315:44
FB4P_c,hDeltaM,445,0.16,308,2,glutamate,0:71;45:54;90:35;135:40;180:48;225:63;270:58;315:76
FB5L,vDeltaG,984,0.16,180,2,glutamate,0:147;45:67;90:100;135:170;180:183;225:123;270:144;315:50
LPsP,PFL2,440,0.16,17,2,acetylcholine,0:119;45:43;90:63;135:40;180:59;225:22;270:62;315:32
FB6X,hDeltaL,324,0.16,96,2,glutamate,0:26;30:25;60:25;90:27;120:46;150:37;180:37;210:21;270:21;300:18;330:41
FB1G,FR1,391,0.16,21,2,acetylcholine,0:85;45:32;90:76;135:45;180:17;225:48;270:39;315:49
FB2F_a,vDeltaH,500,0.16,248,6,glutamate,0:85;103:88;154:30;206:167;309:130
FB7D_b,hDeltaE,325,0.16,254,4,glutamate,0:34;45:27;90:42;135:24;180:37;225:68;270:44;315:49
FB5A,FR1,470,0.16,51,4,gaba,0:85;45:52;90:87;135:65;180:40;225:42;270:43;315:56
FB2B_a,FC1C_a,468,0.16,315,4,unclear,0:66;45:71;90:28;135:39;180:50;225:81;270:30;315:103
PFNp_c,vDeltaF,347,0.16,348,40,acetylcholine,0:119;45:8;90:38;135:32;180:54;225:27;270:34;315:35
FB2M_a,FS1A_c,349,0.16,41,4,glutamate,0:68;45:19;90:85;135:29;180:41;225:26;270:24;315:57
FB2F_d,FR1,364,0.16,344,4,glutamate,0:88;45:41;90:35;135:36;180:30;225:52;270:38;315:44
FB2F_c,FC2B,522,0.16,14,4,glutamate,0:80;45:84;90:59;135:68;180:41;225:53;270:43;315:94
FB4I,vDeltaK,432,0.16,10,2,glutamate,0:102;45:46;90:74;135:37;180:35;225:33;270:81;315:24
FB2I_a,FS4B,488,0.16,346,10,glutamate,0:96;45:64;90:68;135:23;180:59;225:44;270:77;315:57
FB2I_a,FS4C,630,0.16,39,10,glutamate,0:123;45:79;90:101;135:93;180:47;225:41;270:85;315:61
FB8H,FS3_d,355,0.16,349,6,glutamate,0:70;45:50;90:43;135:20;180:45;225:33;270:47;315:47
FB5Y_a,hDeltaM,565,0.15,355,2,glutamate,0:90;45:90;90:67;135:59;180:40;225:58;270:86;315:75
FB2M_a,FC2A,1891,0.15,356,4,glutamate,0:417;45:213;90:216;135:196;180:186;225:203;270:198;315:262
FB5AB,FC2B,1083,0.15,347,2,acetylcholine,0:179;45:157;90:105;135:123;180:92;225:110;270:134;315:183
FB4O,hDeltaM,899,0.15,310,6,glutamate,0:128;45:101;90:83;135:96;180:79;225:117;270:128;315:167
FB4Q_c,FC2A,755,0.15,346,3,glutamate,0:147;45:93;90:75;135:81;180:70;225:87;270:77;315:125
FB5A,FC2C,4190,0.15,347,4,gaba,0:890;45:497;90:468;135:376;180:458;225:428;270:538;315:535
FB6W,FC2B,787,0.15,315,2,glutamate,0:93;45:95;90:91;135:72;180:69;225:95;270:114;315:158
FB6Z,hDeltaF,313,0.15,304,2,glutamate,0:58;60:48;120:42;180:29;240:73;300:63
FB2J_a,hDeltaM,303,0.15,339,2,glutamate,0:52;45:34;90:40;135:24;180:35;225:23;270:47;315:48
FB7J,hDeltaD,454,0.15,331,4,glutamate,0:84;45:39;90:44;135:61;180:45;225:32;270:67;315:82
FB5I,vDeltaG,371,0.15,185,2,glutamate,0:49;45:20;90:49;135:55;180:79;225:22;270:76;315:21
FB7I,FC2B,364,0.15,111,5,glutamate,0:33;45:59;90:40;135:83;180:24;225:66;270:9;315:50
FB2F_d,FC2B,640,0.15,100,4,glutamate,0:47;45:84;90:100;135:134;180:56;225:77;270:26;315:116
FB4L,PFNd,510,0.15,162,4,dopamine,0:52;45:49;90:59;135:104;180:66;225:74;270:57;315:49
FB6U,FS2,1031,0.15,60,4,glutamate,0:138;45:176;90:154;135:156;180:84;225:112;270:84;315:127
PFNp_a,vDeltaK,1253,0.15,9,64,acetylcholine,0:268;45:156;90:174;135:153;180:101;225:53;270:273;315:75
FB6Z,FC2C,545,0.15,346,2,glutamate,0:115;45:52;90:59;135:79;180:32;225:54;270:81;315:73
FB5W_a,FC2B,744,0.15,345,6,glutamate,0:112;45:116;90:68;135:86;180:61;225:82;270:90;315:129
EPG,PFNa,797,0.15,171,46,acetylcholine,0:101;45:39;90:147;135:103;180:135;225:105;270:121;315:46
FB2F_a,vDeltaF,395,0.15,39,6,glutamate,0:145;45:5;90:78;135:31;180:50;225:56;270:18;315:12
FB2L,FC2C,374,0.15,276,4,glutamate,0:106;45:17;90:29;135:15;180:74;225:60;270:52;315:21
FB4M,PFNv,310,0.15,307,4,dopamine,0:67;45:8;90:61;135:11;180:40;225:19;270:81;315:23
FB5G_a,FC2C,385,0.15,350,4,glutamate,0:96;45:39;90:47;135:31;180:39;225:51;270:41;315:41
FB4R,hDeltaB,3647,0.14,155,6,glutamate,0:149;30:255;60:441;90:363;120:224;150:384;180:497;210:261;240:332;270:327;300:245;330:169
FB5L,vDeltaF,1407,0.14,336,2,glutamate,0:470;45:84;90:143;135:81;180:211;225:185;270:160;315:73
FB4X,FC2B,1310,0.14,353,2,glutamate,0:239;45:211;90:98;135:157;180:121;225:156;270:128;315:200
FB5AB,vDeltaF,1359,0.14,331,2,acetylcholine,0:461;45:70;90:123;135:93;180:210;225:172;270:154;315:76
FB6E,vDeltaE,611,0.14,355,2,glutamate,0:159;45:55;90:42;135:102;180:61;225:40;270:84;315:68
FB5AB,vDeltaG,1002,0.14,183,2,acetylcholine,0:158;45:72;90:106;135:160;180:179;225:128;270:158;315:41
FB7A,PFGs,599,0.14,49,6,glutamate,0:127;45:70;90:84;135:98;180:47;225:63;270:52;315:58
EPG,PFGs,703,0.14,352,46,acetylcholine,0:162;45:85;90:78;135:58;180:87;225:68;270:94;315:71
FB4B,PFNv,490,0.14,330,2,glutamate,0:119;45:25;90:89;135:22;180:61;225:33;270:112;315:29
FB4N,FC2C,664,0.14,226,2,glutamate,0:89;45:71;90:46;135:86;180:102;225:110;270:106;315:54
FB6F,FC2C,1023,0.14,322,2,glutamate,0:220;45:95;90:82;135:110;180:119;225:120;270:124;315:153
EPG,PFL1,538,0.14,186,46,acetylcholine,0:59;45:35;90:88;135:74;180:78;225:72;270:98;315:34
FB5L,vDeltaI_b,411,0.14,226,2,glutamate,0:89;90:53;135:40;180:81;225:57;270:62;315:29
FB2E,PFL1,590,0.14,233,4,glutamate,0:74;45:32;90:71;135:64;180:100;225:74;270:105;315:70
FB7G,FS2,715,0.14,28,4,glutamate,0:95;45:139;90:111;135:61;180:64;225:66;270:107;315:72
FB7K,PFGs,755,0.14,336,4,glutamate,0:207;45:45;90:74;135:77;180:90;225:103;270:58;315:101
FB5X,PFL2,629,0.14,312,6,glutamate,0:108;45:101;90:46;135:27;180:115;225:45;270:124;315:63
FB1G,FC1A,313,0.14,344,2,acetylcholine,0:72;45:25;90:31;135:36;180:42;225:22;270:36;315:49
FB2H_b,FC1E,336,0.14,316,2,glutamate,0:69;45:24;90:48;135:22;180:36;225:39;270:59;315:39
FB4F_a,vDeltaK,616,0.14,19,4,glutamate,0:130;45:84;90:87;135:65;180:62;225:40;270:111;315:37
PFNp_c,PFNm_a,1744,0.14,20,40,acetylcholine,0:453;45:185;90:264;135:105;180:293;225:93;270:245;315:106
FB5W_b,FC2A,331,0.14,317,3,glutamate,0:62;45:49;90:20;135:29;180:36;225:52;270:39;315:44
FB2K,hDeltaM,425,0.14,342,9,glutamate,0:56;45:71;90:41;135:45;180:38;225:44;270:60;315:70
PFNp_b,vDeltaI_b,891,0.14,233,136,acetylcholine,0:185;90:145;135:69;180:157;225:113;270:183;315:39
FB4E_a,FR1,319,0.14,58,5,glutamate,0:58;45:43;90:44;135:57;180:18;225:42;270:24;315:33
FB2F_a,FC1D,433,0.14,34,6,glutamate,0:57;45:53;90:90;135:47;180:18;225:64;270:32;315:72
PFNp_e,PFNm_a,394,0.14,339,23,acetylcholine,0:109;45:41;90:48;135:17;180:46;225:59;270:53;315:21
FB3A,PFR_a,370,0.14,194,4,glutamate,0:52;45:33;90:24;135:68;180:56;225:65;270:38;315:34
LNO1,PFNv,3989,0.13,2,4,gaba,0:999;45:236;90:797;135:212;180:525;225:189;270:795;315:236
LCNOpm,PFNm_b,2060,0.13,324,2,glutamate,0:605;45:46;90:269;135:298;180:22;225:397;270:296;315:127
FB6I,hDeltaL,959,0.13,1,2,glutamate,0:122;30:92;60:72;90:58;120:70;150:85;180:73;210:95;270:90;300:76;330:126
FB6E,hDeltaF,543,0.13,126,2,glutamate,0:55;60:120;120:115;180:84;240:99;300:70
FB8E,hDeltaE,485,0.13,344,5,glutamate,0:54;45:87;90:84;135:27;180:7;225:97;270:75;315:54
FB5A,FC2B,2887,0.13,25,4,gaba,0:495;45:392;90:326;135:464;180:212;225:307;270:222;315:469
FB2M_b,hDeltaA,559,0.13,305,2,glutamate,0:80;30:28;60:18;90:45;120:51;150:25;180:54;210:45;240:36;270:57;300:50;330:70
FB6N,vDeltaF,880,0.13,300,2,glutamate,0:249;45:67;90:52;135:57;180:155;225:135;270:92;315:73
FB6U,hDeltaG,398,0.13,278,4,glutamate,0:51;45:54;90:33;135:37;180:32;225:88;270:49;315:54
FB6A_a,hDeltaL,528,0.13,27,2,glutamate,0:69;30:55;60:53;90:31;120:53;150:29;180:48;210:52;270:47;300:40;330:51
FB4K,FC2A,1078,0.13,348,4,glutamate,0:225;45:147;90:85;135:126;180:114;225:118;270:128;315:135
FB1G,FC3_b,833,0.13,328,2,acetylcholine,0:116;45:68;90:140;135:89;180:25;225:139;270:98;315:158
EPG,PFL2,1036,0.13,352,46,acetylcholine,0:237;45:118;90:127;135:68;180:153;225:80;270:148;315:105
FB2B_a,FC1A,945,0.13,354,4,unclear,0:180;45:107;90:118;135:89;180:122;225:69;270:123;315:137
FB5AB,FC3_a,594,0.13,291,2,acetylcholine,0:70;45:113;90:23;135:55;180:56;225:123;270:69;315:85
FB4P_a,FR1,776,0.13,15,4,glutamate,0:141;45:134;90:59;135:129;180:40;225:96;270:89;315:88
FB2F_a,FR1,1111,0.13,340,6,glutamate,0:251;45:95;90:123;135:132;180:92;225:149;270:123;315:146
FB4C,hDeltaI,328,0.13,217,2,glutamate,0:33;30:13;60:2;90:62;120:11;150:23;180:32;210:27;240:57;270:24;300:21;330:23
ExR5,FC3_a,537,0.13,248,4,glutamate,0:52;45:82;90:39;135:68;180:41;225:110;270:101;315:44
FB8I,hDeltaD,667,0.13,339,6,glutamate,0:93;45:111;90:61;135:64;180:67;225:80;270:82;315:109
FB8G,hDeltaL,478,0.13,38,6,glutamate,0:48;30:70;60:45;90:41;120:22;150:39;180:40;210:61;270:35;300:33;330:44
FB2F_d,hDeltaL,419,0.13,38,4,glutamate,0:38;30:50;60:37;90:40;120:31;150:32;180:49;210:22;270:39;300:45;330:36
Delta7,PFNm_b,1002,0.13,325,42,glutamate,0:258;45:28;90:157;135:117;180:22;225:186;270:136;315:98
FB5N,PFL2,327,0.13,211,4,glutamate,0:45;45:30;90:34;135:25;180:79;225:38;270:45;315:31
FB1G,FS2,414,0.13,359,2,acetylcholine,0:61;45:64;90:53;135:49;180:20;225:55;270:55;315:57
FB6K,hDeltaC,492,0.13,346,4,glutamate,0:65;30:27;60:46;90:48;120:16;150:43;180:36;210:22;240:49;270:43;300:20;330:77
FB2D,hDeltaI,489,0.13,212,6,glutamate,0:31;30:25;60:12;90:75;120:42;150:47;180:17;210:44;240:72;270:62;300:39;330:23
FB4Z_a,hDeltaI,383,0.13,228,8,glutamate,0:33;30:14;60:18;90:46;120:15;150:29;180:49;210:31;240:51;270:34;300:19;330:44
FB6C_a,FC2C,342,0.13,310,2,glutamate,0:52;45:37;90:41;135:27;180:32;225:52;270:45;315:56
FB4Y,PFL3,476,0.13,213,4,serotonin,0:69;45:41;90:46;135:54;180:93;225:58;270:86;315:29
FB4Y,vDeltaI_b,398,0.13,189,4,serotonin,0:79;90:68;135:42;180:82;225:48;270:55;315:24
FB5V_c,hDeltaK,359,0.13,264,5,glutamate,0:40;30:26;60:22;90:29;120:2;150:26;180:41;210:46;240:41;270:22;300:25;330:39
FB4K,vDeltaL,470,0.13,175,4,glutamate,0:72;45:31;90:57;135:74;180:82;225:61;270:60;315:33
PFNp_c,vDeltaG,306,0.13,193,40,acetylcholine,0:38;45:10;90:36;135:71;180:28;225:40;270:53;315:30
FB2F_c,FC2C,414,0.13,336,4,glutamate,0:92;45:52;90:41;135:35;180:45;225:50;270:64;315:35
FB6A_a,PFGs,1227,0.12,358,2,glutamate,0:247;45:172;90:137;135:130;180:105;225:151;270:162;315:123
FB5D,hDeltaG,424,0.12,154,3,glutamate,0:40;45:40;90:71;135:65;180:53;225:65;270:46;315:44
FB5L,vDeltaE,562,0.12,87,2,glutamate,0:132;45:20;90:130;135:58;180:90;225:29;270:91;315:12
FB7G,hDeltaE,817,0.12,185,4,glutamate,0:74;45:86;90:108;135:99;180:140;225:124;270:97;315:89
FB6A_b,hDeltaL,448,0.12,49,2,glutamate,0:64;30:32;60:49;90:30;120:54;150:31;180:40;210:37;270:41;300:44;330:26
FB6X,hDeltaG,318,0.12,235,2,glutamate,0:51;45:19;90:31;135:46;180:35;225:60;270:43;315:33
FB4F_c,PFL2,772,0.12,262,6,glutamate,0:118;45:63;90:87;135:66;180:112;225:103;270:145;315:78
Delta7,PFNm_a,853,0.12,49,42,glutamate,0:206;45:128;90:97;135:50;180:195;225:50;270:77;315:50
FB4N,hDeltaJ,973,0.12,174,2,glutamate,0:76;30:52;60:81;90:72;120:69;150:122;180:139;210:64;240:68;270:110;300:45;330:75
FB4Q_b,FC2A,421,0.12,4,2,glutamate,0:83;45:55;90:36;135:59;180:48;225:34;270:48;315:58
FB1H,hDeltaB,459,0.12,156,2,dopamine,0:25;30:16;60:77;90:40;120:25;150:43;180:64;210:24;240:48;270:48;300:28;330:21
FB2G_a,hDeltaJ,355,0.12,15,2,glutamate,0:45;30:24;60:31;90:39;120:18;150:33;180:29;210:15;240:23;270:28;300:23;330:47
FB5Q,PFL2,472,0.12,238,4,glutamate,0:83;45:27;90:41;135:59;180:84;225:54;270:79;315:45
FB5E,FR1,488,0.12,337,2,glutamate,0:98;45:56;90:54;135:45;180:51;225:63;270:61;315:60
FB8I,hDeltaF,404,0.12,140,6,glutamate,0:53;60:80;120:76;180:75;240:77;300:43
FB5I,FC2B,394,0.12,343,2,glutamate,0:45;45:75;90:37;135:35;180:43;225:43;270:54;315:62
FB2B_b,FC1E,682,0.12,316,4,glutamate,0:111;45:74;90:104;135:52;180:48;225:86;270:147;315:60
FB4M,PFNd,977,0.12,163,4,dopamine,0:96;45:103;90:130;135:166;180:130;225:137;270:126;315:89
FB2H_b,FC1D,334,0.12,346,2,glutamate,0:45;45:36;90:51;135:41;180:13;225:49;270:36;315:63
PFNp_c,vDeltaD,386,0.12,147,40,acetylcholine,0:62;45:11;90:72;135:68;180:50;225:41;270:55;315:27
FB2B_a,FC1E,458,0.12,341,4,unclear,0:89;45:46;90:79;135:33;180:34;225:49;270:96;315:32
PFNp_c,PFNm_b,908,0.12,301,40,acetylcholine,0:271;45:6;90:119;135:126;180:4;225:221;270:119;315:42
PFNp_b,vDeltaK,394,0.12,95,136,acetylcholine,0:65;45:55;90:65;135:44;180:63;225:33;270:56;315:13
PFNp_b,vDeltaE,303,0.12,359,136,acetylcholine,0:89;45:9;90:36;135:52;180:24;225:21;270:47;315:25
FB5A,hDeltaM,1611,0.11,349,4,gaba,0:219;45:240;90:185;135:179;180:149;225:174;270:210;315:255
FB3A,PFNd,5765,0.11,162,4,glutamate,0:568;45:633;90:774;135:866;180:859;225:831;270:613;315:621
FB5K,vDeltaG,1547,0.11,193,2,glutamate,0:266;45:83;90:194;135:247;180:212;225:207;270:274;315:64
FB6V,hDeltaL,695,0.11,119,2,glutamate,0:47;30:70;60:37;90:67;120:69;150:78;180:88;210:69;270:37;300:77;330:56
FB4H,vDeltaI_b,1386,0.11,178,2,glutamate,0:289;90:234;135:174;180:273;225:143;270:197;315:76
PFNp_c,hDeltaJ,1705,0.11,162,40,acetylcholine,0:102;30:114;60:147;90:153;120:128;150:223;180:199;210:101;240:135;270:157;300:152;330:94
FB5C,hDeltaH,501,0.11,52,3,glutamate,0:92;45:77;90:62;135:50;180:79;225:54;270:30;315:57
FB2F_d,hDeltaH,458,0.11,288,4,glutamate,0:84;45:42;90:36;135:40;180:70;225:72;270:41;315:73
FB8H,hDeltaF,327,0.11,329,6,glutamate,0:49;60:72;120:35;180:42;240:58;300:71
FB6A_b,hDeltaG,327,0.11,220,2,glutamate,0:39;45:26;90:35;135:50;180:32;225:68;270:35;315:42
FB4L,hDeltaB,1207,0.11,131,4,dopamine,0:76;30:63;60:174;90:132;120:60;150:128;180:155;210:50;240:119;270:112;300:66;330:72
FB2G_b,PFL3,1286,0.11,181,6,glutamate,0:155;45:96;90:221;135:116;180:256;225:141;270:205;315:96
Delta7,PFR_b,1429,0.11,23,42,glutamate,0:212;45:224;90:190;135:143;180:174;225:131;270:160;315:195
FB5I,hDeltaJ,532,0.11,151,2,glutamate,0:38;30:40;60:49;90:41;120:32;150:68;180:82;210:27;240:41;270:41;300:29;330:44
FB5H,vDeltaI_b,408,0.11,215,2,dopamine,0:88;90:68;135:33;180:79;225:56;270:58;315:26
FB2F_b,hDeltaJ,695,0.11,145,3,glutamate,0:56;30:51;60:51;90:47;120:71;150:95;180:76;210:53;240:34;270:65;300:37;330:59
PFNp_e,PFL3,451,0.11,210,23,acetylcholine,0:83;45:13;90:64;135:41;180:96;225:54;270:61;315:39
FB5A,FC3_b,521,0.11,317,4,gaba,0:73;45:51;90:73;135:55;180:37;225:74;270:74;315:84
FB2L,FC2B,558,0.11,12,4,glutamate,0:102;45:68;90:70;135:81;180:32;225:72;270:59;315:74
FB2M_a,FC1E,493,0.11,344,4,glutamate,0:86;45:51;90:69;135:44;180:56;225:47;270:66;315:74
FB1E_a,vDeltaC,628,0.11,176,5,glutamate,0:161;45:10;90:69;135:62;180:187;225:46;270:56;315:37
FB1E_a,vDeltaD,434,0.11,249,5,glutamate,0:71;45:13;90:54;135:57;180:69;225:30;270:92;315:48
FB6U,FC2C,503,0.11,317,4,glutamate,0:95;45:53;90:43;135:64;180:52;225:50;270:88;315:58
LPsP,PFNd,314,0.11,99,2,acetylcholine,0:36;45:42;90:46;135:50;180:42;225:29;270:31;315:38
FB2D,hDeltaJ,746,0.11,192,6,glutamate,0:61;30:41;60:50;90:51;120:57;150:77;180:107;210:69;240:50;270:58;300:58;330:67
FB2A,FC1A,309,0.11,294,4,dopamine,0:48;45:27;90:34;135:30;180:37;225:43;270:40;315:50
FB7C,FC2C,368,0.11,12,5,glutamate,0:62;45:55;90:55;135:33;180:31;225:45;270:52;315:35
Delta7,PFL1,4732,0.1,175,42,glutamate,0:576;45:335;90:760;135:707;180:599;225:662;270:724;315:369
FB5N,hDeltaM,1357,0.1,16,4,glutamate,0:218;45:220;90:148;135:159;180:130;225:177;270:129;315:176
IbSpsP,PFNv,958,0.1,331,31,acetylcholine,0:234;45:58;90:159;135:38;180:162;225:56;270:197;315:54
FB6A_c,PFGs,952,0.1,353,2,glutamate,0:194;45:111;90:109;135:101;180:98;225:120;270:107;315:112
FB2J_c,hDeltaM,513,0.1,353,2,glutamate,0:65;45:83;90:65;135:44;180:55;225:59;270:65;315:77
FB1G,hDeltaC,782,0.1,260,2,acetylcholine,0:76;30:26;60:68;90:62;120:30;150:61;180:103;210:52;240:78;270:79;300:48;330:99
PEN_b(PEN2),hDeltaK,1462,0.1,188,22,acetylcholine,0:114;30:72;60:75;90:147;120:126;150:138;180:178;210:130;240:107;270:139;300:84;330:152
FB1E_a,hDeltaL,657,0.1,103,5,glutamate,0:51;30:43;60:50;90:49;120:80;150:75;180:80;210:50;270:37;300:62;330:80
FB2G_b,PFL2,1113,0.1,286,6,glutamate,0:210;45:76;90:130;135:89;180:177;225:119;270:181;315:131
FB4D_c,hDeltaJ,1129,0.1,159,2,glutamate,0:93;30:91;60:103;90:65;120:66;150:144;180:173;210:82;240:70;270:82;300:73;330:87
FB2M_b,FC2A,603,0.1,353,2,glutamate,0:144;45:58;90:59;135:80;180:59;225:73;270:71;315:59
FB4F_b,hDeltaI,553,0.1,290,2,glutamate,0:42;30:54;60:21;90:57;120:48;150:26;180:29;210:48;240:64;270:63;300:50;330:51
FB1G,FC3_a,556,0.1,334,2,acetylcholine,0:71;45:111;90:39;135:62;180:40;225:89;270:74;315:70
FB5I,vDeltaE,583,0.1,154,2,glutamate,0:92;45:23;90:136;135:46;180:116;225:28;270:133;315:9
FB4O,hDeltaJ,1236,0.1,104,6,glutamate,0:80;30:140;60:127;90:96;120:83;150:148;180:150;210:83;240:63;270:93;300:61;330:112
FB1G,PFR_a,699,0.1,221,2,acetylcholine,0:108;45:53;90:77;135:86;180:100;225:117;270:96;315:62
FB5AA,FC2B,481,0.1,331,2,glutamate,0:70;45:59;90:53;135:52;180:48;225:66;270:46;315:87
PFNp_a,hDeltaI,456,0.1,231,64,acetylcholine,0:11;30:68;60:5;90:64;120:34;150:28;180:16;210:45;240:86;270:36;300:42;330:21
FB4A_a,hDeltaJ,1854,0.1,158,6,glutamate,0:139;30:121;60:154;90:177;120:136;150:206;180:239;210:136;240:112;270:187;300:126;330:121
FB2G_b,FC2C,1412,0.1,347,6,glutamate,0:324;45:129;90:164;135:131;180:187;225:164;270:143;315:170
FB5H,vDeltaG,353,0.1,173,2,dopamine,0:63;45:13;90:58;135:56;180:41;225:52;270:56;315:14
FB4X,hDeltaA,301,0.1,235,2,glutamate,0:31;30:14;60:23;90:24;120:21;150:19;180:38;210:20;240:36;270:32;300:26;330:17
FB4Q_c,hDeltaJ,725,0.1,128,3,glutamate,0:83;30:46;60:68;90:65;120:52;150:92;180:84;210:50;240:42;270:64;300:43;330:36
FB4E_b,PFR_b,362,0.1,223,4,glutamate,0:37;45:35;90:41;135:45;180:45;225:72;270:30;315:57
FB2M_a,PFL3,528,0.1,173,4,glutamate,0:70;45:41;90:73;135:66;180:108;225:46;270:76;315:48
FB1E_a,FC2C,1066,0.1,350,5,glutamate,0:160;45:123;90:167;135:75;180:132;225:109;270:126;315:174
FB2I_b,FC1A,357,0.1,312,2,glutamate,0:62;45:36;90:36;135:40;180:34;225:55;270:40;315:54
FB6V,FC2B,367,0.1,311,2,glutamate,0:45;45:48;90:31;135:44;180:38;225:54;270:33;315:74
FB2B_a,FC1C_b,670,0.1,47,4,unclear,0:137;45:72;90:83;135:103;180:72;225:76;270:48;315:79
FB2M_a,PFL2,334,0.1,125,4,glutamate,0:31;45:42;90:70;135:25;180:60;225:26;270:56;315:24
FB2D,FC3_a,332,0.1,273,6,glutamate,0:26;45:78;90:19;135:18;180:41;225:67;270:52;315:31
PFNp_e,vDeltaK,441,0.1,37,23,acetylcholine,0:115;45:40;90:70;135:39;180:67;225:27;270:75;315:8
FB4M,PFR_a,735,0.1,249,4,dopamine,0:102;45:81;90:46;135:105;180:91;225:122;270:96;315:92
PFNp_c,vDeltaK,344,0.1,57,40,acetylcholine,0:85;45:10;90:82;135:29;180:45;225:27;270:49;315:17
FB1H,PFNd,435,0.1,177,2,dopamine,0:36;45:51;90:64;135:59;180:48;225:83;270:50;315:44
FB2B_b,FC1D,440,0.1,338,4,glutamate,0:47;45:66;90:60;135:43;180:27;225:73;270:46;315:78
FB1C,PFNm_a,372,0.1,52,4,dopamine,0:81;45:46;90:57;135:23;180:78;225:17;270:47;315:23
PFNp_c,FC2C,503,0.1,299,40,acetylcholine,0:80;45:59;90:41;135:43;180:88;225:48;270:68;315:76
FB2K,PFL3,385,0.1,199,9,glutamate,0:59;45:23;90:58;135:33;180:88;225:24;270:79;315:21
FB4K,vDeltaK,424,0.1,59,4,glutamate,0:81;45:44;90:81;135:51;180:38;225:40;270:72;315:17
FB4B,hDeltaB,5373,0.09,148,2,glutamate,0:326;30:334;60:708;90:546;120:284;150:519;180:692;210:294;240:532;270:536;300:321;330:281
FB4N,hDeltaI,1640,0.09,189,2,glutamate,0:135;30:90;60:43;90:284;120:101;150:157;180:116;210:120;240:231;270:149;300:105;330:109
IbSpsP,PFNd,2215,0.09,124,31,acetylcholine,0:263;45:260;90:306;135:373;180:276;225:262;270:236;315:239
FB4C,hDeltaB,1135,0.09,115,2,glutamate,0:80;30:63;60:168;90:110;120:40;150:136;180:158;210:32;240:105;270:90;300:54;330:99
FB4M,hDeltaB,3391,0.09,146,4,dopamine,0:190;30:180;60:476;90:362;120:179;150:332;180:385;210:193;240:350;270:344;300:205;330:195
FB4H,vDeltaI_a,1059,0.09,29,2,glutamate,0:244;45:183;90:90;135:82;180:168;225:149;270:86;315:57
IbSpsP,PFNm_a,841,0.09,57,31,acetylcholine,0:198;45:110;90:98;135:44;180:217;225:39;270:79;315:56
FB7B,hDeltaE,565,0.09,235,2,unclear,0:57;45:69;90:56;135:63;180:84;225:82;270:81;315:73
FB5I,vDeltaF,1065,0.09,326,2,glutamate,0:316;45:81;90:93;135:69;180:192;225:139;270:108;315:67
FB4X,hDeltaJ,1651,0.09,135,2,glutamate,0:122;30:148;60:115;90:172;120:121;150:177;180:213;210:114;240:96;270:137;300:111;330:125
FB5AB,vDeltaD,720,0.09,120,2,acetylcholine,0:127;45:46;90:149;135:79;180:110;225:64;270:117;315:28
FB5W_a,FC2A,1539,0.09,343,6,glutamate,0:275;45:217;90:151;135:171;180:149;225:211;270:194;315:171
FB5G_a,PFL3,1176,0.09,196,4,glutamate,0:208;45:77;90:141;135:118;180:255;225:137;270:145;315:95
FB1E_a,hDeltaF,474,0.09,185,5,glutamate,0:65;60:68;120:94;180:81;240:95;300:71
Delta7,PFGs,1443,0.09,322,42,glutamate,0:288;45:122;90:168;135:126;180:224;225:121;270:212;315:182
Delta7,PFR_a,1109,0.09,225,42,glutamate,0:203;45:82;90:102;135:126;180:205;225:145;270:159;315:87
FB7E,hDeltaE,565,0.09,233,6,glutamate,0:83;45:57;90:50;135:63;180:91;225:89;270:71;315:61
FB3A,hDeltaB,883,0.09,144,4,glutamate,0:66;30:40;60:124;90:88;120:49;150:86;180:114;210:34;240:97;270:95;300:37;330:53
FB6O,vDeltaC,430,0.09,44,2,glutamate,0:133;45:22;90:61;135:44;180:72;225:42;270:39;315:17
FB4H,vDeltaM,852,0.09,197,2,glutamate,0:158;45:55;90:111;135:77;180:183;225:95;270:128;315:45
FB5G_b,PFL3,391,0.09,232,2,glutamate,0:70;45:20;90:55;135:32;180:75;225:40;270:69;315:30
FB4X,FC2A,435,0.09,80,2,glutamate,0:72;45:59;90:51;135:66;180:59;225:49;270:31;315:48
LPsP,PFR_b,331,0.09,96,2,acetylcholine,0:34;45:53;90:51;135:40;180:46;225:37;270:34;315:36
FB6V,FS2,502,0.09,31,2,glutamate,0:64;45:66;90:67;135:84;180:29;225:60;270:51;315:81
FB6R,hDeltaL,422,0.09,40,4,glutamate,0:46;30:37;60:26;90:40;120:33;150:39;180:45;210:38;270:25;300:40;330:53
FB6W,FR1,362,0.09,330,2,glutamate,0:69;45:27;90:45;135:43;180:41;225:38;270:46;315:53
FB4O,hDeltaH,475,0.09,106,6,glutamate,0:77;45:52;90:69;135:74;180:65;225:46;270:59;315:33
FB3C,FC3_a,1352,0.09,292,13,gaba,0:175;45:252;90:72;135:154;180:101;225:274;270:186;315:138
FB2F_a,vDeltaI_a,385,0.09,195,6,glutamate,0:55;45:40;90:52;135:31;180:71;225:60;270:52;315:24
FB1D,vDeltaA_b,689,0.09,264,5,glutamate,0:173;45:48;90:60;135:36;180:154;225:91;270:84;315:43
FB4P_a,PFR_a,606,0.09,193,4,glutamate,0:63;45:68;90:51;135:114;180:69;225:95;270:75;315:71
FB1A,vDeltaD,354,0.09,250,4,glutamate,0:50;45:19;90:55;135:33;180:51;225:42;270:62;315:42
FB2M_a,FC1D,485,0.09,10,4,glutamate,0:65;45:46;90:69;135:74;180:35;225:62;270:28;315:106
FB6A_b,hDeltaK,377,0.09,193,2,glutamate,0:44;30:10;60:22;90:36;120:33;150:31;180:45;210:36;240:43;270:13;300:31;330:33
FB5AA,FS2,374,0.09,31,2,glutamate,0:58;45:46;90:35;135:73;180:29;225:40;270:25;315:68
FB3C,FS2,947,0.09,65,13,gaba,0:138;45:136;90:115;135:163;180:67;225:140;270:72;315:116
FB1C,vDeltaL,337,0.09,201,4,dopamine,0:65;45:24;90:37;135:39;180:62;225:45;270:49;315:16
FB4C,PFNd,4366,0.08,163,2,glutamate,0:491;45:466;90:618;135:581;180:636;225:617;270:493;315:464
FB6G,hDeltaL,857,0.08,289,2,glutamate,0:78;30:71;60:50;90:50;120:68;150:71;180:58;210:132;270:102;300:79;330:98
FB2M_b,hDeltaM,545,0.08,357,2,glutamate,0:75;45:53;90:93;135:56;180:49;225:66;270:60;315:93
FB8E,hDeltaD,1256,0.08,45,5,glutamate,0:114;45:287;90:216;135:75;180:67;225:254;270:168;315:75
FB4X,hDeltaH,751,0.08,123,2,glutamate,0:60;45:117;90:110;135:89;180:110;225:97;270:72;315:96
FB5E,hDeltaH,539,0.08,334,2,glutamate,0:74;45:94;90:42;135:52;180:72;225:62;270:69;315:74
FB6C_a,hDeltaL,697,0.08,318,2,glutamate,0:71;30:48;60:55;90:39;120:46;150:60;180:47;210:105;270:67;300:57;330:102
FB7D_a,hDeltaE,676,0.08,255,4,glutamate,0:71;45:89;90:78;135:72;180:52;225:149;270:80;315:85
FB5G_a,hDeltaM,1112,0.08,351,4,glutamate,0:164;45:136;90:160;135:114;180:101;225:137;270:146;315:154
FB5AB,vDeltaE,1103,0.08,54,2,acetylcholine,0:281;45:64;90:183;135:131;180:167;225:60;270:175;315:42
FB6M,PFGs,1061,0.08,347,4,glutamate,0:219;45:102;90:130;135:118;180:110;225:138;270:120;315:124
ExR5,PFL3,1458,0.08,175,4,glutamate,0:204;45:117;90:218;135:163;180:277;225:132;270:232;315:115
FB4J,hDeltaI,758,0.08,194,2,glutamate,0:41;30:68;60:22;90:121;120:63;150:52;180:47;210:66;240:104;270:78;300:54;330:42
FB2G_b,hDeltaM,607,0.08,268,6,glutamate,0:62;45:65;90:75;135:68;180:65;225:86;270:95;315:91
FB6E,vDeltaC,919,0.08,15,2,glutamate,0:287;45:37;90:122;135:97;180:149;225:67;270:127;315:33
FB2B_b,PFL1,1123,0.08,206,4,glutamate,0:163;45:68;90:175;135:141;180:140;225:164;270:183;315:89
FB2F_a,FC2A,744,0.08,22,6,glutamate,0:164;45:79;90:88;135:97;180:83;225:82;270:83;315:68
FB4A_b,hDeltaJ,990,0.08,137,2,glutamate,0:63;30:65;60:121;90:75;120:65;150:117;180:126;210:63;240:57;270:86;300:77;330:75
FB2D,FC1D,1994,0.08,346,6,glutamate,0:232;45:242;90:290;135:238;180:160;225:225;270:273;315:334
FB5G_c,PFL3,692,0.08,196,2,glutamate,0:105;45:57;90:92;135:68;180:136;225:75;270:101;315:58
FB1G,FC2C,891,0.08,8,2,acetylcholine,0:155;45:110;90:127;135:82;180:108;225:95;270:117;315:97
FB8F_a,hDeltaD,539,0.08,325,7,glutamate,0:69;45:79;90:83;135:36;180:48;225:69;270:107;315:48
FB5J,hDeltaJ,672,0.08,160,2,glutamate,0:47;30:47;60:66;90:63;120:44;150:69;180:79;210:47;240:58;270:69;300:37;330:46
FB4K,PFGs,736,0.08,13,4,glutamate,0:159;45:77;90:86;135:91;180:84;225:85;270:77;315:77
FB7K,vDeltaB,948,0.08,23,4,glutamate,0:218;45:58;90:184;135:87;180:96;225:105;270:143;315:57
FB4E_c,PFR_b,393,0.08,138,2,glutamate,0:43;45:50;90:53;135:53;180:66;225:41;270:45;315:42
FB5D,FC2B,345,0.08,324,3,glutamate,0:35;45:50;90:38;135:42;180:29;225:48;270:41;315:62
FB5G_a,PFL2,460,0.08,260,4,glutamate,0:90;45:39;90:40;135:45;180:91;225:33;270:91;315:31
FB2M_b,PFL3,482,0.08,194,2,glutamate,0:73;45:29;90:77;135:48;180:87;225:53;270:73;315:42
FB5W_a,hDeltaA,475,0.08,161,6,glutamate,0:43;30:30;60:31;90:39;120:49;150:47;180:52;210:37;240:42;270:41;300:17;330:47
FB2F_a,FC1C_b,719,0.08,95,6,glutamate,0:135;45:72;90:89;135:125;180:76;225:110;270:40;315:72
EPG,PFNv,450,0.08,134,46,acetylcholine,0:63;45:34;90:99;135:30;180:92;225:25;270:82;315:25
FB2B_a,FR1,439,0.08,319,4,unclear,0:97;45:32;90:37;135:67;180:38;225:71;270:37;315:60
FB2F_a,FC1E,571,0.08,316,6,glutamate,0:92;45:62;90:85;135:54;180:48;225:63;270:126;315:41
PFNp_e,vDeltaM,707,0.08,208,23,acetylcholine,0:161;45:39;90:72;135:73;180:145;225:96;270:84;315:37
FB5D,PFL3,327,0.08,251,3,glutamate,0:47;45:25;90:35;135:38;180:58;225:26;270:55;315:43
FB4R,PFR_a,471,0.08,129,6,glutamate,0:40;45:88;90:37;135:94;180:35;225:85;270:41;315:51
PFNp_b,FC2A,1595,0.08,352,136,acetylcholine,0:275;45:230;90:125;135:217;180:168;225:206;270:161;315:213
FB1B,FC2C,304,0.08,171,4,glutamate,0:40;45:42;90:47;135:16;180:55;225:52;270:37;315:15
FB4M,vDeltaM,350,0.08,261,4,dopamine,0:64;45:37;90:35;135:28;180:51;225:61;270:47;315:27
LCNOpm,PFNm_a,2056,0.07,16,2,glutamate,0:494;45:199;90:282;135:121;180:417;225:126;270:293;315:124
FB8C,hDeltaD,1540,0.07,7,4,glutamate,0:184;45:305;90:195;135:132;180:117;225:260;270:212;315:135
FB6D,hDeltaC,1716,0.07,157,2,glutamate,0:116;30:66;60:185;90:168;120:94;150:187;180:211;210:114;240:152;270:136;300:63;330:224
FB7K,hDeltaE,1585,0.07,315,4,glutamate,0:223;45:232;90:148;135:155;180:208;225:196;270:214;315:209
FB6W,hDeltaG,916,0.07,288,2,glutamate,0:122;45:103;90:111;135:95;180:103;225:126;270:137;315:119
FB5K,vDeltaI_a,1461,0.07,305,2,glutamate,0:330;45:152;90:149;135:90;180:257;225:173;270:218;315:92
FB4X,hDeltaM,712,0.07,294,2,glutamate,0:82;45:108;90:59;135:78;180:90;225:97;270:91;315:107
Delta7,PFNd,4470,0.07,134,42,glutamate,0:536;45:488;90:607;135:681;180:623;225:537;270:445;315:553
FB6C_b,hDeltaC,2032,0.07,192,6,glutamate,0:189;30:86;60:153;90:219;120:79;150:246;180:225;210:148;240:203;270:182;300:91;330:211
FB7L,hDeltaE,1366,0.07,307,6,glutamate,0:171;45:197;90:144;135:140;180:152;225:174;270:215;315:173
FB5G_c,hDeltaM,557,0.07,3,2,glutamate,0:73;45:70;90:85;135:59;180:55;225:62;270:76;315:77
FB7A,hDeltaF,580,0.07,296,6,glutamate,0:95;60:116;120:65;180:80;240:134;300:90
FB6O,vDeltaE,660,0.07,20,2,glutamate,0:165;45:45;90:57;135:120;180:86;225:38;270:89;315:60
FB5F,hDeltaM,425,0.07,3,2,glutamate,0:70;45:54;90:48;135:56;180:46;225:40;270:59;315:52
FB7H,vDeltaC,1173,0.07,226,2,glutamate,0:288;45:34;90:143;135:106;180:255;225:103;270:199;315:45
FB4D_b,hDeltaJ,1107,0.07,178,2,glutamate,0:95;30:59;60:92;90:92;120:62;150:144;180:127;210:83;240:78;270:101;300:75;330:99
FB5H,vDeltaI_a,763,0.07,18,2,dopamine,0:180;45:111;90:72;135:60;180:125;225:94;270:81;315:40
FB5W_a,hDeltaM,717,0.07,312,6,glutamate,0:86;45:100;90:76;135:75;180:84;225:95;270:89;315:112
FB2B_a,FC1F,844,0.07,12,4,unclear,0:54;45:198;90:83;135:84;180:81;225:121;270:91;315:132
FB6C_b,PFGs,1597,0.07,351,6,glutamate,0:285;45:201;90:151;135:218;180:152;225:227;270:160;315:203
FB4P_c,PFL3,772,0.07,182,2,glutamate,0:93;45:49;90:127;135:96;180:132;225:64;270:125;315:86
FB2B_a,FC1B,1269,0.07,13,4,unclear,0:188;45:203;90:117;135:183;180:105;225:182;270:121;315:170
FB6H,hDeltaF,311,0.07,22,2,unclear,0:39;60:77;120:45;180:38;240:52;300:60
FB6D,hDeltaL,370,0.07,114,2,glutamate,0:39;30:26;60:13;90:27;120:44;150:56;180:30;210:33;270:25;300:42;330:35
FB2F_b,FC2B,1135,0.07,19,3,glutamate,0:144;45:136;90:157;135:172;180:81;225:138;270:111;315:196
FB8H,hDeltaE,391,0.07,345,6,glutamate,0:66;45:43;90:44;135:49;180:45;225:42;270:48;315:54
FB5D,PFR_b,525,0.07,149,3,glutamate,0:27;45:75;90:77;135:65;180:85;225:53;270:63;315:80
FB1G,hDeltaK,701,0.07,98,2,acetylcholine,0:67;30:59;60:56;90:84;120:50;150:60;180:79;210:34;240:66;270:59;300:28;330:59
FB5A,PFL2,757,0.07,210,4,gaba,0:123;45:57;90:95;135:77;180:158;225:50;270:140;315:57
FB4O,hDeltaI,967,0.07,169,6,glutamate,0:84;30:81;60:29;90:114;120:78;150:113;180:79;210:80;240:100;270:64;300:74;330:71
FB4J,hDeltaJ,606,0.07,131,2,glutamate,0:43;30:58;60:41;90:53;120:41;150:96;180:54;210:37;240:34;270:54;300:50;330:45
FB2M_b,PFL2,334,0.07,258,2,glutamate,0:64;45:16;90:49;135:21;180:64;225:37;270:48;315:35
FB5V_c,hDeltaA,703,0.07,266,5,glutamate,0:51;30:64;60:62;90:52;120:32;150:61;180:59;210:55;240:82;270:76;300:51;330:58
PFNp_a,PFL2,1081,0.07,216,64,acetylcholine,0:198;45:75;90:113;135:130;180:203;225:113;270:164;315:85
FB4E_a,PFR_b,732,0.07,113,5,glutamate,0:46;45:117;90:104;135:109;180:85;225:90;270:74;315:107
FB5C,FC2B,627,0.07,315,3,glutamate,0:101;45:72;90:59;135:88;180:57;225:86;270:83;315:81
PFNp_c,FC2B,561,0.07,52,40,acetylcholine,0:54;45:72;90:81;135:85;180:63;225:48;270:49;315:109
FB1J,vDeltaA_b,562,0.07,167,2,glutamate,0:146;45:29;90:73;135:46;180:122;225:82;270:50;315:14
FB2B_b,FC1C_b,749,0.07,60,4,glutamate,0:144;45:64;90:97;135:119;180:86;225:90;270:51;315:98
FB4K,hDeltaJ,1030,0.07,136,4,glutamate,0:54;30:91;60:96;90:103;120:86;150:108;180:102;210:57;240:85;270:105;300:79;330:64
FB8F_b,hDeltaD,415,0.07,290,9,glutamate,0:72;45:38;90:29;135:60;180:60;225:46;270:46;315:64
FB4F_a,PFL3,584,0.07,203,4,glutamate,0:77;45:49;90:61;135:91;180:91;225:62;270:81;315:72
FB8G,FS4A,406,0.07,12,6,glutamate,0:68;45:57;90:39;135:43;180:69;225:32;270:41;315:57
FB4X,PFL3,301,0.07,222,2,glutamate,0:58;45:26;90:26;135:30;180:68;225:25;270:47;315:21
FB2B_a,FC1D,566,0.07,34,4,unclear,0:61;45:80;90:83;135:77;180:50;225:60;270:64;315:91
FB3C,FC3_b,1031,0.07,284,13,gaba,0:88;45:104;90:178;135:112;180:31;225:221;270:124;315:173
PFNp_a,vDeltaM,1034,0.07,252,64,acetylcholine,0:184;45:89;90:95;135:130;180:138;225:164;270:126;315:108
FB3C,PFR_b,666,0.07,343,13,gaba,0:108;45:72;90:79;135:75;180:83;225:70;270:74;315:105
FB4Y,PFL2,327,0.07,162,4,serotonin,0:65;45:25;90:42;135:36;180:67;225:33;270:44;315:15
FB4Y,vDeltaI_a,378,0.07,36,4,serotonin,0:87;45:58;90:39;135:30;180:59;225:51;270:41;315:13
FB3C,PFGs,651,0.07,23,13,gaba,0:128;45:78;90:74;135:86;180:66;225:90;270:59;315:70
FB5V_a,hDeltaK,645,0.07,159,6,glutamate,0:58;30:48;60:40;90:52;120:53;150:74;180:66;210:59;240:54;270:44;300:25;330:72
PFNp_b,FC2B,838,0.07,16,136,acetylcholine,0:88;45:126;90:80;135:152;180:48;225:119;270:61;315:164
FB4Y,vDeltaM,362,0.07,261,4,serotonin,0:65;45:24;90:47;135:37;180:47;225:54;270:52;315:36
PFNp_b,FC2C,383,0.07,281,136,acetylcholine,0:62;45:62;90:24;135:45;180:33;225:79;270:50;315:28
FB6F,hDeltaL,2764,0.06,48,2,glutamate,0:276;30:243;60:217;90:208;120:242;150:258;180:275;210:270;270:249;300:222;330:304
FB6Z,hDeltaL,1249,0.06,334,2,glutamate,0:129;30:106;60:82;90:77;120:89;150:112;180:112;210:161;270:118;300:94;330:169
Delta7,PFL2,3269,0.06,349,42,glutamate,0:646;45:292;90:480;135:248;180:524;225:264;270:478;315:337
FB5Q,hDeltaM,1256,0.06,327,4,glutamate,0:165;45:161;90:144;135:155;180:129;225:151;270:173;315:178
FB7I,hDeltaL,2130,0.06,54,5,glutamate,0:230;30:161;60:174;90:139;120:210;150:213;180:203;210:207;270:186;300:179;330:228
FB6A_a,hDeltaC,1468,0.06,211,2,glutamate,0:125;30:61;60:120;90:128;120:80;150:186;180:143;210:86;240:147;270:155;300:66;330:171
FB6F,hDeltaF,584,0.06,345,2,glutamate,0:106;60:121;120:79;180:68;240:132;300:78
FB4F_a,hDeltaI,1536,0.06,212,4,glutamate,0:113;30:122;60:62;90:201;120:135;150:122;180:91;210:111;240:212;270:166;300:108;330:93
FB6C_b,hDeltaG,590,0.06,204,6,glutamate,0:87;45:59;90:62;135:93;180:45;225:138;270:42;315:64
FB4K,hDeltaH,943,0.06,12,4,glutamate,0:160;45:123;90:128;135:90;180:115;225:112;270:120;315:95
FB2G_b,hDeltaI,1856,0.06,220,6,glutamate,0:126;30:121;60:54;90:305;120:141;150:125;180:102;210:168;240:253;270:151;300:169;330:141
FB6O,vDeltaD,1113,0.06,176,2,glutamate,0:214;45:57;90:169;135:135;180:194;225:102;270:191;315:51
FB1G,hDeltaJ,1122,0.06,183,2,acetylcholine,0:106;30:70;60:93;90:96;120:64;150:112;180:133;210:105;240:90;270:95;300:59;330:99
FB6G,hDeltaC,597,0.06,130,2,glutamate,0:65;30:39;60:40;90:51;120:23;150:109;180:56;210:34;240:47;270:37;300:27;330:69
FB4P_b,hDeltaI,649,0.06,222,3,glutamate,0:41;30:53;60:20;90:65;120:49;150:70;180:63;210:43;240:62;270:60;300:46;330:77
FB5A,hDeltaG,759,0.06,145,4,gaba,0:91;45:91;90:95;135:113;180:96;225:113;270:70;315:90
FB4D_a,hDeltaJ,1228,0.06,130,2,glutamate,0:97;30:90;60:115;90:115;120:100;150:123;180:134;210:85;240:74;270:118;300:96;330:81
FB4N,FC2B,661,0.06,351,2,glutamate,0:94;45:76;90:80;135:92;180:57;225:87;270:67;315:108
FB6V,FR1,372,0.06,341,2,glutamate,0:84;45:31;90:39;135:50;180:44;225:41;270:52;315:31
FB5Q,PFL3,1300,0.06,255,4,glutamate,0:242;45:98;90:132;135:142;180:232;225:125;270:204;315:125
FB4Y,hDeltaI,937,0.06,249,4,serotonin,0:75;30:58;60:40;90:125;120:50;150:86;180:57;210:88;240:103;270:89;300:71;330:95
FB6Y,hDeltaL,346,0.06,37,2,glutamate,0:43;30:22;60:30;90:22;120:25;150:36;180:46;210:23;270:32;300:27;330:40
FB1G,vDeltaA_a,644,0.06,27,2,acetylcholine,0:170;45:37;90:80;135:74;180:114;225:45;270:71;315:53
FB2F_d,hDeltaC,951,0.06,22,4,glutamate,0:99;30:53;60:108;90:106;120:41;150:79;180:92;210:48;240:83;270:76;300:67;330:99
FB2F_a,vDeltaG,913,0.06,251,6,glutamate,0:206;45:49;90:87;135:140;180:105;225:127;270:150;315:49
FB2F_a,hDeltaC,1493,0.06,254,6,glutamate,0:159;30:57;60:85;90:155;120:74;150:184;180:122;210:99;240:126;270:171;300:89;330:172
FB7H,vDeltaD,621,0.06,240,2,glutamate,0:123;45:32;90:72;135:81;180:105;225:45;270:119;315:44
FB2D,FC3_b,456,0.06,174,6,glutamate,0:37;45:22;90:139;135:22;180:23;225:106;270:57;315:50
FB5O,PFR_b,371,0.06,153,2,glutamate,0:33;45:40;90:55;135:52;180:53;225:42;270:42;315:54
LPsP,PFL3,395,0.06,164,2,acetylcholine,0:71;45:42;90:54;135:16;180:111;225:23;270:58;315:20
FB4P_b,PFR_a,895,0.06,122,3,glutamate,0:123;45:118;90:97;135:148;180:106;225:133;270:75;315:95
FB5X,FC2A,1179,0.06,13,6,glutamate,0:213;45:141;90:131;135:155;180:137;225:130;270:131;315:141
FB4O,hDeltaA,385,0.06,289,6,glutamate,0:32;30:22;60:29;90:31;120:42;150:15;180:37;210:35;240:23;270:37;300:45;330:37
FB4R,hDeltaI,301,0.06,279,6,glutamate,0:31;30:21;60:17;90:30;120:33;150:9;180:22;210:26;240:35;270:28;300:30;330:19
FB5Y_b,hDeltaC,373,0.06,322,2,glutamate,0:42;30:9;60:36;90:43;120:16;150:26;180:43;210:12;240:36;270:39;300:23;330:48
ExR5,PFR_a,591,0.06,199,4,glutamate,0:97;45:64;90:56;135:82;180:81;225:95;270:75;315:41
FB2E,FC1C_b,329,0.06,238,4,glutamate,0:61;45:21;90:29;135:51;180:44;225:48;270:37;315:38
FB4Q_c,PFL3,347,0.06,209,3,glutamate,0:58;45:19;90:57;135:27;180:67;225:36;270:50;315:33
FB2G_b,FS1A_c,313,0.06,36,6,glutamate,0:41;45:26;90:66;135:22;180:48;225:23;270:35;315:52
FB4M,PFR_b,407,0.06,218,4,dopamine,0:41;45:44;90:48;135:62;180:39;225:66;270:53;315:54
FB6A_c,hDeltaF,1063,0.05,50,2,glutamate,0:162;60:257;120:147;180:140;240:221;300:136
FB6U,hDeltaL,1880,0.05,109,4,glutamate,0:193;30:156;60:129;90:111;120:201;150:176;180:208;210:229;270:141;300:148;330:188
FB2M_a,hDeltaM,1540,0.05,331,4,glutamate,0:194;45:202;90:202;135:159;180:168;225:197;270:205;315:213
FB6V,hDeltaG,666,0.05,249,2,glutamate,0:94;45:72;90:72;135:83;180:79;225:105;270:83;315:78
FB6C_b,hDeltaL,2367,0.05,60,6,glutamate,0:188;30:290;60:116;90:170;120:242;150:226;180:220;210:264;270:171;300:227;330:253
FB5C,hDeltaG,1018,0.05,138,3,glutamate,0:133;45:127;90:128;135:134;180:147;225:132;270:110;315:107
FB5I,PFR_a,1499,0.05,216,2,glutamate,0:255;45:147;90:170;135:168;180:227;225:217;270:197;315:118
FB8H,hDeltaD,1859,0.05,348,6,glutamate,0:232;45:281;90:209;135:200;180:205;225:266;270:179;315:287
FB7J,hDeltaE,1237,0.05,159,4,glutamate,0:148;45:161;90:156;135:161;180:166;225:177;270:153;315:115
FB4P_c,hDeltaA,789,0.05,118,2,glutamate,0:68;30:58;60:50;90:91;120:74;150:72;180:57;210:76;240:54;270:63;300:55;330:71
ExR3,hDeltaK,2092,0.05,311,2,serotonin,0:231;30:166;60:148;90:172;120:137;150:145;180:221;210:131;240:192;270:190;300:164;330:195
FB5A,FC2A,1954,0.05,12,4,gaba,0:385;45:224;90:192;135:252;180:268;225:217;270:214;315:202
FB2F_b,hDeltaH,736,0.05,208,3,glutamate,0:85;45:90;90:81;135:98;180:88;225:123;270:85;315:86
FB6A_b,hDeltaC,1164,0.05,259,2,glutamate,0:130;30:43;60:107;90:93;120:56;150:120;180:123;210:56;240:132;270:119;300:66;330:119
FB5E,hDeltaA,432,0.05,300,2,glutamate,0:50;30:16;60:40;90:44;120:22;150:34;180:48;210:18;240:34;270:50;300:46;330:30
ExR5,PFL1,915,0.05,227,4,glutamate,0:127;45:73;90:137;135:88;180:147;225:98;270:151;315:94
EPG,PFL3,1182,0.05,41,46,acetylcholine,0:243;45:125;90:154;135:93;180:242;225:80;270:134;315:111
FB9C,hDeltaD,814,0.05,116,8,glutamate,0:76;45:114;90:127;135:94;180:96;225:121;270:80;315:106
FB6K,hDeltaL,955,0.05,92,4,glutamate,0:93;30:86;60:62;90:69;120:92;150:93;180:107;210:99;270:78;300:90;330:86
FB5M,hDeltaI,581,0.05,202,2,glutamate,0:42;30:46;60:22;90:83;120:35;150:61;180:34;210:47;240:71;270:51;300:44;330:45
FB6G,vDeltaD,689,0.05,246,2,glutamate,0:146;45:41;90:92;135:64;180:120;225:63;270:134;315:29
FB4G,vDeltaL,1221,0.05,208,2,glutamate,0:244;45:92;90:116;135:171;180:208;225:126;270:189;315:75
FB5A,PFL3,1763,0.05,212,4,gaba,0:304;45:154;90:209;135:166;180:363;225:151;270:276;315:140
FB4K,PFR_a,1836,0.05,265,4,glutamate,0:254;45:212;90:150;135:280;180:193;225:285;270:206;315:256
FB2M_a,hDeltaA,445,0.05,294,4,glutamate,0:50;30:27;60:35;90:27;120:41;150:23;180:47;210:42;240:34;270:39;300:27;330:53
FB5AB,vDeltaI_a,489,0.05,293,2,acetylcholine,0:111;45:55;90:51;135:26;180:86;225:72;270:66;315:22
FB4P_c,hDeltaI,472,0.05,137,2,glutamate,0:34;30:35;60:32;90:56;120:37;150:52;180:34;210:42;240:33;270:45;300:30;330:42
FB4Z_b,hDeltaA,349,0.05,166,3,glutamate,0:35;30:22;60:34;90:30;120:34;150:20;180:40;210:20;240:46;270:31;300:17;330:20
FB5M,hDeltaA,422,0.05,208,2,glutamate,0:35;30:30;60:26;90:37;120:26;150:50;180:37;210:39;240:36;270:29;300:36;330:41
FB6U,FC2B,451,0.05,12,4,glutamate,0:55;45:51;90:50;135:76;180:39;225:59;270:26;315:95
FB4F_a,PFL2,552,0.05,178,4,glutamate,0:78;45:51;90:78;135:66;180:83;225:69;270:72;315:55
FB5X,PFL3,1429,0.05,272,6,glutamate,0:275;45:153;90:120;135:143;180:277;225:113;270:239;315:109
SAF,vDeltaA_a,1153,0.05,238,8,glutamate,0:256;45:83;90:148;135:100;180:164;225:209;270:140;315:53
FB5X,hDeltaM,480,0.05,350,6,glutamate,0:75;45:70;90:41;135:61;180:59;225:60;270:51;315:63
FB4P_c,PFR_a,752,0.05,210,2,glutamate,0:114;45:77;90:66;135:119;180:97;225:109;270:89;315:81
FB2F_b,hDeltaC,461,0.05,218,3,glutamate,0:45;30:30;60:24;90:42;120:28;150:46;180:43;210:48;240:46;270:36;300:10;330:63
FB5W_a,hDeltaI,802,0.05,243,6,glutamate,0:59;30:95;60:25;90:88;120:28;150:97;180:78;210:45;240:72;270:98;300:57;330:60
PFNp_c,hDeltaC,570,0.05,274,40,acetylcholine,0:56;30:27;60:36;90:34;120:48;150:71;180:59;210:20;240:38;270:59;300:55;330:67
FB4Y,vDeltaK,1376,0.05,3,4,serotonin,0:343;45:94;90:182;135:130;180:234;225:105;270:200;315:88
FB6H,hDeltaC,318,0.05,236,2,unclear,0:39;30:13;60:21;90:24;120:10;150:44;180:41;210:16;240:27;270:28;300:16;330:39
FB2F_d,vDeltaE,337,0.05,87,4,glutamate,0:70;45:11;90:73;135:37;180:36;225:43;270:45;315:22
FB5D,PFR_a,404,0.05,191,3,glutamate,0:57;45:45;90:37;135:54;180:73;225:44;270:45;315:49
FB7B,vDeltaB,429,0.05,65,2,unclear,0:98;45:30;90:71;135:38;180:70;225:47;270:47;315:28
FB5M,PFL3,446,0.05,339,2,glutamate,0:70;45:47;90:68;135:40;180:62;225:30;270:87;315:42
FB4F_c,PFL3,1133,0.05,275,6,glutamate,0:184;45:104;90:145;135:117;180:158;225:118;270:206;315:101
FB4K,hDeltaB,398,0.05,161,4,glutamate,0:12;30:36;60:44;90:31;120:21;150:55;180:35;210:24;240:37;270:27;300:47;330:29
FB4Q_c,PFR_a,406,0.05,219,3,glutamate,0:64;45:53;90:18;135:63;180:62;225:65;270:29;315:52
FB2A,FC1B,561,0.05,338,4,dopamine,0:55;45:76;90:67;135:77;180:48;225:76;270:59;315:103
FB5N,PFL3,547,0.05,263,4,glutamate,0:112;45:49;90:49;135:56;180:110;225:39;270:93;315:39
PFNp_c,FC2A,457,0.05,330,40,acetylcholine,0:76;45:48;90:61;135:41;180:67;225:46;270:65;315:53
PFNp_d,PFL3,552,0.05,319,28,acetylcholine,0:100;45:10;90:108;135:51;180:76;225:45;270:80;315:82
PFNp_c,vDeltaE,497,0.05,126,40,acetylcholine,0:80;45:19;90:98;135:78;180:63;225:10;270:123;315:26
FB4M,hDeltaI,380,0.05,233,4,dopamine,0:35;30:28;60:21;90:45;120:37;150:21;180:22;210:30;240:55;270:38;300:31;330:17
FB5A,FC3_a,429,0.05,268,4,gaba,0:47;45:79;90:24;135:47;180:64;225:59;270:59;315:50
PFNa,PFNa,357,0.05,313,58,acetylcholine,0:85;90:59;135:49;180:38;225:33;270:60;315:33
FB1A,vDeltaC,441,0.05,195,4,glutamate,0:125;45:9;90:47;135:48;180:99;225:48;270:44;315:21
FB2K,PFL2,300,0.05,175,9,glutamate,0:44;45:28;90:39;135:30;180:64;225:24;270:39;315:32
LNO2,PFNd,9610,0.04,181,2,glutamate,0:1088;45:1102;90:1315;135:1169;180:1241;225:1433;270:1075;315:1187
FB6A_a,hDeltaF,3787,0.04,106,2,glutamate,0:465;60:973;120:502;180:537;240:860;300:450
FB6D,hDeltaF,2047,0.04,96,2,glutamate,0:274;60:517;120:259;180:315;240:437;300:245
FB6C_b,hDeltaF,2989,0.04,351,6,glutamate,0:378;60:783;120:344;180:334;240:707;300:443
FB6G,hDeltaF,1513,0.04,301,2,glutamate,0:187;60:375;120:173;180:170;240:391;300:217
FB8G,hDeltaE,3349,0.04,309,6,glutamate,0:398;45:477;90:407;135:368;180:308;225:526;270:450;315:415
LNO1,PFNd,2982,0.04,292,4,gaba,0:373;45:363;90:369;135:325;180:358;225:405;270:384;315:405
FB6E,hDeltaC,1602,0.04,48,2,glutamate,0:230;30:82;60:133;90:166;120:49;150:222;180:161;210:61;240:119;270:158;300:60;330:161
FB6N,vDeltaE,1173,0.04,109,2,glutamate,0:261;45:73;90:187;135:132;180:193;225:103;270:181;315:43
Delta7,PFNa,7088,0.04,108,42,glutamate,0:1639;45:369;90:1072;135:972;180:944;225:887;270:831;315:374
FB7L,hDeltaF,1721,0.04,246,6,glutamate,0:235;60:361;120:211;180:275;240:380;300:259
FB4F_c,hDeltaI,3538,0.04,238,6,glutamate,0:261;30:254;60:195;90:483;120:222;150:305;180:208;210:256;240:449;270:362;300:262;330:281
FB5O,hDeltaG,481,0.04,330,2,glutamate,0:64;45:58;90:50;135:71;180:46;225:65;270:51;315:76
FB6P,hDeltaC,1399,0.04,123,2,glutamate,0:163;30:70;60:132;90:127;120:63;150:166;180:179;210:69;240:127;270:99;300:55;330:149
FB5O,hDeltaH,480,0.04,84,2,glutamate,0:67;45:82;90:55;135:53;180:60;225:72;270:55;315:36
FB2D,FC1A,2789,0.04,320,6,glutamate,0:457;45:276;90:335;135:337;180:325;225:358;270:337;315:364
FB2D,FC1F,2248,0.04,270,6,glutamate,0:138;45:421;90:262;135:186;180:273;225:353;270:307;315:308
FB4C,PFR_a,1184,0.04,255,2,glutamate,0:187;45:120;90:121;135:164;180:137;225:173;270:153;315:129
FB5D,hDeltaH,704,0.04,352,3,glutamate,0:92;45:103;90:93;135:65;180:78;225:109;270:76;315:88
FB4E_c,hDeltaI,800,0.04,238,2,glutamate,0:81;30:50;60:40;90:90;120:62;150:70;180:54;210:49;240:121;270:70;300:31;330:82
FB4N,FC2A,579,0.04,215,2,glutamate,0:105;45:53;90:51;135:82;180:94;225:66;270:73;315:55
FB5K,hDeltaH,395,0.04,16,2,glutamate,0:54;45:67;90:34;135:45;180:53;225:58;270:30;315:54
FB6J,hDeltaL,1259,0.04,37,5,glutamate,0:103;30:113;60:106;90:100;120:118;150:94;180:106;210:153;270:123;300:136;330:107
FB4G,hDeltaI,591,0.04,229,2,glutamate,0:41;30:49;60:33;90:63;120:62;150:34;180:41;210:47;240:70;270:65;300:37;330:49
FB7G,hDeltaL,793,0.04,162,4,glutamate,0:62;30:63;60:67;90:44;120:62;150:86;180:91;210:97;270:83;300:54;330:84
FB1G,FC1B,872,0.04,307,2,acetylcholine,0:105;45:111;90:91;135:127;180:79;225:116;270:117;315:126
FB7C,hDeltaE,869,0.04,161,5,glutamate,0:100;45:121;90:111;135:93;180:128;225:128;270:94;315:94
FB1H,hDeltaJ,1184,0.04,142,2,dopamine,0:91;30:81;60:115;90:97;120:88;150:126;180:129;210:73;240:78;270:113;300:98;330:95
FB5O,FR1,413,0.04,60,2,glutamate,0:73;45:47;90:52;135:50;180:55;225:57;270:32;315:47
FB7M,hDeltaE,361,0.04,162,2,glutamate,0:44;45:42;90:41;135:52;180:54;225:42;270:41;315:45
ExR5,PFL2,668,0.04,220,4,glutamate,0:105;45:59;90:97;135:53;180:132;225:47;270:125;315:50
FB9A,hDeltaD,596,0.04,1,6,glutamate,0:89;45:56;90:71;135:81;180:87;225:48;270:60;315:104
FB2H_b,hDeltaC,646,0.04,284,2,glutamate,0:55;30:29;60:59;90:75;120:23;150:64;180:60;210:30;240:69;270:68;300:42;330:72
FB5AA,FR1,497,0.04,67,2,glutamate,0:112;45:43;90:51;135:72;180:71;225:65;270:37;315:46
FB7C,hDeltaF,468,0.04,233,5,glutamate,0:63;60:94;120:65;180:68;240:111;300:67
FB4P_b,PFL3,1030,0.04,115,3,glutamate,0:137;45:114;90:150;135:119;180:175;225:72;270:154;315:109
FB1G,PFR_b,498,0.04,258,2,acetylcholine,0:62;45:61;90:48;135:58;180:72;225:72;270:48;315:77
ExR5,FC3_b,535,0.04,266,4,glutamate,0:48;45:42;90:111;135:60;180:22;225:89;270:95;315:68
FB4P_b,PFL2,379,0.04,257,3,glutamate,0:69;45:39;90:38;135:37;180:63;225:55;270:38;315:40
FB4D_c,hDeltaI,448,0.04,134,2,glutamate,0:31;30:37;60:22;90:74;120:33;150:32;180:20;210:46;240:60;270:24;300:30;330:39
FB5A,hDeltaL,469,0.04,337,4,gaba,0:51;30:43;60:20;90:21;120:49;150:42;180:52;210:50;270:34;300:49;330:58
FB4X,PFR_a,635,0.04,201,2,glutamate,0:90;45:78;90:58;135:89;180:84;225:102;270:60;315:74
FB5B,hDeltaC,961,0.04,174,6,glutamate,0:92;30:48;60:96;90:90;120:52;150:99;180:101;210:72;240:84;270:90;300:56;330:81
FB5C,FS2,440,0.04,121,3,glutamate,0:61;45:65;90:43;135:65;180:60;225:49;270:61;315:36
FB6D,hDeltaK,549,0.04,245,2,glutamate,0:52;30:33;60:32;90:53;120:38;150:56;180:42;210:40;240:63;270:47;300:31;330:62
FB5B,PFGs,487,0.04,356,6,glutamate,0:76;45:58;90:51;135:70;180:52;225:62;270:53;315:65
FB5W_a,PFL3,344,0.04,170,6,glutamate,0:59;45:37;90:37;135:40;180:68;225:26;270:55;315:22
FB4F_a,vDeltaM,302,0.04,266,4,glutamate,0:49;45:32;90:33;135:35;180:42;225:37;270:45;315:29
FB4P_b,hDeltaA,2833,0.03,44,3,glutamate,0:257;30:247;60:194;90:299;120:231;150:198;180:230;210:286;240:197;270:203;300:207;330:284
FB6F,hDeltaG,1096,0.03,190,2,glutamate,0:122;45:154;90:146;135:120;180:121;225:189;270:133;315:111
Delta7,PFL3,5617,0.03,38,42,glutamate,0:1054;45:599;90:774;135:445;180:1076;225:414;270:768;315:487
FB4Q_a,hDeltaA,1443,0.03,278,2,glutamate,0:130;30:93;60:105;90:130;120:111;150:120;180:114;210:140;240:112;270:122;300:103;330:163
ExR3,PFGs,1823,0.03,24,2,serotonin,0:339;45:177;90:254;135:233;180:169;225:277;270:206;315:168
FB5AA,hDeltaG,937,0.03,65,2,glutamate,0:113;45:134;90:115;135:119;180:117;225:111;270:112;315:116
IbSpsP,PFNa,3029,0.03,33,31,acetylcholine,0:764;45:154;90:480;135:307;180:426;225:349;270:416;315:133
FB7I,hDeltaE,919,0.03,129,5,glutamate,0:114;45:128;90:125;135:105;180:113;225:144;270:99;315:91
FB8A,hDeltaD,653,0.03,24,2,glutamate,0:100;45:78;90:73;135:97;180:66;225:88;270:64;315:87
FB4H,vDeltaK,2935,0.03,170,2,glutamate,0:650;45:184;90:409;135:278;180:596;225:226;270:479;315:113
FB2F_d,hDeltaG,880,0.03,35,4,glutamate,0:129;45:99;90:128;135:105;180:98;225:114;270:96;315:111
FB4B,PFNd,988,0.03,171,2,glutamate,0:136;45:126;90:91;135:143;180:150;225:117;270:117;315:108
FB5S,hDeltaG,1827,0.03,303,9,glutamate,0:273;45:256;90:176;135:197;180:239;225:271;270:206;315:209
FB6A_c,hDeltaK,1149,0.03,138,2,glutamate,0:120;30:70;60:62;90:132;120:84;150:125;180:106;210:68;240:102;270:97;300:70;330:113
FB7D_b,hDeltaL,913,0.03,53,4,glutamate,0:104;30:71;60:83;90:50;120:79;150:83;180:81;210:125;270:83;300:68;330:86
FB6E,vDeltaD,1169,0.03,214,2,glutamate,0:237;45:57;90:176;135:138;180:181;225:101;270:211;315:68
FB5P,hDeltaH,730,0.03,320,4,glutamate,0:101;45:89;90:82;135:78;180:105;225:95;270:67;315:113
FB5S,hDeltaH,634,0.03,338,9,glutamate,0:98;45:94;90:49;135:69;180:100;225:91;270:42;315:91
FB5X,hDeltaA,1647,0.03,163,6,glutamate,0:158;30:126;60:90;90:166;120:145;150:137;180:187;210:94;240:158;270:117;300:142;330:127
FB7D_a,hDeltaL,654,0.03,125,4,glutamate,0:39;30:68;60:65;90:32;120:48;150:77;180:52;210:96;270:59;300:52;330:66
FB4M,hDeltaA,1098,0.03,95,4,dopamine,0:76;30:115;60:96;90:74;120:114;150:84;180:92;210:104;240:88;270:61;300:105;330:89
FB4E_b,hDeltaI,1030,0.03,274,4,glutamate,0:81;30:111;60:50;90:138;120:74;150:52;180:66;210:82;240:143;270:90;300:91;330:52
FB1G,FC3_c,579,0.03,102,2,acetylcholine,0:88;45:54;90:51;135:120;180:66;225:62;270:47;315:91
FB4P_a,PFR_b,963,0.03,102,4,glutamate,0:83;45:152;90:129;135:118;180:114;225:125;270:115;315:127
FB1I,vDeltaC,612,0.03,247,2,glutamate,0:163;45:27;90:83;135:44;180:121;225:63;270:102;315:9
FB8B,hDeltaE,414,0.03,0,4,glutamate,0:55;45:55;90:45;135:56;180:47;225:52;270:45;315:59
FB1E_a,hDeltaC,885,0.03,234,5,glutamate,0:73;30:41;60:82;90:90;120:63;150:72;180:91;210:32;240:103;270:105;300:41;330:92
FB6R,hDeltaG,501,0.03,164,4,glutamate,0:68;45:62;90:61;135:59;180:71;225:72;270:53;315:55
FB5C,FR1,801,0.03,151,3,glutamate,0:138;45:74;90:104;135:104;180:104;225:126;270:74;315:77
FB6J,hDeltaG,477,0.03,134,5,glutamate,0:42;45:82;90:60;135:56;180:49;225:86;270:47;315:55
FB4O,PFL3,1195,0.03,225,6,glutamate,0:181;45:112;90:149;135:128;180:222;225:80;270:207;315:116
PFNp_a,PFL3,1946,0.03,199,64,acetylcholine,0:336;45:128;90:305;135:200;180:311;225:208;270:289;315:169
FB5A,hDeltaC,692,0.03,99,4,gaba,0:80;30:42;60:49;90:78;120:30;150:79;180:85;210:28;240:58;270:63;300:25;330:75
FB4O,PFR_a,1722,0.03,210,6,glutamate,0:239;45:212;90:145;135:263;180:226;225:236;270:205;315:196
PFNp_a,vDeltaL,1244,0.03,181,64,acetylcholine,0:269;45:117;90:124;135:154;180:196;225:176;270:154;315:54
FB5Y_a,hDeltaC,328,0.03,327,2,glutamate,0:35;30:16;60:35;90:40;120:8;150:20;180:44;210:15;240:33;270:34;300:16;330:32
FB2L,vDeltaE,405,0.03,68,4,glutamate,0:90;45:14;90:69;135:49;180:61;225:32;270:58;315:32
FB4M,hDeltaJ,625,0.03,44,4,dopamine,0:52;30:58;60:59;90:51;120:46;150:53;180:67;210:36;240:39;270:63;300:54;330:47
FB5A,FC3_c,318,0.03,123,4,gaba,0:46;45:19;90:45;135:60;180:36;225:24;270:45;315:43
FB2A,PFNa,415,0.03,188,4,dopamine,0:84;45:28;90:66;135:42;180:56;225:59;270:65;315:15
FB6A_b,hDeltaF,4628,0.02,157,2,glutamate,0:608;60:1047;120:643;180:686;240:1038;300:606
LNOa,PFNa,8474,0.02,133,2,glutamate,0:1929;45:406;90:1334;135:998;180:1188;225:978;270:1258;315:383
FB6I,hDeltaF,2368,0.02,165,2,glutamate,0:308;60:507;120:370;180:319;240:532;300:332
FB6C_a,hDeltaF,1551,0.02,135,2,glutamate,0:161;60:401;120:212;180:188;240:383;300:206
FB7A,hDeltaE,3720,0.02,159,6,glutamate,0:465;45:476;90:461;135:464;180:472;225:518;270:431;315:433
FB5I,hDeltaC,2654,0.02,146,2,glutamate,0:290;30:115;60:271;90:255;120:113;150:278;180:322;210:130;240:242;270:253;300:110;330:275
FB6K,hDeltaG,1570,0.02,265,4,glutamate,0:182;45:237;90:162;135:184;180:183;225:246;270:186;315:190
FB4I,hDeltaA,1082,0.02,18,2,glutamate,0:90;30:113;60:94;90:74;120:93;150:83;180:83;210:116;240:76;270:71;300:103;330:86
FB5AB,hDeltaC,1751,0.02,189,2,acetylcholine,0:147;30:89;60:165;90:155;120:96;150:204;180:181;210:102;240:143;270:175;300:101;330:193
Delta7,PFNv,2195,0.02,338,42,glutamate,0:434;45:114;90:465;135:80;180:400;225:168;270:404;315:130
FB4P_a,hDeltaA,1508,0.02,168,4,glutamate,0:117;30:141;60:116;90:115;120:135;150:120;180:124;210:165;240:127;270:97;300:114;330:137
FB2D,FC1B,3516,0.02,308,6,glutamate,0:390;45:451;90:406;135:491;180:350;225:512;270:370;315:546
FB4F_b,hDeltaA,854,0.02,146,2,glutamate,0:72;30:72;60:68;90:66;120:76;150:76;180:68;210:87;240:81;270:39;300:72;330:77
FB5Z,hDeltaG,996,0.02,40,4,glutamate,0:127;45:133;90:119;135:130;180:119;225:126;270:108;315:134
FB4E_a,hDeltaI,1730,0.02,239,5,glutamate,0:153;30:117;60:99;90:244;120:113;150:140;180:111;210:108;240:236;270:149;300:119;330:141
FB1G,FC1F,797,0.02,241,2,acetylcholine,0:44;45:153;90:96;135:61;180:122;225:101;270:110;315:110
FB4Z_a,hDeltaA,1721,0.02,26,8,glutamate,0:165;30:141;60:166;90:161;120:122;150:115;180:160;210:130;240:163;270:148;300:129;330:121
FB5J,hDeltaC,881,0.02,23,2,glutamate,0:80;30:50;60:91;90:106;120:38;150:75;180:83;210:41;240:97;270:97;300:32;330:91
FB5D,FR1,882,0.02,334,3,glutamate,0:135;45:83;90:135;135:100;180:80;225:152;270:85;315:112
FB4G,vDeltaM,1977,0.02,245,2,glutamate,0:378;45:206;90:227;135:204;180:302;225:248;270:298;315:114
FB4F_c,hDeltaA,990,0.02,260,6,glutamate,0:91;30:65;60:82;90:76;120:78;150:94;180:68;210:107;240:66;270:92;300:71;330:100
FB2D,FC3_c,1090,0.02,122,6,glutamate,0:146;45:73;90:105;135:264;180:105;225:64;270:152;315:181
FB5R,hDeltaH,536,0.02,240,4,glutamate,0:51;45:67;90:64;135:78;180:58;225:68;270:67;315:83
FB1I,vDeltaB,728,0.02,36,2,glutamate,0:161;45:55;90:116;135:72;180:80;225:121;270:81;315:42
FB8B,hDeltaD,547,0.02,110,4,glutamate,0:58;45:71;90:73;135:72;180:61;225:86;270:41;315:85
FB5B,hDeltaG,397,0.02,207,6,glutamate,0:45;45:55;90:47;135:42;180:60;225:50;270:51;315:47
FB5F,PFL3,609,0.02,108,2,glutamate,0:113;45:43;90:97;135:67;180:96;225:48;270:101;315:44
PFNp_b,vDeltaI_a,1274,0.02,339,136,acetylcholine,0:264;45:169;90:151;135:80;180:204;225:189;270:168;315:49
FB4Q_a,PFR_a,580,0.02,93,2,glutamate,0:90;45:73;90:42;135:107;180:68;225:70;270:58;315:72
FB4Q_a,PFL3,437,0.02,131,2,glutamate,0:72;45:41;90:72;135:25;180:99;225:22;270:71;315:35
FB7G,FC2C,776,0.02,264,4,glutamate,0:105;45:83;90:107;135:96;180:73;225:119;270:109;315:84
FB2D,hDeltaC,562,0.02,229,6,glutamate,0:50;30:25;60:44;90:60;120:30;150:60;180:55;210:34;240:50;270:55;300:29;330:70
FB8E,FS4A,308,0.02,232,5,glutamate,0:33;45:60;90:18;135:38;180:41;225:51;270:33;315:34
FB6A_c,hDeltaC,3485,0.01,164,2,glutamate,0:367;30:180;60:282;90:371;120:167;150:393;180:357;210:177;240:311;270:355;300:169;330:356
FB4K,hDeltaA,2754,0.01,189,4,glutamate,0:230;30:246;60:203;90:208;120:253;150:221;180:231;210:273;240:224;270:168;300:250;330:247
FB4F_a,hDeltaA,1604,0.01,312,4,glutamate,0:131;30:146;60:119;90:124;120:134;150:136;180:112;210:182;240:120;270:99;300:142;330:159
FB5U,hDeltaH,1399,0.01,340,4,glutamate,0:192;45:190;90:171;135:148;180:179;225:198;270:164;315:157
FB4Y,hDeltaA,1539,0.01,251,4,serotonin,0:156;30:124;60:126;90:114;120:99;150:135;180:149;210:153;240:122;270:112;300:109;330:140
FB6M,hDeltaK,1995,0.01,302,4,glutamate,0:188;30:154;60:146;90:171;120:138;150:188;180:194;210:136;240:169;270:163;300:152;330:196
FB5A,hDeltaH,906,0.01,332,4,gaba,0:113;45:118;90:104;135:111;180:120;225:109;270:105;315:126
FB7E,hDeltaF,1081,0.01,197,6,glutamate,0:174;60:203;120:155;180:188;240:199;300:162
FB7J,hDeltaF,578,0.01,60,4,glutamate,0:74;60:130;120:85;180:79;240:120;300:90
FB4B,PFR_a,832,0.01,212,2,glutamate,0:141;45:90;90:65;135:145;180:95;225:113;270:91;315:92
FB6A_a,hDeltaK,1390,0.01,174,2,glutamate,0:146;30:84;60:126;90:133;120:88;150:124;180:124;210:106;240:134;270:130;300:68;330:127
FB6B,hDeltaF,329,0.01,270,2,glutamate,0:40;60:63;120:59;180:41;240:64;300:62
FB5E,PFR_b,592,0.01,215,2,glutamate,0:59;45:70;90:76;135:74;180:87;225:57;270:78;315:91
FB4Z_c,hDeltaA,907,0.01,24,4,glutamate,0:88;30:65;60:96;90:68;120:60;150:83;180:74;210:79;240:80;270:69;300:58;330:87
FB5D,hDeltaA,537,0.01,240,3,glutamate,0:33;30:37;60:50;90:49;120:47;150:34;180:55;210:40;240:40;270:50;300:54;330:48
FB5V_a,hDeltaA,1192,0.01,163,6,glutamate,0:110;30:80;60:110;90:93;120:95;150:105;180:98;210:115;240:94;270:97;300:75;330:120
FB6G,vDeltaC,474,0.01,340,2,glutamate,0:137;45:18;90:61;135:51;180:75;225:59;270:62;315:11
FB7A,vDeltaB,433,0.01,59,6,glutamate,0:82;45:29;90:75;135:41;180:58;225:54;270:60;315:34
PFNp_b,PFNm_a,1389,0.01,175,136,acetylcholine,0:307;45:100;90:205;135:83;180:313;225:97;270:217;315:67
