post,pre,modulator,syn,share,pre_in_cx,hb_syn
hDeltaB,FB4M,dopamine,3391,0.072,True,5625
hDeltaB,FB4L,dopamine,1207,0.026,True,1875
hDeltaJ,FB1H,dopamine,1184,0.031,True,1535
hDeltaA,FB4M,dopamine,1098,0.022,True,1868
PFNd,FB4M,dopamine,977,0.02,True,1723
ER4d,ExR2,dopamine,964,0.017,True,1015
EPG,ExR2,dopamine,959,0.005,True,1628
PFNp_b,FB1C,dopamine,811,0.031,True,1373
vDeltaI_a,FB5H,dopamine,763,0.064,True,0
PFNm_b,FB1C,dopamine,750,0.06,True,797
PFR_a,FB4M,dopamine,735,0.017,True,1384
ExR1,ExR2,dopamine,632,0.012,True,718
hDeltaJ,FB4M,dopamine,625,0.016,True,908
FB4M,FB4M,dopamine,605,0.03,True,1449
FC1B,FB2A,dopamine,561,0.039,True,867
PFNd,FB4L,dopamine,510,0.01,True,1201
FB2B_a,FB2A,dopamine,509,0.053,True,550
hDeltaB,FB1H,dopamine,459,0.01,True,974
PFNd,FB1H,dopamine,435,0.009,True,692
FB3A,FB4M,dopamine,434,0.037,True,724
PFNv,FB1H,dopamine,434,0.021,True,394
ER2_c,ExR2,dopamine,421,0.012,True,657
PFNa,FB2A,dopamine,420,0.011,True,570
vDeltaI_b,FB5H,dopamine,408,0.036,True,0
PFR_b,FB4M,dopamine,407,0.016,True,816
FB2I_a,FB2A,dopamine,400,0.035,True,857
FB4C,FB4M,dopamine,395,0.033,True,581
vDeltaH,FB5H,dopamine,391,0.061,True,965
hDeltaI,FB4M,dopamine,380,0.01,True,712
vDeltaK,FB1C,dopamine,378,0.023,True,665
PFNm_a,FB1C,dopamine,372,0.033,True,941
PFNp_c,FB1C,dopamine,358,0.02,True,716
PEN_a(PEN1),FB1C,dopamine,353,0.008,True,368
vDeltaG,FB5H,dopamine,353,0.026,True,484
vDeltaM,FB4M,dopamine,350,0.026,True,500
FC2A,FB1H,dopamine,347,0.011,True,775
vDeltaL,FB1C,dopamine,337,0.027,True,582
FB4L,FB4M,dopamine,317,0.033,True,550
FB5N,FB5H,dopamine,316,0.057,True,202
PFNv,FB4M,dopamine,310,0.015,True,433
FC1A,FB2A,dopamine,309,0.028,True,454
FC1F,FB2A,dopamine,298,0.031,True,508
PFL3,FB1H,dopamine,284,0.005,True,487
ExR4,ExR2,dopamine,275,0.013,True,376
PEN_a(PEN1),ExR2,dopamine,275,0.006,True,556
PFNp_b,FB1H,dopamine,270,0.01,True,277
PFR_a,FB1H,dopamine,261,0.006,True,547
hDeltaK,FB4M,dopamine,256,0.01,True,410
FB2A,FB2A,dopamine,255,0.025,True,462
FB2D,FB2A,dopamine,252,0.013,True,573
PFL3,FB1C,dopamine,249,0.004,True,561
hDeltaH,FB5H,dopamine,249,0.009,True,407
PEN_b(PEN2),ExR2,dopamine,247,0.006,True,451
PFL3,FB5H,dopamine,242,0.004,True,318
FC1D,FB2A,dopamine,235,0.02,True,346
PFNp_c,FB1H,dopamine,232,0.013,True,423
ER4m,ExR2,dopamine,231,0.008,True,254
FB4K,FB4M,dopamine,227,0.028,True,335
vDeltaM,FB1C,dopamine,225,0.016,True,306
FB4F_c,FB4M,dopamine,222,0.03,True,0
vDeltaL,FB4M,dopamine,220,0.018,True,489
FC2B,FB1H,dopamine,213,0.005,True,500
ExR6,ExR2,dopamine,212,0.01,True,329
FB1C,FB1C,dopamine,207,0.016,True,517
FB4C,FB1H,dopamine,205,0.017,True,318
FB4B,FB4M,dopamine,202,0.02,True,454
PFNp_a,FB1C,dopamine,201,0.015,True,403
PFGs,FB4M,dopamine,193,0.006,True,316
EL,ExR2,dopamine,190,0.003,True,488
FB1H,FB4M,dopamine,188,0.015,True,446
FB5A,FB5H,dopamine,184,0.008,True,319
vDeltaI_a,FB1C,dopamine,183,0.015,True,0
PFNp_d,FB1C,dopamine,179,0.04,True,368
PFR_a,FB4L,dopamine,179,0.004,True,324
ER6,ExR2,dopamine,176,0.014,True,151
FB4Y,FB5H,dopamine,174,0.007,True,331
FB4X,FB1H,dopamine,167,0.019,True,285
FB4L,FB1H,dopamine,165,0.017,True,262
vDeltaB,FB1C,dopamine,164,0.017,True,411
FB3A,FB1H,dopamine,159,0.014,True,268
FB3C,FB4M,dopamine,158,0.017,True,186
FB5V_a,PPL108,dopamine,158,0.022,False,0
hDeltaM,FB5H,dopamine,158,0.006,True,258
vDeltaA_b,FB1C,dopamine,157,0.027,True,349
FB4Q_c,FB1H,dopamine,155,0.044,True,0
FR1,FB4M,dopamine,155,0.005,True,387
LNO1,FB1H,dopamine,154,0.014,True,181
PEN_b(PEN2),FB1C,dopamine,154,0.004,True,82
hDeltaI,FB1H,dopamine,151,0.004,True,312
FB4R,FB4M,dopamine,148,0.022,True,155
vDeltaI_b,FB1C,dopamine,148,0.013,True,0
ER2_a,ExR2,dopamine,146,0.007,True,208
FB4A_a,FB1H,dopamine,146,0.035,True,0
FC1E,FB2A,dopamine,146,0.015,True,400
vDeltaA_a,FB1C,dopamine,146,0.009,True,208
vDeltaC,FB1C,dopamine,146,0.01,True,276
FB2F_a,FB2A,dopamine,145,0.021,True,296
FC3_c,FB2A,dopamine,144,0.015,True,0
ExR2,ExR2,dopamine,142,0.013,True,280
FB2B_b,FB2A,dopamine,139,0.022,True,322
FB4N,FB4M,dopamine,138,0.011,True,307
PFL1,FB2A,dopamine,135,0.008,True,285
ExR5,ExR2,dopamine,131,0.011,True,217
FB3A,FB4L,dopamine,131,0.011,True,292
LNO2,FB4M,dopamine,130,0.007,True,240
FB4M,FB4L,dopamine,129,0.006,True,226
FB3C,FB1H,dopamine,127,0.014,True,181
PEG,ExR2,dopamine,127,0.006,True,190
hDeltaI,FB1C,dopamine,127,0.003,True,161
FC3_a,FB1H,dopamine,119,0.011,True,0
hDeltaJ,FB2A,dopamine,117,0.003,True,112
FC2B,FB5H,dopamine,116,0.003,True,233
FB2M_a,FB2A,dopamine,114,0.025,True,0
FB4O,FB4M,dopamine,114,0.014,True,97
FC3_b,FB1H,dopamine,114,0.011,True,0
FB2D,FB1H,dopamine,113,0.006,True,152
FB5U,FB5H,dopamine,113,0.024,True,126
FB4D_a,FB4M,dopamine,112,0.043,True,0
hDeltaC,FB4M,dopamine,111,0.003,True,116
hDeltaJ,FB4L,dopamine,111,0.003,True,130
FB4D_c,FB4M,dopamine,110,0.042,True,0
FB5N,PPL102,dopamine,110,0.02,False,68
PFL2,FB1C,dopamine,110,0.003,True,263
PFNp_e,FB1H,dopamine,109,0.015,True,142
FB4F_a,FB4M,dopamine,106,0.02,True,611
vDeltaF,FB5H,dopamine,106,0.007,True,123
FB5K,FB5H,dopamine,105,0.022,True,269
FC2A,FB1C,dopamine,105,0.003,True,343
vDeltaG,FB1C,dopamine,104,0.008,True,191
FB4M,FB1H,dopamine,103,0.005,True,283
FB4Y,FB1C,dopamine,102,0.004,True,189
LNO2,FB1H,dopamine,102,0.005,True,221
hDeltaC,FB2A,dopamine,101,0.002,True,198
FC3_b,FB2A,dopamine,99,0.01,True,0
FB2E,FB2A,dopamine,98,0.026,True,348
FB4A_b,FB1H,dopamine,96,0.036,True,0
FS2,FB4M,dopamine,94,0.003,True,161
hDeltaH,FB4M,dopamine,94,0.003,True,105
FB4O,FB1H,dopamine,93,0.011,True,91
FC1C_b,FB2A,dopamine,93,0.011,True,0
FR1,FB5H,dopamine,93,0.003,True,123
hDeltaA,FB1H,dopamine,93,0.002,True,216
EPG,FB4M,dopamine,91,0.0,True,36
hDeltaM,FB1H,dopamine,90,0.004,True,95
GLNO,ExR2,dopamine,89,0.009,True,55
FB2F_b,FB1H,dopamine,88,0.029,True,170
PFL2,FB1H,dopamine,88,0.003,True,174
PFNp_e,FB1C,dopamine,88,0.012,True,171
EPG,FB1C,dopamine,87,0.0,True,45
FC3_c,FB1H,dopamine,86,0.009,True,0
FB4F_c,FB4L,dopamine,84,0.011,True,0
LNO1,FB4M,dopamine,83,0.008,True,160
PFL2,FB5H,dopamine,83,0.003,True,109
PFNp_a,FB1H,dopamine,83,0.006,True,134
vDeltaD,FB1C,dopamine,82,0.006,True,172
vDeltaH,FB1C,dopamine,82,0.013,True,395
FB5AB,PPL107,dopamine,81,0.007,False,112
FC2C,FB5H,dopamine,81,0.002,True,80
PFNa,FB1C,dopamine,80,0.002,True,117
PFR_b,FB1H,dopamine,80,0.003,True,140
hDeltaA,FB4L,dopamine,79,0.002,True,128
FB1H,FB4L,dopamine,77,0.006,True,120
vDeltaJ,FB1C,dopamine,76,0.014,True,140
vDeltaK,FB4M,dopamine,75,0.005,True,106
FC2A,FB5H,dopamine,74,0.002,True,221
FS2,FB1H,dopamine,73,0.003,True,164
FB5X,PPL102,dopamine,72,0.008,False,110
ExR7,ExR2,dopamine,71,0.01,True,249
FB2H_b,FB2A,dopamine,71,0.034,True,143
FC3_a,FB2A,dopamine,71,0.007,True,0
hDeltaC,FB1H,dopamine,71,0.002,True,99
hDeltaH,FB1H,dopamine,71,0.002,True,96
FB4D_b,FB1H,dopamine,70,0.03,True,0
FB4J,FB4M,dopamine,70,0.026,True,123
FB5H,FB5H,dopamine,70,0.008,True,171
LCNOpm,FB1C,dopamine,70,0.004,True,104
PFR_b,FB5H,dopamine,70,0.003,True,141
FB5M,FB5H,dopamine,69,0.031,True,136
hDeltaI,FB5H,dopamine,69,0.002,True,50
vDeltaE,FB1H,dopamine,68,0.005,True,158
FB4D_b,FB4M,dopamine,67,0.029,True,0
FB4G,FB4M,dopamine,67,0.011,True,209
FC2C,FB1C,dopamine,67,0.001,True,167
PFGs,FB4L,dopamine,67,0.002,True,131
FC1B,FB1H,dopamine,66,0.005,True,61
GLNO,FB1C,dopamine,66,0.007,True,76
ExR5,FB2A,dopamine,65,0.005,True,168
FB2I_a,FB4L,dopamine,65,0.006,True,137
FB4C,FB4L,dopamine,65,0.005,True,143
FB4D_c,FB1H,dopamine,65,0.025,True,0
vDeltaF,FB1H,dopamine,65,0.004,True,114
FC1F,FB1H,dopamine,64,0.007,True,99
hDeltaI,FB4L,dopamine,64,0.002,True,101
FB5R,FB5H,dopamine,63,0.02,True,299
FB2M_a,FB1H,dopamine,62,0.014,True,0
FC1C_a,FB2A,dopamine,61,0.01,True,0
FS1A_a,FB1H,dopamine,61,0.007,True,0
FB2C,FB1H,dopamine,60,0.012,True,188
FB2K,FB1H,dopamine,60,0.008,True,87
vDeltaF,FB1C,dopamine,60,0.004,True,110
vDeltaJ,FB5H,dopamine,60,0.011,True,82
FB1H,FB1C,dopamine,59,0.005,True,107
FB4F_c,FB1H,dopamine,59,0.008,True,0
PFL3,FB4M,dopamine,59,0.001,True,44
FC2B,FB1C,dopamine,58,0.001,True,227
hDeltaM,FB4M,dopamine,58,0.002,True,53
FC3_b,FB5H,dopamine,57,0.006,True,0
FB4P_b,FB4M,dopamine,56,0.012,True,243
vDeltaE,FB1C,dopamine,55,0.004,True,202
FB1H,FB1H,dopamine,54,0.004,True,92
hDeltaG,FB4M,dopamine,54,0.002,True,46
FB2G_b,FB2A,dopamine,53,0.008,True,72
FC2C,FB1H,dopamine,53,0.001,True,65
FC2C,FB4M,dopamine,53,0.001,True,61
FB5G_a,FB5H,dopamine,52,0.011,True,0
FR2,FB1H,dopamine,52,0.01,True,185
FB4F_b,FB4M,dopamine,51,0.021,True,90
vDeltaM,FB4L,dopamine,51,0.004,True,57
FR1,FB1H,dopamine,50,0.002,True,146
PFR_a,FB5H,dopamine,50,0.001,True,91
ER3m,ExR2,dopamine,49,0.002,True,50
FS4A,FB4M,dopamine,49,0.003,True,72
FB2K,FB2A,dopamine,48,0.006,True,87
FB4P_a,FB4M,dopamine,48,0.006,True,109
FC1D,FB1H,dopamine,48,0.004,True,74
FB2C,FB2A,dopamine,47,0.009,True,137
FB4B,FB1H,dopamine,47,0.005,True,120
FC3_b,FB4M,dopamine,47,0.005,True,0
ExR8,ExR2,dopamine,46,0.008,True,161
FB4D_a,FB1H,dopamine,46,0.018,True,0
FB4K,FB1H,dopamine,46,0.006,True,65
FB4P_c,FB4M,dopamine,46,0.012,True,0
FB4Y,FB4M,dopamine,46,0.002,True,76
FB5V_c,PPL108,dopamine,46,0.009,False,0
vDeltaG,FB1H,dopamine,46,0.003,True,79
vDeltaG,FB2A,dopamine,46,0.003,True,86
ExR5,FB5H,dopamine,45,0.004,True,70
FB1D,FB1C,dopamine,45,0.012,True,106
FB4N,FB4L,dopamine,45,0.004,True,84
FB4P_a,FB1H,dopamine,45,0.005,True,97
FB2F_d,FB1H,dopamine,44,0.013,True,0
FB4A_a,FB4M,dopamine,44,0.011,True,0
FB4Q_a,FB1H,dopamine,44,0.017,True,71
FS1A_c,FB1H,dopamine,44,0.005,True,0
PFL3,FB2A,dopamine,44,0.001,True,62
PFR_b,FB4L,dopamine,44,0.002,True,90
hDeltaA,FB5H,dopamine,44,0.001,True,24
hDeltaK,FB1H,dopamine,44,0.002,True,81
FB2F_b,FB2A,dopamine,43,0.014,True,193
FB2G_a,FB1H,dopamine,43,0.022,True,115
FB4L,FB2A,dopamine,43,0.004,True,66
FB4N,FB1H,dopamine,43,0.004,True,131
FB5V_a,PPL102,dopamine,43,0.006,False,0
FC2B,FB4M,dopamine,43,0.001,True,96
PFNd,FB2A,dopamine,43,0.001,True,47
hDeltaJ,FB1C,dopamine,43,0.001,True,56
FB2M_a,PPL107,dopamine,42,0.009,False,0
FC2A,FB4M,dopamine,42,0.001,True,101
ExR3,ExR2,dopamine,41,0.003,True,69
FB1C,FB1H,dopamine,41,0.003,True,79
FB2G_a,FB2A,dopamine,41,0.021,True,88
FB2H_a,FB2A,dopamine,41,0.023,True,152
FB4Q_a,FB4M,dopamine,41,0.016,True,93
FB4Y,ExR2,dopamine,41,0.002,True,122
hDeltaC,FB5H,dopamine,41,0.001,True,37
hDeltaK,FB4L,dopamine,41,0.002,True,74
FB4Q_b,FB1H,dopamine,40,0.016,True,362
FB5D,FB1H,dopamine,40,0.006,True,41
LNOa,FB2A,dopamine,40,0.008,True,42
hDeltaG,FB5H,dopamine,40,0.001,True,41
FB2I_b,FB2A,dopamine,39,0.022,True,109
FB5F,PPL102,dopamine,39,0.011,False,29
FC3_a,FB5H,dopamine,39,0.004,True,0
FC3_a,FB4M,dopamine,39,0.004,True,0
hDeltaA,FB2A,dopamine,39,0.001,True,32
ER2_d,ExR2,dopamine,38,0.005,True,110
FB1B,FB1C,dopamine,38,0.013,True,127
FB4O,PAM08,dopamine,38,0.005,False,0
FB4X,FB4M,dopamine,38,0.004,True,69
PFGs,FB1H,dopamine,38,0.001,True,83
FB1G,FB1H,dopamine,37,0.005,True,112
FB2G_b,FB1H,dopamine,37,0.006,True,80
vDeltaM,FB1H,dopamine,37,0.003,True,109
FB1H,FB2A,dopamine,36,0.003,True,83
FB2F_c,FB1H,dopamine,36,0.026,True,71
PFNm_a,FB1H,dopamine,36,0.003,True,47
FB4I,FB4M,dopamine,35,0.014,True,85
FB5L,FB5H,dopamine,35,0.01,True,70
FS1A_a,FB4M,dopamine,35,0.004,True,0
PFL1,FB1H,dopamine,35,0.002,True,32
EL,FB4L,dopamine,34,0.0,True,53
ExR7,FB1C,dopamine,34,0.005,True,27
FB2A,FB1H,dopamine,34,0.003,True,53
FB2J_b,FB2A,dopamine,34,0.021,True,0
FC1C_b,FB1H,dopamine,34,0.004,True,0
FR1,FB4L,dopamine,34,0.001,True,52
vDeltaH,FB2A,dopamine,34,0.005,True,63
EL,FB1C,dopamine,33,0.0,True,16
ER3a_a,ExR2,dopamine,33,0.002,True,12
FB2F_d,FB2A,dopamine,33,0.01,True,0
FB5X,PPL107,dopamine,33,0.004,False,73
FR1,FB2A,dopamine,33,0.001,True,117
FS2,FB5H,dopamine,33,0.001,True,28
LCNOpm,FB1H,dopamine,33,0.002,True,49
FB5Q,FB5H,dopamine,32,0.005,True,65
FC1E,FB1H,dopamine,32,0.003,True,87
FS1A_b,FB1H,dopamine,32,0.004,True,0
vDeltaL,FB1H,dopamine,32,0.003,True,107
FB2F_b,PPL107,dopamine,31,0.01,False,47
FB4B,FB4L,dopamine,31,0.003,True,53
FB4E_b,FB1H,dopamine,31,0.01,True,0
FB4P_b,FB1H,dopamine,31,0.007,True,177
FB5A,PPL108,dopamine,31,0.001,False,61
FB5S,FB5H,dopamine,31,0.004,True,78
FB4Y,PPL108,dopamine,30,0.001,False,32
LNO2,ExR2,dopamine,30,0.002,True,11
vDeltaK,FB1H,dopamine,30,0.002,True,85
Delta7,OA-AL2i1,named-OA,395,0.008,False,0
EPG,OA-AL2i1,named-OA,252,0.001,False,0
LPsP,OA-AL2i1,named-OA,139,0.011,False,0
PEN_a(PEN1),OA-AL2i1,named-OA,50,0.001,False,0
PFNd,OA-AL2i1,named-OA,48,0.001,False,0
PEG,OA-AL2i1,named-OA,34,0.002,False,0
PEN_b(PEN2),OA-AL2i1,named-OA,32,0.001,False,0
ER4d,EL,octopamine,4178,0.073,True,7643
EPG,EL,octopamine,3709,0.018,True,5837
ER3p_a,EL,octopamine,3253,0.223,True,3835
ER3d_b,EL,octopamine,2733,0.109,True,1941
EL,EL,octopamine,1493,0.02,True,1345
ER2_c,EL,octopamine,1377,0.038,True,2394
ER3w_b,EL,octopamine,1361,0.068,True,1075
ER3p_b,EL,octopamine,1034,0.232,True,2500
ER2_a,EL,octopamine,854,0.043,True,950
ER3m,EL,octopamine,844,0.037,True,965
ExR1,EL,octopamine,842,0.015,True,1549
ER3d_e,EL,octopamine,782,0.075,True,0
ER3w_a,EL,octopamine,658,0.069,True,1108
ER5,EL,octopamine,646,0.025,True,1587
hDeltaB,OA-VPM3,octopamine,646,0.014,False,591
ER3d_a,EL,octopamine,627,0.058,True,1712
ER3d_c,EL,octopamine,613,0.047,True,1346
ER3w_c,EL,octopamine,567,0.076,True,0
ER1_a,EL,octopamine,503,0.053,True,1300
ER4m,EL,octopamine,479,0.017,True,731
ER3d_d,EL,octopamine,452,0.03,True,705
PFR_a,OA-VPM3,octopamine,427,0.01,False,615
ER1_b,EL,octopamine,415,0.036,True,1041
ER2_d,EL,octopamine,400,0.052,True,583
hDeltaJ,OA-VPM3,octopamine,377,0.01,False,513
hDeltaH,OA-VPM3,octopamine,361,0.012,False,385
hDeltaC,OA-VPM3,octopamine,353,0.008,False,453
PFGs,OA-VPM3,octopamine,342,0.01,False,614
PFNv,OA-VPM3,octopamine,321,0.016,False,305
ER2_b,EL,octopamine,311,0.057,True,701
ER3a_c,EL,octopamine,293,0.068,True,642
ER3a_b,EL,octopamine,258,0.045,True,374
hDeltaM,OA-VPM3,octopamine,255,0.01,False,227
ER3a_a,EL,octopamine,239,0.016,True,374
PFNd,OA-VPM3,octopamine,226,0.005,False,189
FB4Y,EL,octopamine,219,0.009,True,550
ExR7,EL,octopamine,214,0.031,True,541
FB2A,OA-VPM3,octopamine,212,0.021,False,329
ExR6,OA-VUMa1,octopamine,182,0.009,False,106
FB5C,OA-VPM3,octopamine,163,0.026,False,131
PFR_a,OA-VUMa1,octopamine,153,0.004,False,43
FB4Y,OA-VPM3,octopamine,149,0.006,False,218
FB4L,OA-VPM3,octopamine,147,0.015,False,134
hDeltaK,OA-VPM3,octopamine,146,0.005,False,234
PFL2,OA-VPM3,octopamine,140,0.004,False,157
PEN_a(PEN1),EL,octopamine,138,0.003,True,265
ExR2,OA-VUMa1,octopamine,131,0.012,False,65
FB1H,OA-VPM3,octopamine,128,0.01,False,182
PEN_b(PEN2),EL,octopamine,128,0.003,True,266
FC3_b,OA-VPM3,octopamine,126,0.012,False,0
FB5D,OA-VPM3,octopamine,125,0.018,False,149
PFL3,OA-VPM3,octopamine,125,0.002,False,151
hDeltaA,OA-VPM3,octopamine,124,0.002,False,166
FC3_a,OA-VPM3,octopamine,122,0.012,False,0
vDeltaI_b,OA-VPM3,octopamine,122,0.011,False,0
ExR5,EL,octopamine,121,0.01,True,200
FC2B,OA-VPM3,octopamine,118,0.003,False,214
FB3A,OA-VPM3,octopamine,117,0.01,False,90
ExR3,EL,octopamine,115,0.008,True,143
ER1_c,EL,octopamine,113,0.037,True,0
FC3_c,OA-VPM3,octopamine,113,0.012,False,0
LPsP,OA-VUMa1,octopamine,113,0.009,False,0
hDeltaG,OA-VPM3,octopamine,113,0.004,False,135
FB4P_a,OA-VPM3,octopamine,110,0.013,False,254
vDeltaF,OA-VPM3,octopamine,107,0.007,False,112
vDeltaG,OA-VPM3,octopamine,98,0.007,False,115
PFGs,EL,octopamine,96,0.003,True,130
ER3a_d,EL,octopamine,95,0.021,True,295
FB2D,OA-VPM3,octopamine,93,0.005,False,131
FB4M,OA-VPM3,octopamine,89,0.004,False,133
PEG,EL,octopamine,83,0.004,True,83
FB3A,OA-VUMa1,octopamine,82,0.007,False,40
FB5AA,OA-VPM3,octopamine,82,0.017,False,150
PFL2,OA-VUMa1,octopamine,77,0.002,False,32
FS2,OA-VPM3,octopamine,75,0.003,False,110
FB2K,OA-VUMa1,octopamine,73,0.01,False,34
hDeltaI,OA-VPM3,octopamine,72,0.002,False,109
FB6C_b,OA-VPM3,octopamine,71,0.009,False,62
FC1B,OA-VPM3,octopamine,69,0.005,False,68
vDeltaI_a,OA-VPM3,octopamine,69,0.006,False,0
vDeltaE,OA-VPM3,octopamine,67,0.005,False,184
ExR5,OA-VPM3,octopamine,64,0.005,False,85
PFR_b,OA-VPM3,octopamine,64,0.002,False,116
vDeltaH,OA-VPM3,octopamine,64,0.01,False,133
FR1,OA-VPM3,octopamine,63,0.002,False,113
LCNOpm,OA-VPM3,octopamine,63,0.004,False,98
LCNOp,OA-VPM3,octopamine,61,0.009,False,98
GLNO,OA-VUMa1,octopamine,58,0.006,False,23
PFR_a,EL,octopamine,58,0.001,True,61
ExR6,EL,octopamine,57,0.003,True,95
FB6A_c,OA-VPM3,octopamine,56,0.006,False,0
LNO2,OA-VPM3,octopamine,55,0.003,False,58
vDeltaJ,OA-VPM3,octopamine,55,0.01,False,84
ER6,EL,octopamine,54,0.004,True,93
ExR4,OA-VUMa1,octopamine,53,0.003,False,18
FB4M,OA-VUMa6,octopamine,51,0.003,False,5
FC1F,OA-VPM3,octopamine,51,0.005,False,121
FB5E,OA-VPM3,octopamine,50,0.012,False,51
FB6D,OA-VPM3,octopamine,50,0.008,False,76
LNO2,OA-VUMa1,octopamine,50,0.003,False,33
vDeltaK,OA-VPM3,octopamine,50,0.003,False,137
FB5AB,OA-VPM3,octopamine,49,0.004,False,86
PFNp_a,OA-VPM3,octopamine,49,0.004,False,54
EPG,OA-VPM3,octopamine,48,0.0,False,75
ExR4,EL,octopamine,48,0.002,True,75
FB4O,OA-VPM3,octopamine,48,0.006,False,70
FB4F_c,OA-VPM3,octopamine,47,0.006,False,0
PFL3,OA-VUMa1,octopamine,47,0.001,False,23
FC2C,OA-VPM3,octopamine,46,0.001,False,46
FB2B_b,OA-VPM3,octopamine,45,0.007,False,68
LCNOp,OA-VUMa1,octopamine,45,0.007,False,29
ExR2,EL,octopamine,43,0.004,True,105
FC2A,OA-VPM3,octopamine,43,0.001,False,89
FB2I_a,OA-VPM3,octopamine,42,0.004,False,112
FB6U,OA-VPM3,octopamine,42,0.006,False,68
FB6V,OA-VPM3,octopamine,42,0.009,False,90
FC1A,OA-VPM3,octopamine,42,0.004,False,35
LNO1,OA-VUMa1,octopamine,42,0.004,False,5
LNOa,OA-VUMa1,octopamine,42,0.008,False,13
FS1A_c,OA-VPM3,octopamine,41,0.004,False,0
FB4C,OA-VPM3,octopamine,40,0.003,False,57
PFNp_b,OA-VPM3,octopamine,40,0.002,False,51
hDeltaL,OA-VPM3,octopamine,40,0.001,False,44
ExR3,OA-VPM3,octopamine,39,0.003,False,79
FS1A_b,OA-VPM3,octopamine,39,0.005,False,0
FB4R,OA-VPM3,octopamine,37,0.005,False,24
FB2C,OA-VPM3,octopamine,36,0.007,False,117
PFL1,OA-VPM3,octopamine,36,0.002,False,51
FB5N,OA-VPM3,octopamine,35,0.006,False,44
FB5V_a,OA-VUMa6,octopamine,34,0.005,False,0
FB4K,OA-VPM3,octopamine,33,0.004,False,29
FB5A,OA-VPM3,octopamine,33,0.001,False,56
FB5Y_a,OA-VPM3,octopamine,33,0.01,False,0
FB5S,OA-VPM3,octopamine,32,0.004,False,51
vDeltaD,OA-VPM3,octopamine,32,0.002,False,43
FB4Y,OA-VUMa6,octopamine,31,0.001,False,1
LCNOpm,OA-VUMa1,octopamine,31,0.002,False,13
ER3d_b,ExR3,serotonin,2245,0.09,True,1272
hDeltaK,ExR3,serotonin,2092,0.078,True,3148
PFGs,ExR3,serotonin,1823,0.055,True,2892
ER3d_d,ExR3,serotonin,1558,0.104,True,1572
hDeltaA,FB4Y,serotonin,1539,0.031,True,1773
EL,ExR3,serotonin,1409,0.019,True,1731
vDeltaK,FB4Y,serotonin,1376,0.083,True,1803
ER3d_c,ExR3,serotonin,978,0.075,True,1441
hDeltaI,FB4Y,serotonin,937,0.025,True,1287
ExR1,ExR3,serotonin,733,0.013,True,611
EPG,FB4Y,serotonin,732,0.004,True,1522
EPG,ExR3,serotonin,686,0.003,True,955
ER3d_a,ExR3,serotonin,542,0.051,True,684
vDeltaL,FB4Y,serotonin,526,0.043,True,621
PFL3,FB4Y,serotonin,476,0.008,True,985
PEN_a(PEN1),FB4Y,serotonin,428,0.01,True,772
vDeltaJ,FB4Y,serotonin,403,0.076,True,561
vDeltaI_b,FB4Y,serotonin,398,0.035,True,0
vDeltaI_a,FB4Y,serotonin,378,0.032,True,0
FB6A_c,ExR3,serotonin,374,0.039,True,0
vDeltaM,FB4Y,serotonin,362,0.026,True,416
ER3d_e,ExR3,serotonin,354,0.034,True,0
ER4d,ExR3,serotonin,331,0.006,True,504
PFL2,FB4Y,serotonin,327,0.01,True,552
FB4Z_a,FB4Y,serotonin,319,0.041,True,0
FB6M,ExR3,serotonin,278,0.042,True,402
FB4F_c,FB4Y,serotonin,233,0.032,True,0
FB6A_a,ExR3,serotonin,224,0.026,True,0
ER2_c,ExR3,serotonin,219,0.006,True,265
EL,FB4Y,serotonin,216,0.003,True,575
FB5M,FB4Y,serotonin,211,0.095,True,425
PEN_b(PEN2),FB4Y,serotonin,187,0.004,True,310
ER4m,ExR3,serotonin,185,0.007,True,205
ExR3,ExR3,serotonin,172,0.011,True,284
FB6D,ExR3,serotonin,170,0.027,True,134
hDeltaH,FB4Y,serotonin,167,0.006,True,386
ER2_a,ExR3,serotonin,165,0.008,True,124
ER5,ExR3,serotonin,160,0.006,True,186
ExR5,FB4Y,serotonin,141,0.011,True,282
FB4Z_c,FB4Y,serotonin,139,0.033,True,0
ER3m,ExR3,serotonin,136,0.006,True,143
vDeltaH,FB4Y,serotonin,133,0.021,True,608
PFR_a,FB4Y,serotonin,130,0.003,True,261
vDeltaG,FB4Y,serotonin,129,0.01,True,277
ER3p_b,ExR3,serotonin,128,0.029,True,267
FB5N,FB4Y,serotonin,124,0.022,True,135
ER3a_a,ExR3,serotonin,123,0.008,True,74
PFR_b,FB4Y,serotonin,101,0.004,True,218
FC2A,FB4Y,serotonin,100,0.003,True,279
hDeltaM,FB4Y,serotonin,98,0.004,True,258
ExR6,FB4Y,serotonin,93,0.004,True,155
FB4F_a,FB4Y,serotonin,92,0.017,True,781
FB4Y,FB4Y,serotonin,92,0.004,True,265
FB5V_a,FB4Y,serotonin,87,0.012,True,0
hDeltaC,ExR3,serotonin,82,0.002,True,100
ER3p_a,ExR3,serotonin,81,0.006,True,107
FB4K,FB4Y,serotonin,81,0.01,True,207
FB5H,FB4Y,serotonin,81,0.01,True,237
hDeltaK,FB4Y,serotonin,80,0.003,True,131
ExR7,FB4Y,serotonin,76,0.011,True,264
FB4H,FB4Y,serotonin,72,0.012,True,179
FB5K,FB4Y,serotonin,70,0.015,True,185
FB4P_a,FB4Y,serotonin,69,0.008,True,222
GLNO,FB4Y,serotonin,66,0.007,True,115
FB6C_b,ExR3,serotonin,65,0.008,True,50
FR1,FB4Y,serotonin,65,0.002,True,172
ExR5,ExR3,serotonin,60,0.005,True,105
FC2B,FB4Y,serotonin,57,0.001,True,190
FB5G_a,ExR3,serotonin,56,0.012,True,0
FB6A_b,ExR3,serotonin,54,0.008,True,0
FB5U,FB4Y,serotonin,53,0.011,True,126
vDeltaF,FB4Y,serotonin,51,0.003,True,67
ER2_d,ExR3,serotonin,48,0.006,True,77
ExR8,FB4Y,serotonin,46,0.008,True,86
PFNp_a,FB4Y,serotonin,46,0.003,True,78
FB6R,ExR3,serotonin,44,0.015,True,59
FC3_b,FB4Y,serotonin,44,0.004,True,0
ER1_b,FB4Y,serotonin,43,0.004,True,62
ER4d,FB4Y,serotonin,43,0.001,True,59
FB4G,FB4Y,serotonin,43,0.007,True,100
FB4Z_b,FB4Y,serotonin,43,0.023,True,0
FB5V_c,FB4Y,serotonin,42,0.009,True,0
FB5W_a,FB4Y,serotonin,42,0.01,True,0
FB1C,FB4Y,serotonin,41,0.003,True,87
FB6E,ExR3,serotonin,40,0.01,True,68
FS2,FB4Y,serotonin,40,0.001,True,61
ER3w_a,ExR3,serotonin,39,0.004,True,36
hDeltaJ,FB4Y,serotonin,38,0.001,True,69
ER3a_c,ExR3,serotonin,37,0.009,True,54
FB5A,FB4Y,serotonin,37,0.002,True,123
FB5G_b,ExR3,serotonin,36,0.029,True,0
ExR4,FB4Y,serotonin,35,0.002,True,76
FC2C,ExR3,serotonin,34,0.001,True,49
hDeltaC,FB4Y,serotonin,33,0.001,True,47
FB8F_a,5-HTPMPD01,serotonin,32,0.007,False,47
IbSpsP,5-HTPMPV03,serotonin,32,0.002,False,47
FB5X,FB4Y,serotonin,31,0.003,True,75
FB6K,ExR3,serotonin,31,0.006,True,25
FC2C,FB4Y,serotonin,30,0.001,True,52
