pre,post,male_syn,female_syn,male_share,female_share,log2_ratio,pre_dimorphic,post_dimorphic
PS263,SpsP,541,0,0.1511,0.0,10.56,False,False
LAL085,LNO2,1224,0,0.0635,0.0,9.31,False,False
PFL2,PS231,306,0,0.0591,0.0,9.21,False,False
PS291,LPsP,649,0,0.0518,0.0,9.02,False,False
LAL153,LCNOp,330,0,0.0499,0.0,8.97,True,False
WED145,ER1_b,551,0,0.0484,0.0,8.92,False,False
LAL152,LCNOp,303,0,0.0458,0.0,8.84,False,False
PS197,LPsP,561,0,0.0447,0.0,8.81,False,False
ExR8,LPsP,302,0,0.0241,0.0,7.92,False,False
CL339,IbSpsP,380,0,0.0225,0.0,7.82,False,False
LAL157,LNO1,664,2,0.0606,0.0003,7.2,False,False
FB6D,FS3,0,369,0.0,0.0131,-7.05,False,False
vDeltaC,FS3,0,305,0.0,0.0108,-6.77,False,False
FB2F_b,hDeltaL,6,368,0.0002,0.0125,-5.58,True,True
FB2F_b,vDeltaD,7,321,0.0005,0.0237,-5.35,True,False
LAL123,LNO2,479,6,0.0248,0.0005,5.3,False,False
FB7I,FS3,1,660,0.0014,0.0235,-3.95,False,False
hDeltaL,FS3,3,1684,0.0043,0.0599,-3.78,True,False
vDeltaE,hDeltaH,37,434,0.0013,0.0168,-3.63,False,False
FS2,FS3,1,446,0.0014,0.0159,-3.39,False,False
WED009,FB4M,340,23,0.017,0.0017,3.22,False,False
FB2F_b,vDeltaE,42,508,0.0029,0.0265,-3.16,True,False
FB4Q_b,PFR_a,56,505,0.0013,0.0124,-3.15,True,False
LAL190,ExR3,309,39,0.0206,0.0023,3.1,False,False
FB6B,FC2B,26,328,0.0006,0.0053,-2.92,True,False
FB2F_b,hDeltaG,121,748,0.0042,0.0317,-2.9,True,False
ExR8,ExR8,314,47,0.055,0.0073,2.89,False,False
PS292,ExR3,483,74,0.0322,0.0044,2.85,False,False
WED002,ER1_b,444,45,0.039,0.0056,2.78,False,False
FB4P_b,hDeltaJ,84,394,0.0022,0.0146,-2.66,True,True
FB4Q_b,hDeltaJ,151,683,0.004,0.0252,-2.64,True,True
ER2_a,ER3w_a,512,81,0.0534,0.0086,2.62,False,False
FB6X,hDeltaG,318,42,0.011,0.0018,2.56,True,False
PFNv,FB4B,623,81,0.0609,0.0108,2.49,False,False
PFL1,PFL1,481,98,0.0301,0.0054,2.46,False,False
ER3d_a,ER3m,81,338,0.0036,0.0199,-2.44,False,False
LAL055,ER3a_c,360,50,0.0835,0.0154,2.43,False,False
SIP076,FB6S,326,40,0.0762,0.0149,2.34,False,False
FB7F,FB6C_b,369,43,0.0445,0.0088,2.33,False,False
FB6C_b,FS3,2,414,0.0028,0.0147,-2.33,False,False
FB6O,vDeltaE,660,172,0.0453,0.009,2.32,False,False
PFNp_c,FS3,2,404,0.0028,0.0144,-2.3,False,False
FB6L,hDeltaG,202,806,0.007,0.0342,-2.28,False,False
LAL190,IbSpsP,432,81,0.0256,0.0054,2.22,False,False
SLP405_a,FB7A,585,96,0.0781,0.0171,2.18,False,False
FB2F_b,FC2C,193,765,0.0041,0.0186,-2.17,True,False
ER3w_a,ER3w_b,1209,2640,0.0606,0.2714,-2.16,False,False
FB4F_a,FB4F_a,34,393,0.0063,0.0285,-2.16,False,False
SLP405_c,FB6C_b,414,55,0.0499,0.0112,2.15,False,False
FB2C,vDeltaE,61,364,0.0042,0.019,-2.15,False,False
FB4Q_b,FR2,52,400,0.0097,0.0425,-2.12,True,False
FB6N,vDeltaF,880,126,0.0595,0.0137,2.11,False,False
hDeltaD,FS3,86,796,0.1223,0.0283,2.11,False,False
PS292,ExR2,584,106,0.0528,0.0125,2.07,False,False
LAL055,FB4L,342,42,0.0356,0.0084,2.07,False,True
CRE067,FB4K,399,82,0.05,0.0121,2.04,False,False
FB4P_b,FC2A,135,632,0.0042,0.0174,-2.02,True,False
FB4F_a,FB4Y,111,407,0.0047,0.0192,-2.0,False,False
PFNm_b,PFNp_c,465,130,0.0254,0.0065,1.95,False,False
ER2_b,ER3w_b,209,392,0.0105,0.0403,-1.93,False,False
FB1H,FB4Q_b,40,362,0.0159,0.061,-1.93,True,True
ER3w_b,ER3w_a,456,1682,0.0475,0.1791,-1.91,False,False
FB1C,FB1C,207,517,0.0156,0.0586,-1.91,False,False
FB6W,hDeltaL,104,323,0.0028,0.0109,-1.91,True,True
FB4R,PFR_a,471,118,0.0111,0.0029,1.89,True,False
LAL050,LCNOpm,573,80,0.0327,0.0089,1.86,True,False
PS291,ExR2,504,106,0.0455,0.0125,1.86,False,False
FB4M,FB4M,605,1449,0.0302,0.1094,-1.85,False,False
LAL002,PFR_b,640,201,0.0247,0.0069,1.83,False,False
EL,ER1_b,415,1041,0.0365,0.1296,-1.83,False,False
SMP374,FB6H,306,79,0.0425,0.0119,1.83,False,False
SLP405_b,FB7A,302,63,0.0403,0.0112,1.83,False,False
EL,ER5,646,1587,0.0251,0.0886,-1.81,False,False
ExR7,FB4M,571,107,0.0285,0.0081,1.81,False,False
LHPV6q1,ER3a_b,341,44,0.0601,0.017,1.81,True,False
SIP076,ExR3,300,96,0.02,0.0057,1.8,False,False
FB2F_b,FR1,172,670,0.006,0.021,-1.79,True,False
PFR_b,CRE044,394,80,0.0326,0.0094,1.78,False,False
SMP377,FB5X,539,154,0.0576,0.0168,1.77,False,True
FB8A,FS4A,127,431,0.009,0.031,-1.77,False,False
FB4R,PFGs,670,224,0.0204,0.0059,1.76,True,False
FB4K,hDeltaB,398,100,0.0085,0.0025,1.74,False,True
FB2A,OA-VPM3,146,354,0.0076,0.0255,-1.74,False,False
FB4M,FB4L,317,550,0.033,0.1099,-1.73,False,True
vDeltaB,FB6O,90,305,0.0269,0.0895,-1.73,False,False
FB4Y,FB4F_a,92,781,0.0171,0.0567,-1.72,False,False
FB7L,FS3,76,919,0.1081,0.0327,1.72,False,False
FB7L,FB8C,365,116,0.0756,0.0235,1.68,False,False
PFR_a,OA-VPM3,157,365,0.0081,0.0262,-1.68,False,False
EL,ER3a_b,258,374,0.0455,0.1449,-1.67,False,False
LAL055,ER1_a,391,106,0.0409,0.0129,1.66,False,False
P6-8P9,Delta7,336,93,0.0065,0.002,1.66,False,False
FB5R,hDeltaH,536,1491,0.0184,0.0578,-1.65,False,False
FB2C,FB2D,128,373,0.0068,0.0217,-1.65,False,False
WED035,ER1_a,684,188,0.0715,0.0229,1.64,False,False
ER3w_a,ER2_d,416,126,0.0542,0.0173,1.64,False,False
PLP032,ExR3,325,116,0.0217,0.0069,1.64,False,False
FB2A,FB2E,98,348,0.0264,0.0822,-1.63,False,True
Delta7,PEN_a(PEN1),1178,2754,0.0272,0.0835,-1.61,False,False
FB4P_b,FB4O,242,493,0.0296,0.0907,-1.61,True,True
FB4M,FB4B,202,454,0.0198,0.0605,-1.61,False,False
ER4d,ExR1,1080,2302,0.0197,0.0595,-1.59,False,False
FB3C,PFGs,651,245,0.0198,0.0065,1.59,False,False
EL,ER1_a,503,1300,0.0526,0.1582,-1.59,False,False
PFR_b,FB4Y,422,125,0.0179,0.0059,1.59,False,False
FC2A,FB4Q_b,607,481,0.2418,0.081,1.58,False,True
FB3C,FS3,7,845,0.01,0.03,-1.58,False,False
FB2F_b,hDeltaC,461,937,0.0104,0.0311,-1.57,True,False
PFR_a,FB4Q_b,120,841,0.0478,0.1417,-1.57,False,True
hDeltaG,FS3,3,363,0.0043,0.0129,-1.57,False,False
PFR_b,FB4B,581,144,0.0568,0.0192,1.56,False,False
FB6N,vDeltaD,285,791,0.0197,0.0585,-1.56,False,False
FB4J,hDeltaJ,606,146,0.016,0.0054,1.55,False,True
FB8H,hDeltaF,327,608,0.0091,0.0269,-1.55,False,False
LAL184,EPG,1997,553,0.0097,0.0033,1.54,False,False
EL,ER3a_c,293,642,0.068,0.1981,-1.54,False,False
ER3d_d,ER3d_a,917,431,0.0855,0.0295,1.53,False,False
SLP247,FB4X,314,102,0.0356,0.0123,1.52,False,False
FB4F_a,hDeltaI,1536,3556,0.0416,0.1184,-1.51,False,True
PFNm_a,LCNOpm,397,579,0.0226,0.0647,-1.51,False,False
ER2_d,ER4m,364,602,0.013,0.0373,-1.51,False,False
ER3d_b,ER3p_b,681,319,0.153,0.054,1.5,False,False
FB1C,FC2A,105,343,0.0033,0.0094,-1.5,False,False
hDeltaE,FS4B,81,380,0.0158,0.0448,-1.5,False,False
PFNp_c,PFNm_b,908,199,0.0722,0.0258,1.48,False,False
hDeltaK,ExR3,803,2498,0.0535,0.1479,-1.47,False,False
EL,FB4Y,219,550,0.0093,0.0259,-1.47,False,False
FB1C,vDeltaH,82,395,0.0128,0.0357,-1.47,False,False
FB5D,hDeltaA,537,152,0.0107,0.0038,1.46,True,True
FB6B,hDeltaL,205,458,0.0056,0.0155,-1.46,True,True
EL,ER3a_a,239,374,0.0159,0.0434,-1.44,False,False
vDeltaD,FB6N,162,590,0.0543,0.1476,-1.44,False,False
LHPV7c1,FB4R,335,74,0.0496,0.0183,1.43,False,True
FB4Q_a,FB4F_a,53,368,0.0099,0.0267,-1.43,True,False
SMP215,FB6D,687,247,0.1109,0.0413,1.42,True,False
EPG,ER3w_a,593,218,0.0618,0.0232,1.41,False,False
SLP405_a,FB8F_b,321,82,0.0531,0.0199,1.41,False,False
FC1F,FR1,163,488,0.0057,0.0153,-1.41,True,False
EL,ER4m,479,731,0.0171,0.0453,-1.4,False,False
FB2A,FC1E,146,400,0.0154,0.041,-1.4,False,True
FB4Y,vDeltaH,133,608,0.0208,0.055,-1.4,False,False
PFGs,PFGs,107,329,0.0033,0.0087,-1.4,False,False
ExR3,FB6M,278,402,0.0423,0.1113,-1.39,False,False
ExR2,PEN_a(PEN1),275,556,0.0064,0.0168,-1.39,False,False
EL,ExR1,842,1549,0.0154,0.04,-1.38,False,False
LAL143,FB3A,727,195,0.0624,0.0238,1.38,False,False
PFNp_e,PFNm_a,394,196,0.035,0.0134,1.38,False,False
FB6J,FB6U,229,584,0.0319,0.0835,-1.38,False,False
FB6B,hDeltaC,206,370,0.0047,0.0123,-1.38,True,False
LAL055,ExR1,620,167,0.0113,0.0043,1.37,False,False
SIP064,FB4M,468,119,0.0234,0.009,1.37,False,False
FB6H,hDeltaC,318,566,0.0072,0.0188,-1.37,False,False
FB4Y,hDeltaH,167,386,0.0057,0.015,-1.37,False,False
PFNm_a,FB1C,263,449,0.0198,0.0509,-1.36,False,False
PFL2,LAL075,255,439,0.0343,0.0882,-1.36,False,True
ER3m,ER3d_a,90,316,0.0084,0.0216,-1.36,False,False
ExR2,ExR6,212,329,0.0102,0.0261,-1.35,False,False
FB4L,PFNd,510,1201,0.0105,0.0266,-1.34,True,False
FB2A,FB2B_b,139,322,0.0217,0.0551,-1.34,False,False
PFNp_a,vDeltaM,1034,341,0.0754,0.0299,1.33,False,False
FB4Y,EL,216,575,0.0029,0.0074,-1.33,False,False
FB1H,hDeltaI,151,312,0.0041,0.0104,-1.33,True,True
FB5N,FC2B,782,456,0.0185,0.0074,1.32,False,False
FB4Y,EPG,732,1522,0.0036,0.009,-1.31,False,False
FB6H,FB6G,225,483,0.0665,0.1644,-1.31,False,False
FB5M,hDeltaM,176,343,0.007,0.0174,-1.31,False,True
TuBu02,ER3a_a,1309,304,0.0873,0.0353,1.3,False,False
PFNp_c,FB1C,308,505,0.0232,0.0572,-1.3,False,False
FB2A,FB2D,252,573,0.0135,0.0334,-1.3,False,False
FB4F_a,PFL3,584,1492,0.0096,0.0236,-1.29,False,False
FB6B,FC2C,342,732,0.0072,0.0178,-1.29,True,False
hDeltaK,PFGs,2846,7890,0.0865,0.2096,-1.28,False,False
FB2G_b,PFL2,1113,475,0.0348,0.0142,1.28,False,False
FB1H,hDeltaB,459,974,0.0098,0.024,-1.28,True,True
PFNm_a,vDeltaB,200,692,0.0202,0.0494,-1.28,False,False
ExR2,EL,190,488,0.0025,0.0063,-1.28,False,False
PFL3,PFL3,853,363,0.014,0.0057,1.27,False,False
SMP215,FB6I,397,143,0.1089,0.0451,1.27,True,False
SMP192,FB5A,379,122,0.0156,0.0064,1.27,False,False
mALB5,FB4L,339,73,0.0353,0.0146,1.27,False,True
PFR_b,PFR_b,1722,809,0.0666,0.0278,1.26,False,False
LAL184,ExR1,640,187,0.0117,0.0048,1.26,False,False
vDeltaH,FB5H,316,692,0.038,0.0908,-1.26,False,False
FB2A,FB2A,255,462,0.0255,0.061,-1.26,False,False
FB1C,PFNp_a,201,403,0.0151,0.0364,-1.26,False,False
FB4C,hDeltaB,1135,410,0.0242,0.0101,1.25,False,True
hDeltaC,FC2C,980,354,0.0206,0.0086,1.25,False,False
PEG,PEG,543,211,0.026,0.0109,1.25,False,False
hDeltaG,vDeltaF,528,137,0.0357,0.0149,1.25,False,False
FB4M,FB3A,434,724,0.0372,0.0885,-1.25,False,False
FB4M,vDeltaL,220,489,0.0178,0.0426,-1.25,False,False
hDeltaB,FB4M,739,1153,0.0369,0.087,-1.24,True,False
FB4M,FB4N,138,307,0.0112,0.0267,-1.24,False,False
vDeltaH,FB4Y,443,940,0.0188,0.0443,-1.23,False,False
FB4Y,PEN_a(PEN1),428,772,0.0099,0.0234,-1.23,False,False
FB4Q_b,FC2A,421,1121,0.0131,0.0308,-1.23,True,False
FB1B,FC2B,87,307,0.0021,0.005,-1.23,False,False
FB6E,FC2B,454,1545,0.0107,0.0249,-1.21,False,False
FB4R,hDeltaI,301,104,0.0081,0.0035,1.21,True,True
vDeltaB,FB7E,194,378,0.0293,0.068,-1.21,False,False
FB4M,hDeltaI,380,712,0.0103,0.0237,-1.2,False,True
FB6C_b,PFGs,1597,800,0.0485,0.0212,1.19,False,False
ER3d_a,ExR1,1200,1940,0.0219,0.0502,-1.19,False,False
FS4C,SMP497,398,219,0.2065,0.0902,1.19,False,False
SIP064,FB4L,394,90,0.041,0.018,1.19,False,True
TuBu02,ER3a_d,308,123,0.0666,0.0292,1.19,False,False
FB1A,FB3C,214,313,0.0235,0.0538,-1.19,False,False
SMP377,FB4M,1111,323,0.0555,0.0244,1.18,False,False
VES041,PFL3,705,320,0.0116,0.0051,1.18,False,False
EPG,PFNv,450,984,0.0218,0.0493,-1.18,False,False
FB6O,vDeltaC,430,1092,0.0297,0.0675,-1.18,False,False
ExR2,ExR4,275,376,0.0134,0.0305,-1.18,False,False
FB8A,hDeltaD,653,1276,0.0307,0.0693,-1.17,False,False
PFNp_c,LCNOpm,591,681,0.0337,0.0761,-1.17,False,False
FB7B,FB7A,177,300,0.0236,0.0535,-1.17,False,False
FB4M,FB4F_a,106,611,0.0197,0.0443,-1.17,False,False
FB8G,FS3,6,545,0.0085,0.0194,-1.17,False,False
FB6B,FS3,5,453,0.0071,0.0161,-1.17,True,False
ER3a_a,ER3a_b,507,103,0.0894,0.0399,1.16,False,False
vDeltaE,FC2B,340,1119,0.008,0.0181,-1.16,False,False
FB7H,vDeltaB,259,824,0.0262,0.0588,-1.16,False,False
FB1G,FS3,50,896,0.0711,0.0319,1.16,False,False
hDeltaF,FS3,19,1704,0.027,0.0606,-1.16,False,False
ExR7,ER3a_b,453,93,0.0798,0.036,1.15,False,False
FB4M,FR1,155,387,0.0054,0.0121,-1.15,False,False
FB4P_b,FB4Q_a,147,413,0.0565,0.1255,-1.15,True,True
FB4Q_b,FC2B,91,304,0.0021,0.0049,-1.15,True,False
IbSpsP,PEN_a(PEN1),1012,1701,0.0234,0.0515,-1.14,False,False
FB1G,vDeltaB,121,380,0.0122,0.0271,-1.14,False,False
FB4P_b,PFR_a,895,1869,0.0211,0.0461,-1.13,True,False
vDeltaF,FS2,454,185,0.0157,0.0071,1.13,False,False
FB2L,FC2C,374,146,0.0079,0.0036,1.13,False,False
FB5H,FB5A,184,319,0.0076,0.0167,-1.13,False,False
TuBu07,ExR1,1224,396,0.0223,0.0102,1.12,False,False
PFNm_b,FC2C,814,323,0.0171,0.0079,1.12,False,False
FB1C,PFNp_b,811,1373,0.0312,0.0681,-1.12,False,False
FB1H,PFR_a,261,547,0.0061,0.0135,-1.12,True,False
FB4P_b,FB4P_b,193,1075,0.0421,0.0916,-1.12,True,True
hDeltaF,FC2B,191,613,0.0045,0.0099,-1.12,False,False
PFNd,FB4M,701,1002,0.035,0.0756,-1.11,False,False
FB7H,vDeltaD,621,269,0.043,0.0199,1.11,False,False
EL,ER3d_d,452,705,0.03,0.0647,-1.11,False,False
FB1C,PFNp_d,179,368,0.0398,0.0856,-1.11,False,False
EL,ER4d,4178,7643,0.0733,0.1573,-1.1,False,False
ER3d_a,ER3d_a,2007,5840,0.187,0.3997,-1.1,False,False
FB4M,hDeltaA,1098,1868,0.0218,0.047,-1.1,False,True
ExR7,FB1C,759,234,0.0571,0.0265,1.1,False,False
vDeltaH,FC2A,631,1541,0.0196,0.0423,-1.1,False,False
PFR_a,FB4M,337,478,0.0168,0.0361,-1.1,False,False
FB4C,FB4L,320,358,0.0333,0.0716,-1.1,False,True
SMP048,FB4M,313,96,0.0156,0.0072,1.1,False,False
PEN_b(PEN2),PEG,312,134,0.0149,0.0069,1.1,False,False
FB4X,hDeltaA,301,513,0.006,0.0129,-1.1,False,True
FB1C,PFL3,249,561,0.0041,0.0089,-1.1,False,False
ExR2,PEN_b(PEN2),247,451,0.0057,0.0124,-1.1,False,False
vDeltaF,hDeltaG,1582,601,0.0546,0.0255,1.09,False,False
FB2G_b,FC2C,1412,571,0.0297,0.0139,1.09,False,False
hDeltaK,FB6D,865,1782,0.1397,0.2982,-1.09,False,False
PFR_b,SMP457,343,102,0.0567,0.0267,1.09,False,False
CRE103,FB5AB,333,116,0.0272,0.0127,1.09,False,False
ER2_b,ER4m,295,364,0.0105,0.0226,-1.09,False,False
vDeltaH,FR1,211,505,0.0073,0.0158,-1.09,False,False
P6-8P9,PFNa,444,191,0.0114,0.0053,1.08,False,False
hDeltaB,FB4F_a,315,380,0.0586,0.0276,1.08,True,False
SA1_a,vDeltaA_a,270,594,0.0175,0.037,-1.08,False,False
FB1H,OA-VPM3,197,303,0.0102,0.0218,-1.08,True,False
FB5N,FC2A,446,239,0.0139,0.0066,1.07,False,False
FB5H,FB4Y,174,331,0.0074,0.0156,-1.07,False,False
ER3a_d,ER3a_d,473,899,0.1023,0.2137,-1.06,False,False
hDeltaH,FC2A,251,596,0.0078,0.0164,-1.06,False,False
PFR_a,FB5D,194,303,0.0278,0.0583,-1.06,False,True
EPG,PFNm_a,119,323,0.0106,0.0221,-1.06,False,False
EL,ER2_c,1377,2394,0.038,0.0788,-1.05,False,False
ER1_a,ER1_a,832,1484,0.0869,0.1806,-1.05,False,False
hDeltaL,FC2B,594,1804,0.014,0.0291,-1.05,True,False
LAL203,ER1_b,399,136,0.0351,0.0169,1.05,False,False
ER3a_a,EL,369,181,0.0049,0.0023,1.05,False,False
TuBu08,ExR1,316,106,0.0058,0.0027,1.05,False,False
FB6H,FB6I,260,470,0.0713,0.1482,-1.05,False,False
FB6U,FS3,5,418,0.0071,0.0149,-1.05,False,False
PFR_a,hDeltaH,619,1124,0.0212,0.0436,-1.04,False,False
FB4Q_b,PFL3,263,568,0.0043,0.009,-1.04,True,False
FS4B,SMP497,253,657,0.1313,0.2707,-1.04,False,False
ER6,EPG,1925,770,0.0094,0.0045,1.03,False,False
ExR2,EPG,959,1628,0.0047,0.0096,-1.03,False,False
FB5L,vDeltaE,562,1516,0.0385,0.079,-1.03,False,False
ER3w_a,ER4m,357,100,0.0127,0.0062,1.03,False,False
hDeltaG,FB5U,247,433,0.0523,0.107,-1.03,False,False
OA-VPM3,FB2A,212,329,0.0212,0.0434,-1.03,False,False
FB4M,hDeltaJ,625,908,0.0165,0.0335,-1.02,False,True
PFL3,LAL142,390,292,0.031,0.0631,-1.02,False,False
vDeltaC,FB8G,154,331,0.026,0.0529,-1.02,False,False
FB6C_b,FC2B,122,368,0.0029,0.0059,-1.02,False,False
FB4P_b,hDeltaI,649,1063,0.0176,0.0354,-1.01,True,True
EL,ER3d_c,613,1346,0.0469,0.0948,-1.01,False,False
ER3w_b,EL,604,307,0.0081,0.004,1.01,False,False
PFL3,LAL123,328,238,0.0156,0.0316,-1.01,False,False
PFNp_a,FB1H,303,192,0.0235,0.0116,1.01,False,True
EPG,PFNp_b,282,442,0.0109,0.0219,-1.01,False,False
FB7K,vDeltaB,948,670,0.0959,0.0478,1.0,False,False
EL,ER3d_a,627,1712,0.0584,0.1172,-1.0,False,False
FB4F_a,PFL2,552,1153,0.0173,0.0346,-1.0,False,False
PFR_a,FB4P_a,274,670,0.0326,0.0651,-1.0,False,True
FB4B,PFNd,988,458,0.0203,0.0101,0.99,False,False
FB8H,FC2C,844,1450,0.0178,0.0353,-0.99,False,False
LPsP,Delta7,525,949,0.0102,0.0203,-0.99,False,False
TuBu04,ExR1,386,135,0.007,0.0035,0.99,False,False
CRE086,FB5A,333,131,0.0137,0.0069,0.99,False,False
P6-8P9,IbSpsP,302,134,0.0179,0.009,0.99,False,False
PFR_a,FB5I,293,632,0.0391,0.0778,-0.99,False,False
hDeltaC,PFR_a,183,350,0.0043,0.0086,-0.99,False,False
FB2D,PFNa,177,326,0.0046,0.0091,-0.99,False,False
FB5Z,FB6J,147,614,0.0296,0.0591,-0.99,True,False
ER3d_b,EL,1413,737,0.0189,0.0095,0.98,False,False
FB4O,hDeltaJ,1236,445,0.0325,0.0164,0.98,True,True
FB1E_a,hDeltaC,885,303,0.02,0.0101,0.98,False,False
FB4M,PFR_a,735,1384,0.0173,0.0341,-0.98,False,False
PFR_a,FB4X,612,1133,0.0693,0.1368,-0.98,False,False
FB4Y,PFL3,476,985,0.0078,0.0156,-0.98,False,False
SMP133,FB5X,314,155,0.0336,0.0169,0.98,False,True
LAL014,LNO2,300,88,0.0156,0.0078,0.98,False,False
FB2I_a,FB2A,259,388,0.0259,0.0512,-0.98,False,False
FB5B,FC2B,170,497,0.004,0.008,-0.98,False,False
ER2_c,ER4m,871,987,0.0311,0.0612,-0.97,False,False
FB2A,FB2I_a,400,857,0.0352,0.0692,-0.97,False,False
FB1H,FC2A,347,775,0.0108,0.0213,-0.97,True,False
ER3p_b,EPG,1568,2532,0.0076,0.015,-0.96,False,False
PFL3,LAL193,424,302,0.0776,0.1512,-0.96,False,False
P6-8P9,EPGt,414,177,0.1393,0.0718,0.96,False,False
FB1C,PFNm_a,372,941,0.033,0.0643,-0.96,False,False
SMP192,FB1C,346,118,0.026,0.0134,0.96,False,False
FB4Y,PEN_b(PEN2),187,310,0.0043,0.0085,-0.96,False,False
LHPV6q1,FB2A,356,139,0.0356,0.0183,0.95,True,False
LPsP,PFNd,314,568,0.0064,0.0126,-0.95,False,False
FB1I,vDeltaA_b,124,304,0.021,0.0406,-0.95,False,False
FB4M,hDeltaB,3391,5625,0.0723,0.1384,-0.94,False,True
Delta7,PFNv,2195,4054,0.1061,0.203,-0.94,False,False
hDeltaF,hDeltaL,756,315,0.0206,0.0107,0.94,False,True
Delta7,PEN_b(PEN2),6061,9800,0.1406,0.2689,-0.93,False,False
EL,EPG,3709,5837,0.018,0.0345,-0.93,False,False
FB2G_b,hDeltaI,1856,788,0.0502,0.0262,0.93,False,True
PFNm_b,PFNp_b,1420,577,0.0546,0.0286,0.93,False,False
FB4M,PFNd,977,1723,0.02,0.0381,-0.93,False,False
FB4K,hDeltaH,943,436,0.0323,0.0169,0.93,False,False
FS4A,SMP305,623,413,0.1668,0.3174,-0.93,False,False
FB1I,vDeltaC,612,358,0.0423,0.0221,0.93,False,False
SA2_b,vDeltaA_a,449,886,0.029,0.0552,-0.93,False,False
FB7A,vDeltaB,433,322,0.0438,0.023,0.93,False,False
PFL2,LAL052,417,338,0.0523,0.0994,-0.93,False,False
LAL052,LNO1,403,123,0.0368,0.0193,0.93,False,False
PFNp_b,LCNOp,380,183,0.0574,0.0301,0.93,False,False
OA-VPM3,hDeltaJ,377,513,0.0099,0.019,-0.93,False,True
FB7B,FB7K,243,413,0.0738,0.1404,-0.93,False,False
Delta7,PFNd,4470,7826,0.0917,0.1732,-0.92,False,False
EL,ER2_a,854,950,0.0428,0.0812,-0.92,False,False
FB6C_b,hDeltaG,590,253,0.0204,0.0107,0.92,False,False
vDeltaB,hDeltaD,475,782,0.0223,0.0425,-0.92,False,False
FB8A,vDeltaA_a,241,476,0.0156,0.0297,-0.92,False,False
FB6Q,hDeltaC,232,301,0.0052,0.01,-0.92,False,False
Delta7,EPG,4294,6664,0.0209,0.0394,-0.91,False,False
PFNv,hDeltaC,780,282,0.0176,0.0094,0.91,False,False
ER3d_b,ExR3,440,262,0.0293,0.0155,0.91,False,False
FB4P_b,PFL2,379,746,0.0119,0.0224,-0.91,True,False
OA-VPM3,hDeltaC,353,453,0.008,0.0151,-0.91,False,False
hDeltaM,hDeltaK,320,173,0.0119,0.0063,0.91,True,False
FB4L,PFR_a,179,324,0.0042,0.008,-0.91,True,False
hDeltaB,FS3,8,604,0.0114,0.0215,-0.91,True,False
IbSpsP,PEN_b(PEN2),1625,2565,0.0377,0.0704,-0.9,False,False
PFNp_b,vDeltaC,465,279,0.0322,0.0172,0.9,False,False
PFNp_a,vDeltaL,1244,626,0.1008,0.0545,0.89,False,False
ExR2,ER2_c,421,657,0.0116,0.0216,-0.89,False,False
PVLP114,LCNOp,356,176,0.0538,0.029,0.89,True,False
FB1C,vDeltaL,337,582,0.0273,0.0507,-0.89,False,False
CRE059,FB4P_b,273,378,0.0596,0.0322,0.89,False,True
FB1G,vDeltaA_b,250,589,0.0424,0.0786,-0.89,False,False
FB6B,FB6K,243,458,0.0446,0.0827,-0.89,True,False
LCNOpm,PFNp_e,770,395,0.1072,0.0583,0.88,False,False
vDeltaE,FB5L,376,1002,0.1109,0.2037,-0.88,False,False
SMP250,FB6C_b,331,106,0.0399,0.0216,0.88,False,False
FB5H,hDeltaH,249,407,0.0085,0.0158,-0.88,False,False
FB4M,FB1H,188,446,0.0146,0.027,-0.88,False,True
FC1F,FB2F_b,139,431,0.0465,0.0856,-0.88,True,True
PFNp_b,PFNm_b,1180,396,0.0939,0.0514,0.87,False,False
EL,ER3p_b,1034,2500,0.2323,0.4235,-0.87,False,False
PFR_b,CRE009,406,160,0.1339,0.0732,0.87,False,False
FB1C,PFNp_c,358,716,0.0196,0.0357,-0.87,False,False
EL,ER2_b,311,701,0.0574,0.1046,-0.87,False,False
ER3a_d,ER3a_b,309,257,0.0545,0.0996,-0.87,False,False
FB5U,hDeltaG,220,329,0.0076,0.014,-0.87,False,False
FB1H,hDeltaJ,1184,1535,0.0312,0.0567,-0.86,True,True
FB4P_b,PFL3,1030,1953,0.0169,0.0309,-0.86,True,False
FB5D,hDeltaG,424,189,0.0146,0.008,0.86,True,False
SIP004,FB1C,330,120,0.0248,0.0136,0.86,False,False
FB4P_b,hDeltaM,318,451,0.0126,0.0228,-0.86,True,True
FB7B,FC2C,214,339,0.0045,0.0082,-0.86,False,False
PFR_a,FB1H,173,404,0.0134,0.0244,-0.86,False,True
EPG,ExR1,2248,877,0.041,0.0227,0.85,False,False
ER4m,ER2_a,1595,1688,0.08,0.1443,-0.85,False,False
ER2_a,ER4m,682,710,0.0244,0.044,-0.85,False,False
FB5D,PFR_b,525,327,0.0203,0.0112,0.85,True,False
FB4N,hDeltaA,329,142,0.0065,0.0036,0.85,False,True
FB5S,FB6W,326,193,0.1111,0.0615,0.85,False,True
PFNa,FR1,177,358,0.0062,0.0112,-0.85,False,False
ER3d_a,EPG,1930,2864,0.0094,0.0169,-0.84,False,False
ER1_a,EL,1407,2625,0.0188,0.0339,-0.84,False,False
FB4L,hDeltaB,1207,1875,0.0257,0.0461,-0.84,True,True
ExR5,PFL1,915,578,0.0572,0.0318,0.84,False,False
vDeltaH,hDeltaH,701,1109,0.024,0.043,-0.84,False,False
FB6J,hDeltaG,477,698,0.0165,0.0296,-0.84,False,False
WED040_a,GLNO,461,128,0.0484,0.027,0.84,False,False
LPsP,PFNv,344,597,0.0166,0.0299,-0.84,False,False
FB4R,hDeltaJ,329,130,0.0087,0.0048,0.84,True,True
FB5D,PFL3,327,187,0.0054,0.003,0.84,True,False
FB3C,FB4B,300,123,0.0293,0.0164,0.84,False,False
FB5X,FB5X,200,351,0.0214,0.0383,-0.84,True,True
FB2H_b,FR1,153,307,0.0053,0.0096,-0.84,False,False
FB6H,FB6J,101,378,0.0203,0.0364,-0.84,False,False
GLNO,PEN_a(PEN1),9806,4199,0.2265,0.1272,0.83,False,False
PFR_a,hDeltaJ,769,975,0.0202,0.036,-0.83,False,True
FB5C,FC2B,627,512,0.0148,0.0083,0.83,False,False
FB7A,hDeltaF,580,653,0.0162,0.0289,-0.83,False,False
FB4M,PFR_b,407,816,0.0157,0.028,-0.83,False,False
ExR3,ER4d,331,504,0.0058,0.0104,-0.83,False,False
LHPV6q1,EPG,308,135,0.0015,0.0008,0.83,True,False
FB2D,FB2A,304,410,0.0304,0.0541,-0.83,False,False
FB4K,PFGs,736,476,0.0224,0.0126,0.82,False,False
PFNp_a,hDeltaI,456,209,0.0123,0.007,0.82,False,True
hDeltaB,PFNd,427,222,0.0088,0.0049,0.82,True,False
FB5K,hDeltaH,395,616,0.0135,0.0239,-0.82,False,False
FB5H,vDeltaG,353,484,0.0263,0.0465,-0.82,False,False
FB4O,FS2,311,158,0.0108,0.0061,0.82,True,False
FB2B_a,FB2D,290,472,0.0155,0.0275,-0.82,False,False
vDeltaH,hDeltaM,271,374,0.0107,0.0189,-0.82,False,True
FB2B_b,FB2D,238,386,0.0127,0.0225,-0.82,False,False
FB1C,vDeltaB,164,411,0.0166,0.0293,-0.82,False,False
FB6J,hDeltaL,1259,1781,0.0342,0.0603,-0.81,False,True
PFL3,DNb01,753,375,0.0469,0.0267,0.81,False,False
TuBu02,ExR1,613,246,0.0112,0.0064,0.81,False,False
vDeltaC,FB6O,484,865,0.1446,0.2539,-0.81,False,False
PFNp_a,LCNOpm,459,412,0.0262,0.0461,-0.81,False,False
FC1F,hDeltaC,421,505,0.0095,0.0168,-0.81,True,False
FB7B,FB7L,291,376,0.0363,0.0635,-0.81,False,False
FB1C,vDeltaA_b,157,349,0.0266,0.0466,-0.81,False,False
ER4m,ER3w_a,1761,992,0.1836,0.1056,0.8,False,False
TuBu07,ER3w_b,1031,289,0.0516,0.0297,0.8,False,False
FB2G_b,hDeltaA,836,377,0.0166,0.0095,0.8,False,True
vDeltaF,FB5L,641,533,0.1891,0.1083,0.8,False,False
FB2F_b,FC2A,512,331,0.0159,0.0091,0.8,True,False
FS4B,SMP167,378,499,0.1036,0.1802,-0.8,False,False
PFNp_c,vDeltaK,344,614,0.0208,0.0364,-0.8,False,False
FB2A,FC1D,235,346,0.0205,0.0356,-0.8,False,True
ER1_a,EPG,4292,6127,0.0209,0.0362,-0.79,False,False
FB1C,PFNm_b,750,797,0.0597,0.1034,-0.79,False,False
SIP004,LCNOpm,562,165,0.032,0.0185,0.79,False,False
EPG,ER1_a,519,769,0.0542,0.0936,-0.79,False,False
FB6R,hDeltaG,501,234,0.0173,0.0099,0.79,False,False
FB5C,FS2,440,228,0.0152,0.0088,0.79,False,False
ER2_b,ER2_b,422,902,0.0778,0.1346,-0.79,False,False
FB4M,FB4K,227,335,0.0285,0.0492,-0.79,False,False
ER4m,ER2_d,1028,1676,0.1339,0.2304,-0.78,False,False
EL,ER3w_a,658,1108,0.0686,0.118,-0.78,False,False
FB1C,vDeltaK,378,665,0.0229,0.0394,-0.78,False,False
FB4M,vDeltaM,350,500,0.0255,0.0438,-0.78,False,False
ER3a_b,ER3m,321,140,0.0142,0.0082,0.78,False,False
EL,ER3p_a,3253,3835,0.2226,0.3787,-0.77,False,False
EL,ER3d_b,2733,1941,0.1091,0.1863,-0.77,False,False
PFGs,ExR3,1002,1918,0.0668,0.1136,-0.77,False,False
FS4C,SLP414,860,832,0.1781,0.1045,0.77,False,False
PFNp_b,PFL3,746,452,0.0123,0.0072,0.77,False,False
FB8I,FB7J,679,521,0.1143,0.067,0.77,False,False
vDeltaA_a,FB9A,509,484,0.1873,0.3188,-0.77,False,False
FB1H,PFNd,435,692,0.0089,0.0153,-0.77,True,False
hDeltaJ,FB4O,339,132,0.0414,0.0243,0.77,True,True
SMP192,ExR3,336,221,0.0224,0.0131,0.77,False,False
SMP095,FB8I,331,109,0.0622,0.0365,0.77,False,False
PFNm_a,FC2B,297,743,0.007,0.012,-0.77,False,False
PFNp_c,vDeltaL,240,382,0.0194,0.0333,-0.77,False,False
ER1_a,ER1_b,2143,2556,0.1883,0.3181,-0.76,False,False
PLP246,FB4M,660,257,0.0329,0.0194,0.76,False,False
FB2I_a,FB2D,635,986,0.0339,0.0574,-0.76,False,False
LPsP,PFL2,440,780,0.0138,0.0234,-0.76,False,False
FB5AB,vDeltaH,373,379,0.0583,0.0343,0.76,False,False
PFNd,FB4J,314,222,0.1167,0.0689,0.76,False,False
FB2K,PFL2,300,184,0.0094,0.0055,0.76,False,False
FB1D,FB1E_b,270,322,0.1501,0.2547,-0.76,False,False
CRE107,FB5K,135,352,0.0288,0.0486,-0.76,False,False
Delta7,PEG,3926,6123,0.1879,0.3155,-0.75,False,False
LNO1,PFNd,2982,1643,0.0611,0.0364,0.75,False,False
ExR5,ExR1,1559,652,0.0285,0.0169,0.75,False,False
PFNm_b,vDeltaC,999,663,0.0691,0.041,0.75,False,False
FB4Y,hDeltaI,937,1287,0.0254,0.0429,-0.75,False,True
PFL1,FB2B_b,890,482,0.1389,0.0825,0.75,False,False
ER2_d,ER3w_a,635,370,0.0662,0.0394,0.75,False,False
hDeltaK,hDeltaK,372,641,0.0139,0.0235,-0.75,False,False
PFNp_c,vDeltaF,347,363,0.0234,0.0395,-0.75,False,False
PFR_b,LAL101,310,110,0.0642,0.038,0.75,False,False
EL,ExR7,214,541,0.0312,0.0527,-0.75,False,False
vDeltaE,hDeltaG,2405,3263,0.083,0.1384,-0.74,False,False
FB2G_b,FB2D,773,424,0.0413,0.0247,0.74,False,False
EPG,GLNO,766,228,0.0804,0.048,0.74,False,False
ExR3,EPG,686,955,0.0033,0.0056,-0.74,False,False
FB5P,FB5R,499,787,0.1616,0.0965,0.74,True,False
FS4A,SMP304,428,262,0.1982,0.3312,-0.74,False,False
FB6H,hDeltaL,240,325,0.0065,0.011,-0.74,False,True
FB1H,FB4C,205,318,0.0173,0.029,-0.74,True,False
ER3a_d,ER3a_a,1944,1848,0.1297,0.2146,-0.73,False,False
vDeltaA_b,FB8I,458,428,0.086,0.1432,-0.73,False,False
FB4O,FB4P_b,440,680,0.0961,0.0579,0.73,True,True
PFR_a,hDeltaI,394,533,0.0107,0.0177,-0.73,False,True
FB2I_a,FB4L,365,315,0.038,0.063,-0.73,False,True
FB1H,PFNp_c,232,423,0.0127,0.0211,-0.73,True,False
FC1B,FC1F,185,358,0.0192,0.0319,-0.73,True,True
ER3d_c,ExR1,1511,1764,0.0276,0.0456,-0.72,False,False
FB5Z,FB5S,1291,744,0.1509,0.0917,0.72,True,False
IbSpsP,PFNv,958,1521,0.0463,0.0762,-0.72,False,False
FB4B,PFR_a,832,481,0.0196,0.0119,0.72,False,False
FB7K,PFGs,755,523,0.0229,0.0139,0.72,False,False
FB2A,FC1B,561,867,0.0394,0.0648,-0.72,False,True
PFNm_b,vDeltaD,387,220,0.0268,0.0163,0.72,False,False
ExR6,ExR7,230,566,0.0335,0.0551,-0.72,False,False
FS4A,FB1B,222,446,0.0745,0.1227,-0.72,False,False
FB2E,FS4B,136,372,0.0266,0.0438,-0.72,True,False
FB6M,hDeltaK,1995,1240,0.0745,0.0454,0.71,False,False
ER3p_b,EL,578,987,0.0077,0.0127,-0.71,False,False
FB8F_a,FB6C_b,402,389,0.0485,0.0792,-0.71,False,False
FB1H,PFL3,284,487,0.0047,0.0077,-0.71,True,False
FB1C,vDeltaM,225,306,0.0164,0.0268,-0.71,False,False
EL,ER3w_b,1361,1075,0.0682,0.1105,-0.7,False,False
EPG,ExR5,1316,736,0.1063,0.0654,0.7,False,False
PFNd,FB4C,1306,742,0.11,0.0676,0.7,False,False
vDeltaM,vDeltaL,1106,634,0.0896,0.0552,0.7,False,False
PEG,EPG,994,499,0.0048,0.0029,0.7,False,False
LAL144,LCNOpm,528,165,0.0301,0.0185,0.7,True,False
FB9B_b,hDeltaD,430,229,0.0202,0.0124,0.7,False,False
hDeltaM,FC2A,383,709,0.0119,0.0195,-0.7,True,False
vDeltaA_a,FB9B_b,364,248,0.2289,0.3718,-0.7,False,False
FB5S,hDeltaL,343,168,0.0093,0.0057,0.7,False,True
ER4d,ExR4,314,307,0.0153,0.0249,-0.7,False,False
FB5N,hDeltaM,1357,656,0.0536,0.0332,0.69,False,True
FB5D,FR1,882,608,0.0307,0.019,0.69,True,False
vDeltaF,FC2B,880,794,0.0208,0.0128,0.69,False,False
FB4O,FC2B,486,439,0.0115,0.0071,0.69,True,False
FB5B,hDeltaG,397,523,0.0137,0.0222,-0.69,False,False
PFNp_b,FC2C,383,204,0.0081,0.005,0.69,False,False
hDeltaH,vDeltaF,371,371,0.0251,0.0404,-0.69,False,False
FB4Y,PFL2,327,552,0.0102,0.0166,-0.69,False,False
FB6C_b,FB6J,265,344,0.0534,0.0331,0.69,False,False
GLNO,PEN_b(PEN2),6565,3460,0.1523,0.0949,0.68,False,False
ER6,PEG,3602,2082,0.1724,0.1073,0.68,False,False
PEN_a(PEN1),GLNO,2397,1911,0.2515,0.4027,-0.68,False,False
FB6M,PFGs,1061,758,0.0322,0.0201,0.68,False,False
ExR2,ExR1,632,718,0.0115,0.0186,-0.68,False,False
vDeltaF,FB5K,516,498,0.1099,0.0688,0.68,False,False
PFL3,VES059,353,227,0.0425,0.0681,-0.68,False,False
TuBu09,ER2_a,733,270,0.0368,0.0231,0.67,False,False
ER3p_b,ER3p_a,559,616,0.0383,0.0608,-0.67,False,False
FC1A,FB2I_a,436,299,0.0384,0.0242,0.67,True,False
FB4M,FB4C,395,581,0.0333,0.0529,-0.67,False,False
FB2A,FC1A,309,454,0.0284,0.045,-0.67,False,True
vDeltaE,FB6V,262,373,0.0539,0.0856,-0.67,False,False
vDeltaC,FS2,227,326,0.0079,0.0125,-0.67,False,False
FB4P_b,FB4F_a,226,924,0.042,0.067,-0.67,True,False
FB1H,FC2B,213,500,0.005,0.0081,-0.67,True,False
FB6H,vDeltaC,197,351,0.0136,0.0217,-0.67,False,False
ER6,PEN_b(PEN2),2223,1186,0.0516,0.0325,0.66,False,False
vDeltaB,FB7H,564,1011,0.1834,0.2896,-0.66,False,False
TuBu10,ExR1,521,231,0.0095,0.006,0.66,False,False
SMP238,ExR1,471,209,0.0086,0.0054,0.66,False,False
FC1D,FB2C,341,358,0.0687,0.0434,0.66,True,False
FB6C_b,FB6R,326,177,0.1087,0.0685,0.66,False,False
FB1A,vDeltaB,164,369,0.0166,0.0263,-0.66,False,False
ER3d_b,EPG,3673,1916,0.0179,0.0113,0.65,False,False
PFNp_a,PFNp_c,1494,1040,0.0816,0.0519,0.65,False,False
FB4K,hDeltaJ,1030,466,0.0271,0.0172,0.65,False,True
ER3a_c,ER3a_b,1008,720,0.1777,0.279,-0.65,False,False
FB5C,FR1,801,566,0.0279,0.0177,0.65,False,False
hDeltaI,hDeltaI,548,283,0.0148,0.0094,0.65,True,True
LAL034,LCNOpm,506,164,0.0288,0.0183,0.65,True,False
FB6R,hDeltaL,422,535,0.0115,0.0181,-0.65,False,True
FB7M,hDeltaE,361,402,0.0119,0.0187,-0.65,False,False
FB4M,hDeltaK,256,410,0.0096,0.015,-0.65,False,False
hDeltaD,FC2C,1372,1856,0.0289,0.0451,-0.64,False,False
PFL2,LAL073,1190,892,0.0628,0.0979,-0.64,False,True
FB4K,FC2A,1078,781,0.0335,0.0214,0.64,False,False
FC2C,oviIN,682,287,0.0125,0.008,0.64,False,True
ER2_a,ER2_b,591,470,0.109,0.0701,0.64,False,False
FB5N,PFL3,547,363,0.009,0.0057,0.64,False,False
ER3d_b,ER3d_c,519,362,0.0397,0.0255,0.64,False,False
FB2F_a,vDeltaH,500,554,0.0781,0.0501,0.64,True,False
OA-VPM3,PFGs,342,614,0.0104,0.0163,-0.64,False,False
vDeltaA_b,FB8H,282,412,0.0629,0.0981,-0.64,False,False
FB1E_b,vDeltaB,219,483,0.0222,0.0345,-0.64,False,False
FB6H,FB6B,145,384,0.0506,0.0787,-0.64,False,True
PFR_a,hDeltaA,2666,3264,0.0529,0.0821,-0.63,False,True
TuBu06,ER5,1734,777,0.0674,0.0434,0.63,False,False
IbSpsP,PFNm_b,1261,1195,0.1003,0.155,-0.63,False,False
PEN_b(PEN2),ER2_a,1062,403,0.0533,0.0345,0.63,False,False
hDeltaF,hDeltaC,971,427,0.022,0.0142,0.63,False,False
FB4O,hDeltaM,899,453,0.0355,0.0229,0.63,True,True
FB4N,FC2C,664,369,0.014,0.009,0.63,False,False
FB2L,FC2B,558,525,0.0132,0.0085,0.63,False,False
FB5C,hDeltaH,501,286,0.0172,0.0111,0.63,False,False
FB2K,FB1G,451,233,0.0629,0.0407,0.63,False,False
hDeltaB,hDeltaL,356,444,0.0097,0.015,-0.63,True,True
PEN_b(PEN2),ExR2,324,385,0.0293,0.0455,-0.63,False,False
Delta7,LPsP,5528,5574,0.4408,0.6787,-0.62,False,False
FB4K,PFR_a,1836,1142,0.0432,0.0282,0.62,False,False
FB5U,hDeltaH,1399,801,0.0479,0.0311,0.62,False,False
TuBu10,ER2_c,1283,701,0.0355,0.0231,0.62,False,False
Delta7,PFNm_b,1002,947,0.0797,0.1228,-0.62,False,False
FB6E,FC2C,674,379,0.0142,0.0092,0.62,False,False
FB1D,FB1B,407,324,0.1367,0.0892,0.62,False,False
EL,ER2_d,400,583,0.0521,0.0801,-0.62,False,False
FB5D,FC2B,345,326,0.0081,0.0053,0.62,True,False
FB6H,hDeltaF,311,303,0.0087,0.0134,-0.62,False,False
PEN_a(PEN1),ExR7,269,620,0.0392,0.0604,-0.62,False,False
PFGs,hDeltaK,4790,7453,0.1788,0.2727,-0.61,False,False
PFNd,LNO2,3542,3151,0.1837,0.2803,-0.61,False,False
ER3a_b,ER3a_a,1536,579,0.1025,0.0672,0.61,False,False
ER3a_a,ER3a_d,1521,908,0.3291,0.2158,0.61,False,False
PFL3,VES005,701,187,0.0455,0.0297,0.61,False,False
vDeltaB,FB7L,645,728,0.0804,0.1229,-0.61,False,False
vDeltaK,hDeltaI,442,550,0.012,0.0183,-0.61,False,True
PFNm_a,vDeltaC,439,752,0.0304,0.0465,-0.61,False,False
PFL3,CRE093,383,306,0.0735,0.048,0.61,False,True
hDeltaG,FB6L,285,1107,0.1256,0.1914,-0.61,False,False
FB4I,hDeltaI,254,316,0.0069,0.0105,-0.61,False,True
PFR_a,FC2A,212,369,0.0066,0.0101,-0.61,False,False
ER5,EPG,3222,4033,0.0157,0.0238,-0.6,False,False
ER3w_a,ER3w_a,1565,2320,0.1632,0.247,-0.6,False,False
TuBu01,ExR1,1046,486,0.0191,0.0126,0.6,False,False
FB5C,hDeltaG,1018,546,0.0351,0.0232,0.6,False,False
FS4B,SLP414,847,2120,0.1754,0.2662,-0.6,False,False
EL,ER3m,844,965,0.0374,0.0569,-0.6,False,False
EPG,PFNa,816,1142,0.021,0.0319,-0.6,False,False
FB1E_a,hDeltaL,657,348,0.0179,0.0118,0.6,False,True
hDeltaD,vDeltaA_a,630,432,0.0407,0.0269,0.6,False,False
ER3m,ER3a_d,526,316,0.1138,0.0751,0.6,False,False
FB6C_a,PFGs,504,379,0.0153,0.0101,0.6,False,False
FB7K,hDeltaD,333,189,0.0157,0.0103,0.6,False,False
FB5Z,FB6L,166,643,0.0731,0.1111,-0.6,True,False
ER2_b,EPG,2474,3073,0.012,0.0182,-0.59,False,False
FS4A,SMP297,1127,824,0.1508,0.2277,-0.59,False,False
ExR5,PFL2,668,461,0.0209,0.0138,0.59,False,False
OA-VPM3,PFR_a,427,615,0.0101,0.0152,-0.59,False,False
hDeltaJ,hDeltaC,408,419,0.0092,0.0139,-0.59,True,False
FB7A,FB1J,379,208,0.1302,0.0866,0.59,False,False
LNO2,FB4B,316,350,0.0309,0.0466,-0.59,False,False
Delta7,PFL2,3269,5107,0.1023,0.1532,-0.58,False,False
hDeltaB,FB4B,2835,3120,0.2773,0.4157,-0.58,True,False
PFNp_b,PFNm_a,1389,1204,0.1233,0.0823,0.58,False,False
PEN_b(PEN2),GLNO,1099,817,0.1153,0.1721,-0.58,False,False
FB5AB,vDeltaD,720,451,0.0499,0.0334,0.58,False,False
FB5P,FB5U,635,365,0.1345,0.0902,0.58,True,False
LAL138,ER1_b,548,259,0.0481,0.0322,0.58,True,False
FB5M,hDeltaA,422,222,0.0084,0.0056,0.58,False,True
GLNO,GLNO,400,133,0.042,0.028,0.58,False,False
hDeltaL,FB5S,394,250,0.0461,0.0308,0.58,True,False
hDeltaB,FB3C,352,150,0.0386,0.0258,0.58,True,False
vDeltaD,hDeltaG,305,373,0.0105,0.0158,-0.58,False,False
PFNp_c,PFNp_d,302,431,0.0671,0.1003,-0.58,False,False
vDeltaE,FB6W,197,314,0.0671,0.1001,-0.58,False,True
FB5A,FS3,16,960,0.0228,0.0341,-0.58,False,False
ER3w_b,EPG,10568,5875,0.0514,0.0347,0.57,False,False
IbSpsP,PFNd,2215,3048,0.0454,0.0675,-0.57,False,False
ExR7,LAL013,1247,294,0.2126,0.1429,0.57,False,False
FB7A,PFGs,599,462,0.0182,0.0123,0.57,False,False
FB5F,FB5A,340,397,0.014,0.0208,-0.57,False,False
FC2C,ATL027,303,180,0.0447,0.03,0.57,False,False
FB4O,FB4Q_b,253,402,0.1008,0.0677,0.57,True,True
FB1D,vDeltaB,218,460,0.0221,0.0328,-0.57,False,False
SA3,FS4A,212,311,0.015,0.0223,-0.57,False,False
LNO1,PFNv,3989,2619,0.1929,0.1312,0.56,False,False
EPG,ER4d,2598,1502,0.0456,0.0309,0.56,False,False
ExR3,hDeltaK,2092,3148,0.0781,0.1152,-0.56,False,False
vDeltaC,hDeltaL,1759,2089,0.0478,0.0707,-0.56,False,True
FB9A,vDeltaA_a,1501,1059,0.097,0.066,0.56,False,False
ExR4,ExR4,1155,1024,0.0563,0.0831,-0.56,False,False
Delta7,PFR_a,1109,1559,0.0261,0.0384,-0.56,False,False
EPG,PFL2,1036,1596,0.0324,0.0479,-0.56,False,False
hDeltaM,FC2B,958,951,0.0226,0.0153,0.56,True,False
PFL1,LAL086,939,592,0.4215,0.2863,0.56,False,False
FB4H,vDeltaM,852,1049,0.0621,0.0919,-0.56,False,False
FC1A,FB2A,528,270,0.0527,0.0356,0.56,True,False
EPG,PFNp_c,434,702,0.0237,0.035,-0.56,False,False
FB2A,PFNa,420,570,0.0108,0.0159,-0.56,False,False
LPsP,PFL3,395,607,0.0065,0.0096,-0.56,False,False
ExR4,ExR6,365,326,0.0175,0.0259,-0.56,False,False
hDeltaL,FB6L,351,605,0.1546,0.1046,0.56,True,False
EPG,ER2_b,334,280,0.0616,0.0418,0.56,False,False
vDeltaA_b,FS4A,324,471,0.023,0.0338,-0.56,False,False
hDeltaJ,vDeltaE,220,427,0.0151,0.0222,-0.56,True,False
PFNp_b,FB1C,1699,1648,0.1277,0.1867,-0.55,False,False
TuBu01,ER4m,1514,596,0.0541,0.037,0.55,False,False
ER3w_a,ER2_b,731,617,0.1348,0.092,0.55,False,False
FB4O,hDeltaH,475,285,0.0163,0.011,0.55,True,False
FB8B,hDeltaE,414,428,0.0136,0.02,-0.55,False,False
PFR_a,FC2B,337,727,0.008,0.0117,-0.55,False,False
AOTU046,ER4d,302,174,0.0053,0.0036,0.55,False,False
FB2A,FC1F,298,508,0.031,0.0453,-0.55,False,True
FB2H_b,FB2B_a,253,309,0.0264,0.0388,-0.55,False,False
vDeltaM,hDeltaI,251,300,0.0068,0.01,-0.55,False,True
FB6B,vDeltaC,190,313,0.0131,0.0193,-0.55,True,False
PFNp_c,vDeltaH,139,351,0.0217,0.0318,-0.55,False,False
PFNp_b,LCNOpm,2820,2084,0.1607,0.233,-0.54,False,False
LPsP,PEN_a(PEN1),2583,2871,0.0597,0.087,-0.54,False,False
PFL3,AOTU019,1996,888,0.0318,0.0464,-0.54,False,False
ER4d,ER2_c,1629,940,0.045,0.0309,0.54,False,False
FB4Y,hDeltaA,1539,1773,0.0306,0.0446,-0.54,False,True
FB2G_b,PFL3,1286,917,0.0211,0.0145,0.54,False,False
LCNOp,PFNp_b,1203,643,0.0463,0.0319,0.54,False,False
FB6F,hDeltaG,1096,611,0.0378,0.0259,0.54,False,False
PFR_a,hDeltaB,763,961,0.0163,0.0237,-0.54,False,True
EPG,ER3w_b,587,197,0.0294,0.0202,0.54,False,False
vDeltaD,FB6O,521,364,0.1557,0.1068,0.54,False,False
FB6U,FC2B,451,960,0.0106,0.0155,-0.54,False,False
FC1F,FB2D,439,586,0.0235,0.0341,-0.54,True,False
GLNO,ExR8,435,337,0.0762,0.0525,0.54,False,False
hDeltaE,FB7G,385,386,0.0792,0.1148,-0.54,False,False
FB3A,PFR_a,370,515,0.0087,0.0127,-0.54,False,False
hDeltaB,FB4L,322,244,0.0335,0.0488,-0.54,True,True
FS2,hDeltaG,321,381,0.0111,0.0162,-0.54,False,False
ER3a_a,EPG,255,314,0.0012,0.0019,-0.54,False,False
FB2F_c,FB2F_b,136,334,0.0455,0.0663,-0.54,True,True
MBON21,FB4P_b,96,358,0.021,0.0305,-0.54,False,True
Delta7,PFNa,7243,9619,0.1863,0.2689,-0.53,False,False
PEG,PEN_b(PEN2),2238,1309,0.0519,0.0359,0.53,False,False
EPG,PFNd,1979,2653,0.0406,0.0587,-0.53,False,False
PFNm_a,PFNm_a,1403,2634,0.1245,0.18,-0.53,False,False
FB5AB,vDeltaF,1359,584,0.0918,0.0636,0.53,False,False
ER3p_a,EL,980,702,0.0131,0.0091,0.53,False,False
Delta7,PFNp_e,750,1018,0.1044,0.1503,-0.53,False,False
FC1B,FB2A,730,800,0.0729,0.1056,-0.53,True,False
ExR4,PEG,703,451,0.0336,0.0232,0.53,False,False
hDeltaH,vDeltaG,587,315,0.0438,0.0303,0.53,False,False
FB5M,hDeltaI,581,327,0.0157,0.0109,0.53,False,True
vDeltaA_a,SA3,507,505,0.1423,0.2057,-0.53,False,False
FB5K,vDeltaF,480,432,0.0324,0.047,-0.53,False,False
PFR_a,PFR_a,387,255,0.0091,0.0063,0.53,False,False
PFL3,LAL190,369,230,0.0505,0.0728,-0.53,False,False
FB4M,PFNv,310,433,0.015,0.0217,-0.53,False,False
FB4X,PFL3,301,453,0.0049,0.0072,-0.53,False,False
FB6C_b,hDeltaC,2032,962,0.046,0.032,0.52,False,False
hDeltaJ,FB1H,1236,1105,0.0959,0.0668,0.52,True,True
FB4O,PFL3,1195,864,0.0197,0.0137,0.52,True,False
vDeltaC,FB7I,621,826,0.0808,0.1162,-0.52,False,False
vDeltaC,FB7H,543,430,0.1766,0.1232,0.52,False,False
LNO1,FB4B,497,524,0.0486,0.0698,-0.52,False,False
ExR5,FB4P_a,433,369,0.0515,0.0358,0.52,False,True
PFL3,LAL200,329,107,0.0274,0.0191,0.52,False,False
PFNm_a,vDeltaD,310,417,0.0215,0.0308,-0.52,False,False
ER3w_a,EPG,4034,4723,0.0196,0.0279,-0.51,False,False
ER4m,ER2_c,2202,2628,0.0608,0.0865,-0.51,False,False
Delta7,PFNp_b,2188,2418,0.0842,0.1199,-0.51,False,False
Delta7,PFR_b,1429,2301,0.0552,0.0789,-0.51,False,False
FB4O,hDeltaI,967,550,0.0262,0.0183,0.51,True,True
hDeltaD,vDeltaA_b,786,701,0.1332,0.0936,0.51,False,False
PFNm_b,LCNOpm,725,528,0.0413,0.059,-0.51,False,False
TuBu03,ER3d_d,716,364,0.0476,0.0334,0.51,False,False
PFL2,LAL090,590,696,0.1102,0.1568,-0.51,False,False
LAL076,FC2C,473,287,0.01,0.007,0.51,False,False
FC1D,FR2,455,563,0.0849,0.0598,0.51,True,False
hDeltaF,FB6M,437,341,0.0665,0.0944,-0.51,False,False
FB2L,vDeltaE,405,375,0.0278,0.0195,0.51,False,False
FB4Y,vDeltaJ,403,561,0.0759,0.1081,-0.51,False,False
FB5H,vDeltaH,391,965,0.0611,0.0873,-0.51,False,False
LAL143,LNO2,351,143,0.0182,0.0127,0.51,False,False
ER3a_d,EL,333,495,0.0045,0.0064,-0.51,False,False
FB4C,hDeltaI,328,380,0.0089,0.0127,-0.51,False,True
FB8F_a,FB7L,293,308,0.0365,0.052,-0.51,False,False
FB4J,hDeltaA,293,332,0.0058,0.0084,-0.51,False,True
FB2I_a,FC1B,259,346,0.0182,0.0258,-0.51,False,True
FB8D,hDeltaD,254,313,0.0119,0.017,-0.51,False,False
hDeltaB,FB1H,241,441,0.0187,0.0266,-0.51,True,True
FB4M,PFGs,193,316,0.0059,0.0084,-0.51,False,False
PFNm_b,PFNm_b,2231,967,0.1775,0.1254,0.5,False,False
ER3d_c,EPG,2139,2494,0.0104,0.0147,-0.5,False,False
PFNp_a,PFL3,1946,1430,0.032,0.0226,0.5,False,False
PFNm_b,PFNm_a,1320,1215,0.1172,0.083,0.5,False,False
PEN_a(PEN1),ER1_a,1157,1406,0.1209,0.1711,-0.5,False,False
vDeltaC,hDeltaE,1112,1108,0.0366,0.0517,-0.5,False,False
ER3a_d,ExR1,870,873,0.0159,0.0226,-0.5,False,False
Delta7,PFNm_a,853,1563,0.0757,0.1068,-0.5,False,False
vDeltaG,FB5K,704,766,0.15,0.1058,0.5,False,False
IbSpsP,Delta7,675,864,0.0131,0.0185,-0.5,False,False
FB8I,hDeltaD,667,407,0.0314,0.0221,0.5,False,False
FC1A,FC1D,649,388,0.0566,0.0399,0.5,True,True
FB6U,FC2C,503,307,0.0106,0.0075,0.5,False,False
FB2B_a,FR1,439,694,0.0153,0.0217,-0.5,False,False
FB2F_a,FC1D,433,259,0.0377,0.0267,0.5,True,True
hDeltaB,FB4K,417,251,0.0523,0.0369,0.5,True,False
PFNp_b,vDeltaF,358,315,0.0242,0.0343,-0.5,False,False
LAL139,GLNO,345,121,0.0362,0.0255,0.5,False,False
FB5N,PFL2,327,241,0.0102,0.0072,0.5,False,False
hDeltaE,FB8B,320,398,0.0724,0.1021,-0.5,False,False
PFL3,LAL010,319,354,0.0367,0.0521,-0.5,False,False
FC1D,FC1D,305,182,0.0266,0.0187,0.5,True,True
hDeltaF,FS2,241,307,0.0083,0.0118,-0.5,False,False
SMP133,FB4P_b,183,331,0.04,0.0282,0.5,False,True
Delta7,PFL3,5617,8177,0.0924,0.1294,-0.49,False,False
PFNv,hDeltaB,4344,2686,0.0926,0.0661,0.49,False,True
FC2C,PFL2,2013,1492,0.063,0.0447,0.49,False,False
FB6G,hDeltaF,1513,678,0.0421,0.03,0.49,False,False
ER2_b,ER3w_a,1025,1413,0.1069,0.1504,-0.49,False,False
TuBu06,ExR1,779,391,0.0142,0.0101,0.49,False,False
FC2C,hDeltaM,665,370,0.0263,0.0187,0.49,False,True
hDeltaH,FR1,602,944,0.0209,0.0295,-0.49,False,False
hDeltaM,hDeltaM,493,274,0.0195,0.0139,0.49,True,True
PFR_b,Delta7,414,526,0.008,0.0113,-0.49,False,False
PFNp_e,LCNOpm,328,236,0.0187,0.0264,-0.49,False,False
ExR7,LAL052,319,97,0.04,0.0285,0.49,False,False
vDeltaH,FC2B,175,362,0.0041,0.0058,-0.49,False,False
PFR_b,PFR_a,2199,1500,0.0518,0.037,0.48,False,False
FB4O,PFR_a,1722,1180,0.0405,0.0291,0.48,True,False
ExR3,ER3d_d,1558,1572,0.1036,0.1444,-0.48,False,False
FB5AB,vDeltaG,1002,556,0.0748,0.0535,0.48,False,False
vDeltaM,vDeltaJ,927,649,0.1746,0.1251,0.48,False,False
LAL112,LCNOpm,806,295,0.0459,0.033,0.48,False,False
hDeltaB,FB3A,778,762,0.0667,0.0931,-0.48,True,False
ExR5,FB2A,761,414,0.076,0.0546,0.48,False,False
SMP147,LCNOpm,702,256,0.04,0.0286,0.48,False,False
FB6Z,FC2C,545,336,0.0115,0.0082,0.48,False,False
PFL3,LAL194,414,287,0.0602,0.0842,-0.48,False,False
FB5O,FR1,413,642,0.0144,0.0201,-0.48,True,False
LHPV5l1,ExR3,381,306,0.0254,0.0181,0.48,False,False
vDeltaH,FB5K,302,649,0.0643,0.0897,-0.48,False,False
vDeltaK,FB4P_a,298,508,0.0354,0.0493,-0.48,False,True
vDeltaA_b,FB1I,246,335,0.0728,0.1017,-0.48,False,False
FB6F,FB6J,153,446,0.0308,0.0429,-0.48,False,False
FC2C,FS3,11,315,0.0156,0.0112,0.48,False,False
ExR3,PFGs,1823,2892,0.0554,0.0768,-0.47,False,False
FB6D,hDeltaC,1716,843,0.0388,0.028,0.47,False,False
FB6E,vDeltaE,611,579,0.0419,0.0302,0.47,False,False
FB4F_b,hDeltaI,553,324,0.015,0.0108,0.47,False,True
FB2C,FC2A,527,830,0.0164,0.0228,-0.47,False,False
vDeltaE,FS2,459,573,0.0159,0.022,-0.47,False,False
IbSpsP,PFNp_d,424,293,0.0942,0.0682,0.47,False,False
FB1G,FS2,414,517,0.0143,0.0199,-0.47,False,False
FB1B,FS4A,371,264,0.0263,0.019,0.47,False,False
FB2C,FC2B,288,584,0.0068,0.0094,-0.47,False,False
vDeltaA_a,FB8A,261,650,0.1851,0.2559,-0.47,False,False
FB4Y,FB5M,211,425,0.0945,0.1307,-0.47,False,False
hDeltaJ,FB4Q_b,203,665,0.0809,0.112,-0.47,True,True
ER2_a,ER2_c,5845,3561,0.1615,0.1172,0.46,False,False
ER2_c,ER2_d,1265,874,0.1648,0.1202,0.46,False,False
LNO1,FB4C,1112,748,0.0937,0.0681,0.46,False,False
FB2F_a,FR1,1111,897,0.0387,0.0281,0.46,True,False
FB1G,FC1B,872,597,0.0612,0.0446,0.46,False,True
FB7E,FS2,722,471,0.025,0.0181,0.46,False,False
PEG,EL,569,428,0.0076,0.0055,0.46,False,False
VES041,PFL2,467,354,0.0146,0.0106,0.46,False,False
hDeltaL,hDeltaL,413,459,0.0112,0.0155,-0.46,True,True
FB7C,FB7E,366,223,0.0554,0.0401,0.46,False,False
FB4Y,vDeltaM,362,416,0.0264,0.0365,-0.46,False,False
PFL2,LAL046,352,296,0.0405,0.0556,-0.46,False,False
vDeltaC,vDeltaC,348,535,0.0241,0.0331,-0.46,False,False
FB6B,hDeltaF,329,287,0.0092,0.0127,-0.46,True,False
FS2,FB6J,325,495,0.0655,0.0476,0.46,False,False
PFNp_b,PFNp_d,319,221,0.0708,0.0514,0.46,False,False
ER4d,ER4m,312,130,0.0111,0.0081,0.46,False,False
PFNp_d,vDeltaB,175,342,0.0177,0.0244,-0.46,False,False
FB3A,PFNd,5765,3911,0.1182,0.0866,0.45,False,False
PFNv,LNO1,2764,2198,0.2523,0.3443,-0.45,False,False
ER3d_d,ER3d_b,2316,1313,0.0924,0.126,-0.45,False,False
ExR3,ER3d_b,2245,1272,0.0896,0.1221,-0.45,False,False
ER2_a,ER2_d,1534,1063,0.1998,0.1461,0.45,False,False
PFL3,DNa02,736,275,0.0149,0.0203,-0.45,False,False
ER4m,ExR4,696,305,0.0339,0.0247,0.45,False,False
FB3A,FB4M,576,520,0.0288,0.0393,-0.45,False,False
PEN_b(PEN2),FB4Y,530,655,0.0225,0.0308,-0.45,False,False
vDeltaB,vDeltaB,490,950,0.0496,0.0678,-0.45,False,False
ER2_b,ER2_d,432,561,0.0563,0.0771,-0.45,False,False
PFNa,FB2E,374,313,0.1008,0.0739,0.45,False,True
LAL168,LNO2,355,151,0.0184,0.0134,0.45,True,False
FB1C,PEN_a(PEN1),353,368,0.0082,0.0112,-0.45,False,False
FB1D,FB1E_a,312,285,0.0975,0.1334,-0.45,False,False
FB1B,FC2C,304,361,0.0064,0.0088,-0.45,False,False
vDeltaE,FB5AA,295,367,0.0605,0.0825,-0.45,False,False
ER3d_d,ER3d_c,2421,1936,0.1851,0.1363,0.44,False,False
vDeltaM,hDeltaA,2250,1306,0.0447,0.0329,0.44,False,True
ExR5,PFL3,1458,1117,0.024,0.0177,0.44,False,False
hDeltaH,FB5U,1429,901,0.3026,0.2226,0.44,False,False
ExR3,ER3d_c,978,1441,0.0748,0.1015,-0.44,False,False
FB2D,FC1E,630,882,0.0666,0.0903,-0.44,False,True
vDeltaL,vDeltaK,557,774,0.0337,0.0459,-0.44,False,False
vDeltaB,FB7B,496,541,0.096,0.1305,-0.44,False,False
SMP184,LCNOpm,352,132,0.0201,0.0148,0.44,False,False
FB8E,FS4A,308,414,0.0219,0.0297,-0.44,False,False
PEN_a(PEN1),PEN_b(PEN2),3179,1989,0.0738,0.0546,0.43,False,False
vDeltaB,hDeltaE,3102,2945,0.1021,0.1373,-0.43,False,False
EPG,ER2_c,2701,1684,0.0746,0.0554,0.43,False,False
PFNa,LNOa,2642,2092,0.5153,0.6941,-0.43,False,False
PEN_b(PEN2),hDeltaK,1462,1103,0.0546,0.0404,0.43,False,False
EPG,ER2_a,1357,589,0.0681,0.0504,0.43,False,False
FB5AB,FC2B,1083,1176,0.0256,0.019,0.43,False,False
FB4H,vDeltaJ,990,719,0.1865,0.1386,0.43,False,False
FB5P,hDeltaH,730,479,0.025,0.0186,0.43,True,False
FB5D,hDeltaH,704,462,0.0241,0.0179,0.43,True,False
FC1B,FB2D,677,838,0.0362,0.0488,-0.43,True,False
ER2_d,ER2_d,674,858,0.0878,0.118,-0.43,False,False
FB3C,PFR_b,666,555,0.0257,0.019,0.43,False,False
FC1B,hDeltaC,665,609,0.015,0.0202,-0.43,True,False
PFL2,PFL2,606,468,0.019,0.014,0.43,False,False
PFNd,FB4L,570,401,0.0594,0.0802,-0.43,False,True
FB2D,hDeltaC,562,517,0.0127,0.0172,-0.43,False,False
FB2G_b,FC2B,511,552,0.0121,0.0089,0.43,False,False
FB1A,vDeltaD,354,447,0.0245,0.0331,-0.43,False,False
hDeltaB,FB4F_b,339,312,0.1374,0.102,0.43,True,False
LAL184,GLNO,309,114,0.0324,0.024,0.43,False,False
FR1,FB5H,259,320,0.0311,0.042,-0.43,False,False
FC2B,LAL022,245,302,0.0225,0.0304,-0.43,False,False
FB4P_b,hDeltaA,2833,2990,0.0563,0.0752,-0.42,True,True
FB4K,hDeltaA,2754,1625,0.0547,0.0409,0.42,False,True
hDeltaC,vDeltaF,1092,505,0.0738,0.055,0.42,False,False
PFNp_a,PFL2,1081,844,0.0338,0.0253,0.42,False,False
PFNp_e,PFNp_b,921,535,0.0354,0.0265,0.42,False,False
FB4O,FB4O,823,409,0.1005,0.0753,0.42,True,True
FB4F_a,vDeltaK,616,839,0.0372,0.0497,-0.42,False,False
LAL184,ExR4,489,219,0.0238,0.0178,0.42,False,False
FB5A,FR1,470,701,0.0164,0.0219,-0.42,False,False
PFNp_c,vDeltaG,306,317,0.0228,0.0305,-0.42,False,False
TuBu07,ER3w_a,286,375,0.0298,0.0399,-0.42,False,False
FB7L,PFGs,246,379,0.0075,0.0101,-0.42,False,False
FB8B,vDeltaB,243,460,0.0246,0.0328,-0.42,False,False
ER2_a,EPG,8225,5091,0.04,0.0301,0.41,False,False
FB4R,hDeltaB,3647,2378,0.0777,0.0585,0.41,True,True
hDeltaE,FC2C,2207,2538,0.0464,0.0617,-0.41,False,False
ER3d_b,ExR1,2201,1170,0.0402,0.0302,0.41,False,False
EPG,LPsP,2088,1819,0.1665,0.2215,-0.41,False,False
PEN_a(PEN1),ExR2,1995,2030,0.1803,0.2397,-0.41,False,False
vDeltaA_b,hDeltaD,1848,2124,0.0869,0.1154,-0.41,False,False
SA3,vDeltaA_a,1447,1993,0.0936,0.1242,-0.41,False,False
FB5X,FC2A,1179,1006,0.0367,0.0276,0.41,True,False
PFR_a,FB4O,953,841,0.1164,0.1547,-0.41,False,True
ER3a_c,EL,785,1083,0.0105,0.014,-0.41,False,False
FB5L,FB5AB,777,770,0.0634,0.0845,-0.41,False,False
FB5B,FB5I,720,586,0.0961,0.0721,0.41,False,False
ER4m,ExR2,700,403,0.0633,0.0476,0.41,False,False
EPG,ExR2,633,644,0.0572,0.0761,-0.41,False,False
FB6N,FB5AB,504,499,0.0411,0.0548,-0.41,False,False
FB5P,FB5S,484,611,0.0566,0.0753,-0.41,True,False
PFNp_c,FC2A,457,691,0.0142,0.019,-0.41,False,False
PFNv,Delta7,455,548,0.0088,0.0117,-0.41,False,False
vDeltaL,FB4G,448,402,0.0747,0.0563,0.41,False,False
vDeltaC,FB7L,418,411,0.0521,0.0694,-0.41,False,False
PFNp_b,vDeltaK,394,303,0.0238,0.0179,0.41,False,False
FB4O,hDeltaA,385,228,0.0076,0.0057,0.41,True,True
hDeltaJ,FR2,374,872,0.0698,0.0926,-0.41,True,False
FB5I,vDeltaG,371,216,0.0277,0.0208,0.41,False,False
FB2F_c,FC2A,350,529,0.0109,0.0145,-0.41,True,False
ER2_a,ExR5,332,227,0.0268,0.0202,0.41,False,False
ER3d_c,ExR3,211,315,0.0141,0.0187,-0.41,False,False
ER3d_b,ER3d_b,13157,4140,0.525,0.3973,0.4,False,False
hDeltaB,PFGs,3125,2707,0.095,0.0719,0.4,True,False
EPG,ExR8,913,1353,0.16,0.2106,-0.4,False,False
hDeltaE,PFGs,640,554,0.0195,0.0147,0.4,False,False
FB2E,PFL1,590,888,0.0369,0.0489,-0.4,True,False
FB7B,hDeltaE,565,528,0.0186,0.0246,-0.4,False,False
ExR7,ExR7,555,628,0.0808,0.0611,0.4,False,False
PFNp_d,PFL3,552,434,0.0091,0.0069,0.4,False,False
hDeltaF,FS4C,328,217,0.0493,0.0374,0.4,False,False
FB4F_a,vDeltaM,302,331,0.022,0.029,-0.4,False,False
FB5I,FB5B,262,327,0.052,0.0687,-0.4,False,False
CRE005,FB4G,257,405,0.0428,0.0568,-0.4,False,False
PEN_a(PEN1),PEN_a(PEN1),5446,3177,0.1258,0.0963,0.39,False,False
FB4C,PFNd,4366,3084,0.0895,0.0683,0.39,False,False
AOTU046,ExR1,3608,1943,0.0658,0.0502,0.39,False,False
ExR5,EL,1903,1508,0.0254,0.0195,0.39,False,False
FB5L,vDeltaF,1407,1142,0.0951,0.1243,-0.39,False,False
FC2B,hDeltaM,1073,1100,0.0424,0.0557,-0.39,False,True
vDeltaB,FB8G,933,1290,0.1575,0.2062,-0.39,False,False
hDeltaM,FB5A,888,913,0.0365,0.0478,-0.39,True,False
FB1G,hDeltaC,782,697,0.0177,0.0232,-0.39,False,False
FB1G,PFR_a,699,873,0.0165,0.0215,-0.39,False,False
FB6E,hDeltaF,543,260,0.0151,0.0115,0.39,False,False
SA2_a,vDeltaA_a,424,575,0.0274,0.0358,-0.39,False,False
oviIN,FC2C,418,275,0.0088,0.0067,0.39,True,False
FB5D,PFR_a,404,293,0.0095,0.0072,0.39,True,False
FC1A,FB2K,372,360,0.0493,0.0648,-0.39,True,False
FC1B,FB2F_a,337,383,0.05,0.0655,-0.39,True,True
ER3d_c,EL,307,419,0.0041,0.0054,-0.39,False,False
FC1A,FR2,172,395,0.0321,0.0419,-0.39,True,False
ER3d_c,ER3d_c,2963,4198,0.2265,0.2956,-0.38,False,False
LNO1,LNO2,1750,1329,0.0908,0.1182,-0.38,False,False
hDeltaD,ExR1,1456,787,0.0266,0.0203,0.38,False,False
PFL3,CRE041,910,493,0.0483,0.0371,0.38,False,False
vDeltaG,FC2B,835,935,0.0197,0.0151,0.38,False,False
FB1G,hDeltaK,701,549,0.0262,0.0201,0.38,False,False
PEN_a(PEN1),ER4m,700,309,0.025,0.0192,0.38,False,False
TuBu09,ExR1,685,370,0.0125,0.0096,0.38,False,False
EPGt,Delta7,594,412,0.0115,0.0088,0.38,False,False
ER3d_a,ER3d_d,576,319,0.0383,0.0293,0.38,False,False
FC1E,FB2B_b,502,594,0.0784,0.1016,-0.38,True,False
LAL203,LNO2,458,205,0.0238,0.0182,0.38,False,False
FR2,CRE051,386,377,0.0618,0.0805,-0.38,False,False
ExR7,ExR6,316,147,0.0152,0.0117,0.38,False,False
PFR_a,vDeltaM,303,328,0.0221,0.0287,-0.38,False,False
FB5A,FB5H,283,337,0.034,0.0442,-0.38,False,False
hDeltaC,PFGs,215,321,0.0065,0.0085,-0.38,False,False
Delta7,PFNp_c,1721,2435,0.094,0.1215,-0.37,False,False
PFL2,LAL076,1346,1753,0.229,0.2958,-0.37,False,False
ExR7,FB4Y,1252,874,0.0532,0.0411,0.37,False,False
FB8F_b,FB7A,1198,696,0.16,0.1241,0.37,False,False
PFNm_a,FC2C,749,836,0.0158,0.0203,-0.37,False,False
PFNp_c,PFNp_a,719,772,0.0542,0.0698,-0.37,False,False
ER3w_a,EL,702,562,0.0094,0.0073,0.37,False,False
FB2A,FB2B_a,509,550,0.0532,0.069,-0.37,False,False
FC2B,FB5Q,504,527,0.0742,0.0956,-0.37,False,False
hDeltaJ,vDeltaF,496,398,0.0335,0.0433,-0.37,True,False
FB6K,hDeltaC,492,433,0.0111,0.0144,-0.37,False,False
CRE107,FB5H,419,495,0.0503,0.065,-0.37,False,False
FB4G,vDeltaK,394,311,0.0238,0.0184,0.37,False,False
FB6D,hDeltaL,370,229,0.0101,0.0078,0.37,False,True
FB2E,FB2E,367,543,0.0989,0.1283,-0.37,True,True
FB2H_b,FC1E,336,269,0.0355,0.0275,0.37,False,True
LPsP,PFR_b,331,483,0.0128,0.0166,-0.37,False,False
ER6,ExR7,195,377,0.0284,0.0367,-0.37,False,False
ER2_c,ER4d,2601,1723,0.0456,0.0355,0.36,False,False
FB6C_b,hDeltaL,2367,1478,0.0644,0.05,0.36,False,True
FB4Y,vDeltaK,1376,1803,0.0832,0.1068,-0.36,False,False
FB4N,hDeltaJ,973,538,0.0256,0.0199,0.36,False,True
FC1A,FB2D,966,1142,0.0516,0.0665,-0.36,True,False
PFL3,LAL076,823,646,0.14,0.109,0.36,False,False
FS4C,SMP167,618,366,0.1693,0.1322,0.36,False,False
vDeltaC,FB6H,611,723,0.0849,0.1088,-0.36,False,False
FB4P_a,PFR_a,606,744,0.0143,0.0183,-0.36,True,False
FB1J,vDeltaA_b,562,554,0.0952,0.074,0.36,False,False
FB5O,FC2B,545,621,0.0129,0.01,0.36,True,False
FB5O,hDeltaG,481,501,0.0166,0.0213,-0.36,True,False
hDeltaE,vDeltaC,429,373,0.0297,0.023,0.36,False,False
CRE059,FB4M,415,213,0.0207,0.0161,0.36,False,False
FB7C,FC2C,368,410,0.0077,0.01,-0.36,False,False
PFR_a,FB4Q_a,324,527,0.1244,0.1602,-0.36,False,True
FB6T,FB6G,280,311,0.0827,0.1059,-0.36,False,False
FB4X,FR2,222,502,0.0414,0.0533,-0.36,False,False
ER3w_b,ER3w_b,10441,3997,0.523,0.4108,0.35,False,False
FR1,FR1,8694,7577,0.3025,0.237,0.35,False,False
ER2_a,EL,2069,1683,0.0277,0.0217,0.35,False,False
EPG,PFL3,1182,1569,0.0194,0.0248,-0.35,False,False
FB2G_a,FC2B,683,783,0.0161,0.0126,0.35,False,False
hDeltaG,FR1,657,932,0.0229,0.0291,-0.35,False,False
EPG,PFL1,538,778,0.0336,0.0428,-0.35,False,False
hDeltaC,FB6P,504,529,0.1868,0.147,0.35,False,False
vDeltaJ,hDeltaA,454,281,0.009,0.0071,0.35,False,True
PFNp_a,PFNp_d,430,323,0.0955,0.0752,0.35,False,False
EPG,P6-8P9,391,704,0.2583,0.3291,-0.35,False,False
FC2C,LAL022,380,271,0.0349,0.0273,0.35,False,False
LAL051,LCNOpm,306,122,0.0174,0.0136,0.35,False,False
FB4N,FR2,149,335,0.0278,0.0356,-0.35,False,False
ER3p_a,ER3p_a,7239,3965,0.4954,0.3915,0.34,False,False
PFNp_b,PFNp_b,3968,2434,0.1527,0.1207,0.34,False,False
FB7H,vDeltaC,1173,1039,0.0811,0.0642,0.34,False,False
PFNp_b,PFNp_a,1124,739,0.0847,0.0668,0.34,False,False
FB4I,hDeltaA,1082,673,0.0215,0.0169,0.34,False,True
EPG,ER1_b,1003,895,0.0881,0.1114,-0.34,False,False
ER1_b,ER1_b,833,744,0.0732,0.0926,-0.34,False,False
FB6V,hDeltaL,695,442,0.0189,0.015,0.34,False,True
ER3a_b,ExR1,621,345,0.0113,0.0089,0.34,False,False
FB5I,vDeltaE,583,969,0.04,0.0505,-0.34,False,False
FC2C,FB5Q,582,373,0.0857,0.0677,0.34,False,False
PFL3,LCNOp,561,406,0.0848,0.0668,0.34,False,False
FB4Y,vDeltaL,526,621,0.0426,0.0541,-0.34,False,False
LAL184,ExR2,489,295,0.0442,0.0348,0.34,False,False
ER3p_b,ER3d_b,460,242,0.0184,0.0232,-0.34,False,False
ExR1,ExR7,394,466,0.0574,0.0454,0.34,False,False
PFNv,hDeltaJ,387,217,0.0102,0.008,0.34,False,True
FC2C,FB4C,381,445,0.0321,0.0405,-0.34,False,False
FB6F,hDeltaL,2764,1770,0.0752,0.0599,0.33,False,True
PFL1,LAL087,2252,929,0.5928,0.4713,0.33,False,False
ER1_b,EL,1655,2163,0.0221,0.0279,-0.33,False,False
ER2_d,ER2_a,1328,978,0.0666,0.0836,-0.33,False,False
PFR_b,PFGs,1310,1194,0.0398,0.0317,0.33,False,False
ER2_d,ER2_c,1150,766,0.0318,0.0252,0.33,False,False
FB2B_b,PFL1,1123,1607,0.0702,0.0884,-0.33,False,False
hDeltaD,vDeltaB,1092,1233,0.1105,0.088,0.33,False,False
FB5X,PFL2,629,823,0.0197,0.0247,-0.33,True,False
FB2F_a,FC1E,571,470,0.0603,0.0481,0.33,True,True
IbSpsP,PFNp_e,535,634,0.0745,0.0936,-0.33,False,False
hDeltaB,FB4J,462,439,0.1717,0.1363,0.33,True,False
FB7J,hDeltaD,454,312,0.0214,0.0169,0.33,False,False
FB5O,PFR_b,371,525,0.0143,0.018,-0.33,True,False
PFR_a,FB4K,359,386,0.045,0.0567,-0.33,False,False
FB6X,FB6J,322,534,0.0649,0.0514,0.33,True,False
FB5H,PFL3,242,318,0.004,0.005,-0.33,False,False
FB2I_a,PFL3,230,302,0.0038,0.0048,-0.33,False,False
vDeltaL,FB4P_a,216,332,0.0257,0.0322,-0.33,False,True
ExR4,PEN_b(PEN2),5030,3398,0.1167,0.0932,0.32,False,False
FB8H,hDeltaD,1859,1292,0.0874,0.0702,0.32,False,False
ExR7,ExR5,1703,1239,0.1376,0.1101,0.32,False,False
PFNp_e,PFNp_c,1586,1390,0.0867,0.0693,0.32,False,False
TuBu02,ER3m,963,580,0.0426,0.0342,0.32,False,False
FB1G,FB3C,909,722,0.0997,0.1242,-0.32,False,False
hDeltaF,vDeltaD,797,599,0.0552,0.0443,0.32,False,False
PFNa,FB2A,782,741,0.0781,0.0978,-0.32,False,False
TuBu05,ER3p_a,764,424,0.0523,0.0419,0.32,False,False
FB5F,PFL3,609,791,0.01,0.0125,-0.32,False,False
hDeltaD,FS4B,579,769,0.113,0.0906,0.32,False,False
vDeltaA_a,FB8E,544,664,0.2031,0.2534,-0.32,False,False
hDeltaM,hDeltaH,516,571,0.0177,0.0221,-0.32,True,False
FB8F_b,FB7K,472,338,0.1433,0.1149,0.32,False,False
vDeltaA_b,vDeltaA_b,388,395,0.0657,0.0527,0.32,False,False
CRE042,FB5K,321,616,0.0684,0.0851,-0.32,False,False
PFR_a,vDeltaL,315,365,0.0255,0.0318,-0.32,False,False
FC2A,FB5X,1903,1503,0.2033,0.1641,0.31,False,True
FB2F_a,FB2B_a,1891,1271,0.1977,0.1594,0.31,True,False
ER3d_c,ER3d_d,1732,1557,0.1151,0.143,-0.31,False,False
Delta7,PFNp_a,1635,1686,0.1232,0.1525,-0.31,False,False
FB8B,ExR1,1220,695,0.0223,0.018,0.31,False,False
ER3a_b,ER3a_b,1062,390,0.1872,0.1511,0.31,False,False
vDeltaG,hDeltaM,954,926,0.0377,0.0469,-0.31,False,True
ExR4,ExR8,762,1064,0.1335,0.1656,-0.31,False,False
ExR5,FB2B_b,695,513,0.1085,0.0878,0.31,False,False
FB6G,vDeltaD,689,521,0.0477,0.0385,0.31,False,False
FB1D,vDeltaA_b,689,1082,0.1167,0.1444,-0.31,False,False
PFL2,FB5A,614,597,0.0253,0.0313,-0.31,False,False
FB4G,hDeltaI,591,596,0.016,0.0198,-0.31,False,True
SA1_b,vDeltaA_a,524,676,0.0339,0.0421,-0.31,False,False
PFNp_e,PFNp_e,522,398,0.0727,0.0588,0.31,False,False
FB1G,PFR_b,498,696,0.0192,0.0239,-0.31,False,False
vDeltaK,FB4Y,443,496,0.0188,0.0233,-0.31,False,False
PFL2,PS010,424,249,0.0332,0.0411,-0.31,False,False
LNO1,FB3A,413,233,0.0354,0.0285,0.31,False,False
ER6,ExR1,348,198,0.0064,0.0051,0.31,False,False
hDeltaG,FB6J,326,846,0.0657,0.0814,-0.31,False,False
vDeltaA_b,FB8E,323,391,0.1206,0.1492,-0.31,False,False
FB4O,FB5X,323,254,0.0345,0.0277,0.31,True,True
ER3d_d,EL,264,342,0.0035,0.0044,-0.31,False,False
vDeltaA_a,vDeltaA_b,220,346,0.0373,0.0462,-0.31,False,False
PEN_b(PEN2),PEN_b(PEN2),6224,4270,0.1444,0.1172,0.3,False,False
Delta7,PFL1,4732,6634,0.2958,0.365,-0.3,False,False
ER2_a,ER2_a,4121,1963,0.2067,0.1679,0.3,False,False
FC2C,FB5A,2889,1843,0.1189,0.0966,0.3,False,False
PEN_b(PEN2),ER4m,1897,885,0.0677,0.0549,0.3,False,False
FB5S,hDeltaG,1827,1209,0.063,0.0513,0.3,False,False
FB2F_a,hDeltaC,1493,825,0.0338,0.0274,0.3,True,False
ExR2,ER4d,964,1015,0.0169,0.0209,-0.3,False,False
PFNm_b,vDeltaB,910,1045,0.092,0.0746,0.3,False,False
PFNp_a,PFNp_b,896,563,0.0345,0.0279,0.3,False,False
PFGs,FB6D,855,1013,0.138,0.1695,-0.3,False,False
FB7G,FC2C,776,825,0.0163,0.0201,-0.3,False,False
ER3a_c,ER3a_c,702,649,0.1629,0.2002,-0.3,False,False
ExR1,ER3d_a,579,641,0.054,0.0439,0.3,False,False
FB5M,PFL3,446,574,0.0073,0.0091,-0.3,False,False
FB8B,FB7L,331,301,0.0413,0.0508,-0.3,False,False
CRE024,FB1H,225,356,0.0174,0.0215,-0.3,False,True
PFNv,PFNv,9048,7125,0.4375,0.3568,0.29,False,False
PFNd,PFNd,8109,6133,0.1663,0.1358,0.29,False,False
LCNOp,PFNp_a,3115,2122,0.2347,0.1919,0.29,False,False
ER3d_b,ER3d_d,3023,1793,0.2009,0.1647,0.29,False,False
hDeltaB,vDeltaL,2094,2383,0.1697,0.2075,-0.29,True,False
FB4Q_a,hDeltaA,1443,1394,0.0287,0.0351,-0.29,True,True
FC2A,FB5A,960,616,0.0395,0.0323,0.29,False,False
FB6C_b,FC2C,935,661,0.0197,0.0161,0.29,False,False
FB6R,FC2C,699,494,0.0147,0.012,0.29,False,False
vDeltaE,FB6N,570,625,0.1911,0.1563,0.29,False,False
PFNa,FB2I_a,518,462,0.0456,0.0373,0.29,False,False
FB6C_b,OA-VPM3,443,390,0.023,0.028,-0.29,False,False
FB8F_b,hDeltaD,415,441,0.0195,0.024,-0.29,False,False
FB5AA,FS2,374,275,0.013,0.0106,0.29,False,False
FB6T,FB6E,333,468,0.0853,0.1045,-0.29,False,False
hDeltaI,FB5E,317,293,0.078,0.0638,0.29,True,True
FC1E,FB2K,304,274,0.0403,0.0493,-0.29,True,False
FB4F_a,vDeltaL,272,310,0.022,0.027,-0.29,False,False
ER4d,EL,3917,4916,0.0524,0.0634,-0.28,False,False
ExR6,EL,3750,4732,0.0501,0.0611,-0.28,False,False
ER3m,ExR1,3255,2789,0.0594,0.0721,-0.28,False,False
hDeltaB,FB4N,2331,2646,0.1899,0.2301,-0.28,True,False
FB4F_a,hDeltaA,1604,1533,0.0319,0.0386,-0.28,False,True
PFNd,hDeltaA,1587,1521,0.0315,0.0383,-0.28,False,True
FC1D,PFL1,1349,1260,0.0843,0.0693,0.28,True,False
hDeltaE,FB7J,993,1074,0.1671,0.1381,0.28,False,False
FB6I,hDeltaL,959,636,0.0261,0.0215,0.28,False,True
PFL1,WED082,845,156,0.2078,0.2524,-0.28,False,False
PFNa,FC1E,790,992,0.0835,0.1016,-0.28,False,True
ER1_b,ER1_a,703,734,0.0735,0.0893,-0.28,False,False
FB5J,hDeltaJ,672,581,0.0177,0.0215,-0.28,False,True
TuBu03,ER3d_c,590,777,0.0451,0.0547,-0.28,False,False
hDeltaE,hDeltaF,537,278,0.015,0.0123,0.28,False,False
FB2D,hDeltaI,489,327,0.0132,0.0109,0.28,False,True
FB5X,hDeltaM,480,455,0.019,0.023,-0.28,True,True
PFL2,LAL014,464,316,0.0262,0.0318,-0.28,False,False
vDeltaK,FB4G,443,640,0.0739,0.0897,-0.28,False,False
FC1E,FR2,336,487,0.0627,0.0517,0.28,True,False
hDeltaE,FS4A,326,392,0.0231,0.0282,-0.28,False,False
FB6Z,hDeltaF,313,162,0.0087,0.0072,0.28,False,False
FB2B_b,FC1A,280,314,0.0257,0.0311,-0.28,False,True
hDeltaB,vDeltaK,246,305,0.0149,0.0181,-0.28,True,False
hDeltaB,hDeltaK,4672,3958,0.1744,0.1448,0.27,True,False
vDeltaM,vDeltaK,3058,2594,0.1849,0.1537,0.27,False,False
ER3a_a,ExR1,3053,1790,0.0557,0.0463,0.27,False,False
hDeltaC,FC2B,2414,4262,0.057,0.0688,-0.27,False,False
PFNp_c,PFNm_a,1744,1873,0.1548,0.128,0.27,False,False
FB5AB,vDeltaE,1103,1203,0.0756,0.0627,0.27,False,False
FB2K,FB2G_b,1099,551,0.1717,0.1424,0.27,False,False
ER1_a,PEN_a(PEN1),1073,989,0.0248,0.03,-0.27,False,False
TuBu04,ER3d_b,972,336,0.0388,0.0322,0.27,False,False
FB6K,hDeltaL,955,928,0.026,0.0314,-0.27,False,True
FC1E,PFL1,849,798,0.0531,0.0439,0.27,True,False
IbSpsP,PFNm_a,841,1320,0.0746,0.0902,-0.27,False,False
FB6V,hDeltaG,666,653,0.023,0.0277,-0.27,False,False
FB4X,PFR_a,635,501,0.0149,0.0123,0.27,False,False
ER2_d,ER2_b,567,844,0.1046,0.1259,-0.27,False,False
FB2E,FB2D,527,584,0.0282,0.034,-0.27,True,False
FB6D,FC2C,527,377,0.0111,0.0092,0.27,False,False
TuBu03,ER3d_a,485,548,0.0452,0.0375,0.27,False,False
FB4X,FC2A,435,595,0.0135,0.0163,-0.27,False,False
FB1E_a,vDeltaD,434,336,0.0301,0.0248,0.27,False,False
FB2K,hDeltaM,425,400,0.0168,0.0202,-0.27,False,True
FB8G,FS4A,406,332,0.0288,0.0239,0.27,False,False
LAL052,LCNOpm,395,167,0.0225,0.0187,0.27,False,False
OA-VPM3,hDeltaH,361,385,0.0124,0.0149,-0.27,False,False
FB7K,FB1I,359,291,0.1063,0.0883,0.27,False,False
FB6C_a,FC2C,342,244,0.0072,0.0059,0.27,False,False
ExR1,EPG,6272,4309,0.0305,0.0255,0.26,False,False
ExR5,EPG,6057,4149,0.0295,0.0245,0.26,False,False
ER1_b,EPG,5634,5573,0.0274,0.0329,-0.26,False,False
PEG,ER6,4431,2113,0.354,0.4235,-0.26,False,False
ER2_d,EPG,3295,3249,0.016,0.0192,-0.26,False,False
PEN_b(PEN2),PEN_a(PEN1),3067,1951,0.0708,0.0591,0.26,False,False
FB6I,hDeltaF,2368,1250,0.0659,0.0552,0.26,False,False
hDeltaB,hDeltaA,2216,1461,0.044,0.0368,0.26,True,True
ER4d,ExR5,1941,2108,0.1568,0.1873,-0.26,False,False
PFNp_a,PFNp_e,1134,891,0.1579,0.1316,0.26,False,False
FB2B_a,FC1A,945,732,0.0867,0.0726,0.26,False,True
FB7A,FB7A,924,829,0.1234,0.1479,-0.26,False,False
FB2F_a,vDeltaG,913,592,0.0681,0.0569,0.26,True,False
ER4d,PEN_b(PEN2),775,786,0.018,0.0216,-0.26,False,False
FS4A,FS4A,706,584,0.0501,0.042,0.26,False,False
ER2_b,EL,518,646,0.0069,0.0083,-0.26,False,False
EPG,ER2_d,511,404,0.0666,0.0555,0.26,False,False
PFNm_b,FB1C,420,233,0.0316,0.0264,0.26,False,False
ExR1,ExR1,386,227,0.007,0.0059,0.26,False,False
FB4R,FB4R,370,264,0.0548,0.0654,-0.26,True,True
ER3m,EL,326,280,0.0044,0.0036,0.26,False,False
FB4P_a,PFL3,279,349,0.0046,0.0055,-0.26,True,False
ExR5,vDeltaK,257,315,0.0155,0.0187,-0.26,False,False
vDeltaA_a,vDeltaA_a,3266,4029,0.2112,0.2511,-0.25,False,False
FC2C,PFL3,2700,2366,0.0444,0.0374,0.25,False,False
FC1D,FB2D,2019,1559,0.1079,0.0908,0.25,True,False
ER3d_a,ER3d_c,2012,2595,0.1538,0.1827,-0.25,False,False
IbSpsP,PFNp_b,1917,1773,0.0738,0.0879,-0.25,False,False
hDeltaB,FB4C,1806,1990,0.1521,0.1812,-0.25,True,False
hDeltaG,FC2B,1711,2979,0.0404,0.0481,-0.25,False,False
PFNm_a,PFNm_b,1644,1199,0.1308,0.1555,-0.25,False,False
FB6E,hDeltaC,1602,1300,0.0362,0.0432,-0.25,False,False
PFNa,hDeltaC,1303,1057,0.0295,0.0351,-0.25,False,False
FB8E,hDeltaD,1256,1291,0.0591,0.0701,-0.25,False,False
FB2F_b,FC2B,1135,1972,0.0268,0.0318,-0.25,True,False
Delta7,EPGt,1067,1054,0.3591,0.4276,-0.25,False,False
FB6F,FC2C,1023,1052,0.0215,0.0256,-0.25,False,False
hDeltaC,FB6E,994,959,0.2546,0.2142,0.25,False,False
FB3A,hDeltaB,883,641,0.0188,0.0158,0.25,False,True
FB5J,hDeltaC,881,504,0.0199,0.0167,0.25,False,False
PFNm_a,PFNp_c,834,1089,0.0456,0.0543,-0.25,False,False
FB8B,hDeltaD,547,399,0.0257,0.0217,0.25,False,False
FB6C_b,FB6C_b,518,364,0.0625,0.0741,-0.25,False,False
FB8E,hDeltaE,485,408,0.016,0.019,-0.25,False,False
FB2I_b,FB2F_a,458,472,0.0679,0.0807,-0.25,False,True
LPsP,PFNp_a,410,406,0.0309,0.0367,-0.25,False,False
FR1,SMP457,350,264,0.0579,0.0691,-0.25,False,False
FB2F_c,vDeltaE,298,468,0.0204,0.0244,-0.25,True,False
hDeltaE,FS2,298,319,0.0103,0.0123,-0.25,False,False
PFNa,PFNa,14566,11374,0.3746,0.318,0.24,False,False
EPG,EPG,11486,7980,0.0559,0.0471,0.24,False,False
LNO2,PFNd,9610,7555,0.1971,0.1672,0.24,False,False
FC2B,PFL3,2478,3041,0.0407,0.0481,-0.24,False,False
FB2D,FC1D,1994,1998,0.1738,0.2057,-0.24,False,True
FB5X,PFL3,1429,1755,0.0235,0.0278,-0.24,True,False
ExR3,EL,1409,1731,0.0188,0.0223,-0.24,False,False
hDeltaA,PFR_b,1034,1380,0.04,0.0473,-0.24,True,False
hDeltaB,hDeltaB,882,905,0.0188,0.0223,-0.24,True,True
ER2_d,EL,758,928,0.0101,0.012,-0.24,False,False
ExR3,ExR1,733,611,0.0134,0.0158,-0.24,False,False
FC1A,PFL1,672,901,0.042,0.0496,-0.24,True,False
FB8G,hDeltaD,613,448,0.0288,0.0243,0.24,False,False
FB8H,FS4A,555,647,0.0394,0.0465,-0.24,False,False
MBON09,FB4R,492,347,0.0728,0.086,-0.24,True,True
FB7C,hDeltaF,468,249,0.013,0.011,0.24,False,False
FC2A,hDeltaM,452,418,0.0179,0.0212,-0.24,False,True
vDeltaA_a,SAF,426,459,0.1678,0.1979,-0.24,False,False
ExR7,EL,422,519,0.0056,0.0067,-0.24,False,False
FB9B_d,vDeltaA_a,408,358,0.0264,0.0223,0.24,False,False
ExR8,PS261,406,57,0.0692,0.0819,-0.24,False,False
hDeltaJ,FB5J,403,506,0.1451,0.171,-0.24,True,False
FB2K,PFL3,385,339,0.0063,0.0054,0.24,False,False
vDeltaD,FB7I,373,292,0.0486,0.0411,0.24,False,False
PFNv,FB3C,334,251,0.0366,0.0432,-0.24,False,False
hDeltaE,FS3,51,1727,0.0725,0.0614,0.24,False,False
ER4m,EPG,21202,14903,0.1032,0.0881,0.23,False,False
ER5,ExR1,10044,8301,0.1833,0.2146,-0.23,False,False
EPG,ER4m,4487,2204,0.1602,0.1367,0.23,False,False
FB5A,FC2B,2887,3612,0.0681,0.0583,0.23,False,False
PFNp_b,PFNp_c,2218,2073,0.1212,0.1034,0.23,False,False
PFNa,FC1D,2057,2039,0.1792,0.2099,-0.23,False,True
hDeltaI,PFL2,1942,1730,0.0608,0.0519,0.23,True,False
FB5A,hDeltaM,1611,1479,0.0637,0.0748,-0.23,False,True
FC1A,FB2B_a,1359,967,0.1421,0.1213,0.23,True,False
ExR1,ER3d_b,1231,436,0.0491,0.0418,0.23,False,False
FC2B,PFL2,1230,1507,0.0385,0.0452,-0.23,False,False
ER4m,ER2_b,1076,1555,0.1985,0.232,-0.23,False,False
FB5A,FS2,983,1039,0.0341,0.04,-0.23,False,False
FB1D,FB1D,638,559,0.1658,0.1947,-0.23,False,False
PFNp_c,hDeltaC,570,455,0.0129,0.0151,-0.23,False,False
ExR1,ER3a_a,566,382,0.0378,0.0444,-0.23,False,False
LPsP,PFNp_b,513,467,0.0197,0.0232,-0.23,False,False
PFNd,FB4B,491,423,0.048,0.0564,-0.23,False,False
FB1E_a,hDeltaF,474,255,0.0132,0.0113,0.23,False,False
hDeltaC,FB6G,445,330,0.1314,0.1123,0.23,False,False
FC2C,AOTU042,394,126,0.0094,0.008,0.23,False,True
FB5I,FC2B,394,678,0.0093,0.0109,-0.23,False,False
hDeltaC,FB5J,364,331,0.131,0.1119,0.23,False,False
hDeltaA,FS2,345,265,0.012,0.0102,0.23,True,False
vDeltaK,vDeltaK,305,366,0.0184,0.0217,-0.23,False,False
PFR_a,PFL3,296,363,0.0049,0.0057,-0.23,False,False
hDeltaG,FB6K,291,346,0.0534,0.0625,-0.23,False,False
PFNd,FB1H,274,300,0.0212,0.0181,0.23,False,True
PFL1,LAL047,4086,1645,0.4359,0.5074,-0.22,False,False
PFNd,FB3A,4020,3283,0.3448,0.4012,-0.22,False,False
PFNp_c,PFNp_c,2822,3603,0.1542,0.1797,-0.22,False,False
ExR7,ExR4,1947,1363,0.0949,0.1106,-0.22,False,False
FB7L,hDeltaF,1721,931,0.0479,0.0411,0.22,False,False
PFNp_c,hDeltaJ,1705,1045,0.0449,0.0386,0.22,False,True
hDeltaC,vDeltaE,1604,1809,0.11,0.0942,0.22,False,False
FB7K,hDeltaE,1585,959,0.0522,0.0447,0.22,False,False
hDeltaM,PFL2,1555,1397,0.0487,0.0419,0.22,True,False
ER3a_b,EL,1148,1022,0.0154,0.0132,0.22,False,False
FB1G,hDeltaJ,1122,686,0.0295,0.0253,0.22,False,True
ExR1,ER3d_d,994,618,0.0661,0.0568,0.22,False,False
FB3C,FB4N,951,766,0.0775,0.0666,0.22,False,False
FC1F,FB2B_a,936,906,0.0978,0.1136,-0.22,True,False
PFNp_b,FC2B,838,1053,0.0198,0.017,0.22,False,False
PFR_b,hDeltaG,795,555,0.0274,0.0235,0.22,False,False
FC1D,FB2B_b,743,581,0.116,0.0994,0.22,True,False
FB1E_a,vDeltaC,628,602,0.0434,0.0372,0.22,False,False
FC2C,FC2C,607,450,0.0128,0.0109,0.22,False,False
ExR5,PFR_a,591,483,0.0139,0.0119,0.22,False,False
PFL3,LAL101,497,347,0.1029,0.1199,-0.22,False,False
FB2I_a,FS4B,488,942,0.0953,0.111,-0.22,False,False
FB8G,hDeltaL,478,329,0.013,0.0111,0.22,False,True
PFNd,LNO1,428,291,0.0391,0.0456,-0.22,False,False
FB4K,vDeltaK,424,370,0.0256,0.0219,0.22,False,False
PLP231,IbSpsP,404,306,0.0239,0.0205,0.22,False,False
FB8H,hDeltaE,391,321,0.0129,0.015,-0.22,False,False
FB6M,SIP064,372,251,0.0834,0.0716,0.22,False,False
hDeltaC,FB6V,371,387,0.0763,0.0888,-0.22,False,False
FB2G_a,hDeltaJ,355,296,0.0093,0.0109,-0.22,False,True
FB2H_b,FC1D,334,242,0.0291,0.0249,0.22,False,True
PFNp_b,vDeltaE,303,465,0.0208,0.0242,-0.22,False,False
hDeltaC,FB5B,285,314,0.0566,0.066,-0.22,False,False
hDeltaJ,FC2B,2573,3253,0.0607,0.0525,0.21,True,False
PFL3,LAL083,1301,617,0.0403,0.0466,-0.21,False,False
PFNp_a,vDeltaK,1253,1107,0.0757,0.0656,0.21,False,False
hDeltaH,FB5S,872,956,0.102,0.1179,-0.21,False,False
hDeltaH,FS2,786,611,0.0272,0.0235,0.21,False,False
PFNv,PFNa,749,795,0.0193,0.0222,-0.21,False,False
FB9A,hDeltaD,596,445,0.028,0.0242,0.21,False,False
FB7J,hDeltaF,578,423,0.0161,0.0187,-0.21,False,False
FB6D,OA-VPM3,515,429,0.0267,0.0308,-0.21,False,False
FC1B,FC1D,491,359,0.0428,0.037,0.21,True,True
FB5E,FR1,488,628,0.017,0.0196,-0.21,True,False
FB5B,PFGs,487,482,0.0148,0.0128,0.21,False,False
vDeltaD,FS2,431,448,0.0149,0.0172,-0.21,False,False
FB5F,hDeltaM,425,385,0.0168,0.0195,-0.21,False,True
EPGt,PEG,341,366,0.0163,0.0189,-0.21,False,False
vDeltaG,FB5H,341,360,0.041,0.0472,-0.21,False,False
FB5M,PFL2,273,330,0.0085,0.0099,-0.21,False,False
FB1G,vDeltaE,224,341,0.0154,0.0178,-0.21,False,False
FS4B,FS4B,182,348,0.0355,0.041,-0.21,False,False
LNOa,PFNa,8698,6942,0.2237,0.1941,0.2,False,False
FB7A,hDeltaE,3720,2284,0.1224,0.1065,0.2,False,False
hDeltaL,FC2C,3187,3175,0.0671,0.0772,-0.2,True,False
hDeltaH,FC2B,2437,3102,0.0575,0.0501,0.2,False,False
FB7I,hDeltaL,2130,1489,0.0579,0.0504,0.2,False,True
EL,EL,1493,1345,0.02,0.0174,0.2,False,False
FB6P,hDeltaC,1399,827,0.0316,0.0275,0.2,False,False
FB1E_a,FC2C,1066,804,0.0224,0.0196,0.2,False,False
hDeltaB,FS4A,849,729,0.0602,0.0524,0.2,True,False
PFL3,FB5A,806,552,0.0332,0.0289,0.2,False,False
hDeltaD,FB8B,805,618,0.182,0.1585,0.2,False,False
FR1,CRE105,778,676,0.2316,0.2012,0.2,False,False
ExR1,ER3d_c,748,708,0.0572,0.0499,0.2,False,False
PFNp_b,PFNp_e,728,597,0.1014,0.0882,0.2,False,False
FB6C_a,hDeltaL,697,486,0.019,0.0165,0.2,False,True
PFNp_c,PFNp_e,527,569,0.0734,0.084,-0.2,False,False
vDeltaD,FB6U,488,547,0.0681,0.0782,-0.2,False,False
vDeltaA_b,FB8G,450,413,0.0759,0.066,0.2,False,False
PFR_a,FB4R,421,289,0.0623,0.0716,-0.2,False,True
FB2F_c,FC2C,414,311,0.0087,0.0076,0.2,True,False
FB1G,FR1,391,500,0.0136,0.0156,-0.2,False,False
PLP078,LNO2,363,184,0.0188,0.0164,0.2,False,False
ER3d_a,EL,314,376,0.0042,0.0049,-0.2,False,False
PEN_a(PEN1),EPG,14398,13486,0.0701,0.0797,-0.19,False,False
ER4m,EL,4052,3669,0.0542,0.0473,0.19,False,False
FB2D,FC1F,2248,2296,0.2336,0.2046,0.19,False,True
PEN_b(PEN2),ER2_c,1579,1159,0.0436,0.0382,0.19,False,False
hDeltaC,vDeltaD,1262,1037,0.0874,0.0767,0.19,False,False
FB7I,FS2,1056,1086,0.0366,0.0418,-0.19,False,False
hDeltaB,hDeltaH,1010,783,0.0346,0.0304,0.19,True,False
MBON21,FB4R,756,516,0.1119,0.1278,-0.19,False,True
FB2B_b,FC1E,682,805,0.0721,0.0824,-0.19,False,True
FB4O,FC2A,633,630,0.0197,0.0173,0.19,True,False
ExR6,ExR2,628,547,0.0568,0.0646,-0.19,False,False
ExR1,ER4d,546,531,0.0096,0.0109,-0.19,False,False
FC1D,FC1E,531,480,0.0561,0.0491,0.19,True,True
TuBu03,ExR1,530,327,0.0097,0.0085,0.19,False,False
PFR_a,FB4P_b,517,1511,0.1129,0.1288,-0.19,False,True
FS2,SMP457,509,366,0.0842,0.0957,-0.19,False,False
ExR5,TuBu01,465,139,0.0706,0.0618,0.19,False,False
FB2B_b,FC1D,440,424,0.0383,0.0436,-0.19,False,True
FB6V,FR1,372,473,0.0129,0.0148,-0.19,False,False
ExR4,EL,355,421,0.0047,0.0054,-0.19,False,False
FB1J,vDeltaB,349,433,0.0353,0.0309,0.19,False,False
ER6,ExR8,318,409,0.0557,0.0637,-0.19,False,False
FB1G,FC1A,313,254,0.0287,0.0252,0.19,False,True
hDeltaF,FB6P,262,306,0.0971,0.085,0.19,False,False
PFNp_d,FC2A,248,322,0.0077,0.0088,-0.19,False,False
FB8H,FS3,20,910,0.0284,0.0324,-0.19,False,False
PFL1,LAL048,3015,1213,0.4234,0.3745,0.18,False,False
IbSpsP,PFNp_a,1308,1233,0.0985,0.1115,-0.18,False,False
FB7I,hDeltaE,919,572,0.0302,0.0267,0.18,False,False
PFNp_b,vDeltaG,782,534,0.0583,0.0514,0.18,False,False
PFNp_c,FC2B,561,933,0.0132,0.0151,-0.18,False,False
FB8H,FB8C,521,604,0.1079,0.1223,-0.18,False,False
FB6D,PFGs,512,518,0.0156,0.0138,0.18,False,False
FB7A,FB1I,508,436,0.1504,0.1324,0.18,False,False
hDeltaJ,hDeltaJ,440,356,0.0116,0.0132,-0.18,True,True
LAL145,LCNOpm,430,194,0.0245,0.0217,0.18,False,False
FB2B_a,FB2A,421,360,0.042,0.0475,-0.18,False,False
vDeltaC,FB6B,249,479,0.0868,0.0982,-0.18,False,True
FB5T,FB5R,160,373,0.0518,0.0457,0.18,True,False
ER3a_a,ER3a_a,5138,2627,0.3427,0.305,0.17,False,False
hDeltaI,PFL3,3468,3214,0.057,0.0508,0.17,True,False
hDeltaB,FR1,3168,3962,0.1102,0.1239,-0.17,True,False
ER1_b,PEN_a(PEN1),2174,1474,0.0502,0.0447,0.17,False,False
PFNp_a,PFNp_a,1970,1461,0.1484,0.1321,0.17,False,False
FC1E,FB2D,1789,1460,0.0956,0.085,0.17,True,False
EPG,ExR7,1389,2338,0.2023,0.2276,-0.17,False,False
FB5K,vDeltaH,976,1501,0.1525,0.1358,0.17,False,False
hDeltaF,PFGs,726,738,0.0221,0.0196,0.17,False,False
ER3a_b,ER3a_d,718,735,0.1553,0.1747,-0.17,False,False
FB4X,hDeltaM,712,493,0.0281,0.0249,0.17,False,True
PEN_b(PEN2),ExR7,677,1137,0.0986,0.1107,-0.17,False,False
vDeltaG,FB4Y,635,645,0.027,0.0304,-0.17,False,False
FB2I_a,FS4C,630,618,0.0948,0.1064,-0.17,False,False
FB5O,hDeltaH,480,478,0.0164,0.0185,-0.17,True,False
FB4K,vDeltaL,470,388,0.0381,0.0338,0.17,False,False
FB5A,hDeltaL,469,424,0.0128,0.0144,-0.17,False,True
hDeltaD,vDeltaC,429,542,0.0297,0.0335,-0.17,False,False
PFNa,PFL1,411,414,0.0257,0.0228,0.17,False,False
hDeltaL,FB6K,372,426,0.0683,0.077,-0.17,True,False
FB4N,PFL3,357,417,0.0059,0.0066,-0.17,False,False
FB7L,FB7J,306,357,0.0515,0.0459,0.17,False,False
FB5Q,FC2B,269,350,0.0063,0.0056,0.17,False,False
EPG,ExR6,10169,6870,0.4883,0.5454,-0.16,False,False
hDeltaB,hDeltaJ,4232,3365,0.1114,0.1243,-0.16,True,True
ER2_c,EL,3691,4278,0.0494,0.0552,-0.16,False,False
PFNp_c,PFNp_b,2847,2461,0.1096,0.122,-0.16,False,False
PFR_b,LAL002,2699,993,0.4767,0.4275,0.16,False,False
FB6C_a,hDeltaF,1551,877,0.0432,0.0388,0.16,False,False
PFNm_a,PFNp_b,1479,1281,0.0569,0.0635,-0.16,False,False
FB7L,hDeltaE,1366,865,0.045,0.0403,0.16,False,False
FB6O,vDeltaD,1113,935,0.0771,0.0691,0.16,False,False
FB7G,hDeltaL,793,569,0.0216,0.0193,0.16,False,True
hDeltaG,vDeltaE,653,771,0.0448,0.0402,0.16,False,False
PFR_a,PFR_b,579,727,0.0224,0.0249,-0.16,False,False
FB8G,FS2,544,548,0.0188,0.0211,-0.16,False,False
hDeltaF,FB7I,535,442,0.0696,0.0622,0.16,False,False
FB9B_d,hDeltaD,506,392,0.0238,0.0213,0.16,False,False
ExR5,ER4d,395,300,0.0069,0.0062,0.16,False,False
vDeltaC,PFGs,372,477,0.0113,0.0127,-0.16,False,False
PFNp_a,FC2A,296,374,0.0092,0.0103,-0.16,False,False
FC2B,FC2B,253,413,0.006,0.0067,-0.16,False,False
vDeltaD,FB6B,221,336,0.0771,0.0689,0.16,False,True
ER3a_a,ER3m,5191,3518,0.2299,0.2073,0.15,False,False
hDeltaJ,FC2A,3062,3841,0.0952,0.1055,-0.15,True,False
vDeltaD,hDeltaL,2858,2551,0.0777,0.0864,-0.15,False,True
ER3d_d,ExR1,1834,1433,0.0335,0.037,-0.15,False,False
FC1B,FB2B_a,1696,1564,0.1773,0.1962,-0.15,True,False
hDeltaB,FS2,1413,1413,0.0489,0.0543,-0.15,True,False
TuBu08,ER4d,1305,1000,0.0229,0.0206,0.15,False,False
PFL3,LAL141,1197,694,0.1235,0.1369,-0.15,False,False
FB5AA,hDeltaG,937,685,0.0323,0.0291,0.15,False,False
ER6,EL,905,843,0.0121,0.0109,0.15,False,False
PEG,ExR6,772,420,0.0371,0.0333,0.15,False,False
hDeltaE,FB7B,736,653,0.1424,0.1575,-0.15,False,False
hDeltaH,FB5R,676,1983,0.219,0.243,-0.15,False,False
FB1G,vDeltaA_a,644,741,0.0416,0.0462,-0.15,False,False
PFNp_b,vDeltaH,619,1188,0.0967,0.1075,-0.15,False,False
FB6D,hDeltaK,549,506,0.0205,0.0185,0.15,False,False
FB5I,hDeltaJ,532,422,0.014,0.0156,-0.15,False,True
FC1D,FB2K,502,411,0.0666,0.074,-0.15,True,False
PFNp_e,vDeltaK,441,498,0.0267,0.0295,-0.15,False,False
FB2G_a,hDeltaM,403,284,0.0159,0.0144,0.15,False,True
EPG,PEN_a(PEN1),6100,5128,0.1409,0.1554,-0.14,False,False
ER3m,ER3a_a,3119,1979,0.208,0.2298,-0.14,False,False
FB4G,vDeltaM,1977,1492,0.1442,0.1308,0.14,False,False
ER3d_d,EPG,1799,1639,0.0088,0.0097,-0.14,False,False
vDeltaG,hDeltaH,1789,1437,0.0613,0.0557,0.14,False,False
FB5AB,hDeltaC,1751,1082,0.0396,0.036,0.14,False,False
hDeltaC,FB5I,1686,1657,0.2249,0.2039,0.14,False,False
ExR4,EPG,1660,1512,0.0081,0.0089,-0.14,False,False
PFL2,DNa03,1571,808,0.0451,0.0498,-0.14,False,False
FB2B_a,FC1B,1269,1310,0.0891,0.0979,-0.14,False,True
FB1G,FC2C,891,848,0.0187,0.0206,-0.14,False,False
hDeltaL,vDeltaD,844,715,0.0584,0.0529,0.14,True,False
hDeltaL,FB7J,800,1151,0.1347,0.148,-0.14,True,False
hDeltaC,vDeltaC,701,711,0.0485,0.0439,0.14,False,False
vDeltaB,FB1I,668,590,0.1978,0.1791,0.14,False,False
ER3a_c,EPG,656,595,0.0032,0.0035,-0.14,False,False
hDeltaJ,PFR_a,584,617,0.0137,0.0152,-0.14,True,False
FB7A,FC2C,517,493,0.0109,0.012,-0.14,False,False
PFNp_e,PFNp_d,489,423,0.1086,0.0984,0.14,False,False
FB6G,vDeltaC,474,480,0.0328,0.0297,0.14,False,False
LAL124,LNO2,352,226,0.0183,0.0201,-0.14,False,False
LPsP,EPGt,342,257,0.1151,0.1043,0.14,False,False
FS2,FB7J,284,409,0.0478,0.0526,-0.14,False,False
FB4Q_a,FB4P_b,148,345,0.0323,0.0294,0.14,True,True
IbSpsP,PFNa,3101,3120,0.0798,0.0872,-0.13,False,False
PFNa,FC1F,2604,2774,0.2705,0.2472,0.13,False,True
hDeltaA,PFL2,1447,1380,0.0453,0.0414,0.13,True,False
PEN_b(PEN2),ExR8,1305,1612,0.2287,0.2509,-0.13,False,False
FB5Q,PFL3,1300,1480,0.0214,0.0234,-0.13,False,False
PEN_a(PEN1),ExR6,1246,689,0.0598,0.0547,0.13,False,False
FB2E,FB2I_a,1090,1087,0.096,0.0878,0.13,True,False
FB5I,vDeltaF,1065,605,0.072,0.0658,0.13,False,False
FB5Z,hDeltaG,996,740,0.0344,0.0314,0.13,True,False
FB6G,hDeltaL,857,753,0.0233,0.0255,-0.13,False,True
FR1,MBON30,809,695,0.0414,0.0379,0.13,False,False
FB1G,FC1F,797,852,0.0828,0.0759,0.13,False,True
FB6W,FC2B,787,1048,0.0186,0.0169,0.13,True,False
FB4P_a,FR1,776,789,0.027,0.0247,0.13,True,False
ExR1,ER3m,743,612,0.0329,0.0361,-0.13,False,False
FB5S,hDeltaH,634,510,0.0217,0.0198,0.13,False,False
vDeltaG,FC2A,631,652,0.0196,0.0179,0.13,False,False
PFL2,LAL127,573,337,0.0551,0.0603,-0.13,False,False
PFL3,DNa03,468,239,0.0134,0.0147,-0.13,False,False
SLP414,FS4A,439,397,0.0312,0.0285,0.13,False,False
FB6I,FC2C,412,325,0.0087,0.0079,0.13,False,False
FB2F_a,vDeltaF,395,268,0.0267,0.0292,-0.13,True,False
FB6W,FS2,382,376,0.0132,0.0145,-0.13,True,False
vDeltaA_a,FS4B,370,560,0.0722,0.066,0.13,False,False
FB2D,FB1G,364,265,0.0507,0.0463,0.13,False,False
PFNm_b,vDeltaA_b,349,405,0.0591,0.0541,0.13,False,False
FB6Y,FC2C,316,299,0.0066,0.0073,-0.13,False,False
PFNd,hDeltaB,20165,16057,0.4297,0.3952,0.12,False,True
PEG,ExR4,6377,4171,0.3107,0.3383,-0.12,False,False
FB5A,FC2C,4190,3332,0.0882,0.081,0.12,False,False
PFL3,LAL121,2671,1882,0.3679,0.3395,0.12,False,False
hDeltaJ,FB4X,2571,2221,0.2911,0.2682,0.12,True,False
PFL3,AOTU042,2287,935,0.0543,0.0591,-0.12,False,True
FB3C,FS2,947,786,0.0328,0.0302,0.12,False,False
FS4A,SMP505,945,757,0.103,0.1117,-0.12,False,False
FB6M,ExR3,814,842,0.0542,0.0499,0.12,False,False
FB5A,PFL2,757,728,0.0237,0.0218,0.12,False,False
vDeltaL,FB4H,621,641,0.1028,0.0948,0.12,False,False
FB1A,vDeltaC,441,538,0.0305,0.0332,-0.12,False,False
FB4Q_a,PFL3,437,495,0.0072,0.0078,-0.12,True,False
FC1B,FB2I_a,389,389,0.0343,0.0314,0.12,True,False
FB6V,FC2B,367,584,0.0087,0.0094,-0.12,False,False
FB2I_b,FC1A,357,303,0.0328,0.03,0.12,False,True
hDeltaI,PFGs,352,371,0.0107,0.0099,0.12,True,False
FB1D,FS4A,345,314,0.0245,0.0226,0.12,False,False
FB6E,FB6E,325,406,0.0832,0.0907,-0.12,False,False
FB1E_a,vDeltaB,318,414,0.0322,0.0296,0.12,False,False
ER4m,ER4m,14580,7789,0.5206,0.4829,0.11,False,False
ExR1,ER5,5624,4235,0.2187,0.2365,-0.11,False,False
PFNa,FC1B,4151,4198,0.2914,0.3136,-0.11,False,True
hDeltaB,hDeltaI,3575,3141,0.0967,0.1046,-0.11,True,True
PEN_b(PEN2),EL,3365,3760,0.045,0.0485,-0.11,False,False
FB8G,hDeltaE,3349,2191,0.1102,0.1022,0.11,False,False
hDeltaG,FC2C,1460,1174,0.0307,0.0285,0.11,False,False
PFNa,FB2D,1306,1295,0.0698,0.0754,-0.11,False,False
vDeltaA_a,FS4A,1194,1271,0.0847,0.0913,-0.11,False,False
FB6E,vDeltaC,919,1113,0.0636,0.0688,-0.11,False,False
FB4X,hDeltaH,751,616,0.0257,0.0239,0.11,False,False
FB5AB,FB4Y,660,552,0.028,0.026,0.11,False,False
ER3a_b,ER3a_c,571,462,0.1325,0.1425,-0.11,False,False
FC1D,FB2B_a,551,495,0.0576,0.0621,-0.11,True,False
ExR3,ER3d_a,542,684,0.0505,0.0468,0.11,False,False
FB5E,hDeltaH,539,514,0.0185,0.0199,-0.11,True,False
PFR_b,CRE048,519,365,0.0625,0.0676,-0.11,False,False
PFL1,AOTU037,507,133,0.1142,0.1058,0.11,False,True
hDeltaF,hDeltaF,468,319,0.013,0.0141,-0.11,False,False
FB5E,FC2A,427,521,0.0133,0.0143,-0.11,True,False
hDeltaC,FB5AA,370,365,0.0759,0.082,-0.11,False,False
vDeltaG,PFR_b,359,375,0.0139,0.0129,0.11,False,False
PEN_a(PEN1),FB1C,344,247,0.0259,0.028,-0.11,False,False
FC2B,FB5F,300,251,0.0853,0.0788,0.11,False,False
PFR_a,FB4F_a,161,445,0.0299,0.0323,-0.11,False,False
PFNm_a,FS3,12,519,0.0171,0.0185,-0.11,False,False
ER2_c,ER2_c,15739,14180,0.4349,0.4668,-0.1,False,False
ER3m,ER3m,10798,8698,0.4782,0.5126,-0.1,False,False
FB4B,hDeltaB,5373,4978,0.1145,0.1225,-0.1,False,True
FC2B,FB5A,2810,2364,0.1156,0.1239,-0.1,False,False
LNO2,LNO1,1564,979,0.1427,0.1534,-0.1,False,False
hDeltaD,FB8C,1382,1315,0.2862,0.2662,0.1,False,False
PFL3,LAL126,1321,558,0.0925,0.0989,-0.1,False,True
FB7J,hDeltaE,1237,816,0.0407,0.038,0.1,False,False
FB6E,vDeltaD,1169,1174,0.081,0.0868,-0.1,False,False
hDeltaI,FB4P_a,988,1130,0.1175,0.1097,0.1,True,True
ExR5,FB4Y,954,804,0.0405,0.0378,0.1,False,False
FB5A,hDeltaH,906,747,0.031,0.029,0.1,False,False
LCNOp,PFNp_d,844,751,0.1874,0.1747,0.1,False,False
vDeltaE,hDeltaL,829,623,0.0225,0.0211,0.1,False,True
FB2D,hDeltaJ,746,495,0.0196,0.0183,0.1,False,True
FB2F_a,FC2A,744,785,0.0231,0.0216,0.1,True,False
vDeltaK,PFL2,679,659,0.0212,0.0198,0.1,False,False
hDeltaD,FB7G,483,357,0.0993,0.1062,-0.1,False,False
FC2C,FS4C,389,318,0.0585,0.0548,0.1,False,False
FB7I,FC2B,364,570,0.0086,0.0092,-0.1,False,False
vDeltaC,FB6U,346,362,0.0483,0.0518,-0.1,False,False
FB2B_b,FB2I_a,303,309,0.0267,0.025,0.1,False,False
ER5,ER5,15478,10111,0.602,0.5647,0.09,False,False
vDeltaA_a,hDeltaD,3285,3035,0.1545,0.1648,-0.09,False,False
FB5A,FC2A,1954,2076,0.0608,0.057,0.09,False,False
vDeltaF,hDeltaH,1464,1219,0.0501,0.0473,0.09,False,False
hDeltaJ,FB5I,1370,1392,0.1828,0.1713,0.09,True,False
ER3p_b,ER3p_b,1219,1718,0.2738,0.291,-0.09,False,False
PFNp_e,PFNp_a,952,747,0.0717,0.0676,0.09,False,False
FB7C,hDeltaE,869,577,0.0286,0.0269,0.09,False,False
FB4J,hDeltaI,758,579,0.0205,0.0193,0.09,False,True
FB5A,hDeltaC,692,441,0.0157,0.0147,0.09,False,False
FB8E,vDeltaA_a,641,707,0.0414,0.0441,-0.09,False,False
hDeltaI,FB5D,639,446,0.0916,0.0858,0.09,True,True
FB6G,hDeltaC,597,434,0.0135,0.0144,-0.09,False,False
FB4N,FC2A,579,698,0.018,0.0192,-0.09,False,False
hDeltaF,FB6U,546,566,0.0762,0.0809,-0.09,False,False
vDeltaM,FB4H,517,616,0.0856,0.0911,-0.09,False,False
FB6V,FS2,502,426,0.0174,0.0164,0.09,False,False
hDeltaE,hDeltaE,498,331,0.0164,0.0154,0.09,False,False
FB1H,PFNv,434,394,0.021,0.0197,0.09,True,False
ER4m,ER4d,429,389,0.0075,0.008,-0.09,False,False
hDeltaH,PFL2,427,474,0.0134,0.0142,-0.09,False,False
FR2,SMP448,376,192,0.0773,0.0823,-0.09,False,False
ExR7,LAL002,373,144,0.0659,0.062,0.09,False,False
ER3d_d,ExR3,318,337,0.0212,0.02,0.09,False,False
FR2,PPL107,222,330,0.0167,0.0177,-0.09,False,False
hDeltaA,FB5R,151,375,0.0489,0.046,0.09,True,False
FB1A,FS3,8,300,0.0114,0.0107,0.09,False,False
ER2_c,EPG,14590,12671,0.071,0.0749,-0.08,False,False
ER5,EL,10073,10997,0.1347,0.1419,-0.08,False,False
PEN_b(PEN2),EPG,9671,8417,0.0471,0.0497,-0.08,False,False
ER3m,EPG,4085,3569,0.0199,0.0211,-0.08,False,False
hDeltaA,PFR_a,2195,2221,0.0517,0.0547,-0.08,True,False
FB4P_a,hDeltaA,1508,1262,0.0299,0.0318,-0.08,True,True
FB7L,FC2C,1164,951,0.0245,0.0231,0.08,False,False
EPG,FB4Y,1094,934,0.0465,0.044,0.08,False,False
FB2B_a,FC1F,844,933,0.0877,0.0831,0.08,False,True
ExR5,ExR2,793,576,0.0717,0.068,0.08,False,False
FB5A,hDeltaG,759,651,0.0262,0.0276,-0.08,False,False
FB7E,FB7J,723,893,0.1217,0.1148,0.08,False,False
SMP048,IbSpsP,678,568,0.0401,0.0381,0.08,False,False
OA-VPM3,hDeltaB,646,591,0.0138,0.0145,-0.08,False,True
PFNp_c,FC2C,503,413,0.0106,0.01,0.08,False,False
PFNp_c,vDeltaE,497,692,0.0341,0.036,-0.08,False,False
FB5AA,FC2B,481,665,0.0114,0.0107,0.08,False,False
FB2H_a,FB2F_a,406,372,0.0602,0.0636,-0.08,False,True
FC1A,FB2B_b,368,317,0.0574,0.0542,0.08,True,False
hDeltaF,FB6K,364,351,0.0668,0.0634,0.08,False,False
vDeltaA_b,FB1J,363,283,0.1247,0.1178,0.08,False,False
ExR5,AOTU046,342,181,0.0291,0.0275,0.08,False,False
PEN_a(PEN1),EL,4799,5212,0.0642,0.0673,-0.07,False,False
EPG,ER6,4580,1745,0.3659,0.3498,0.07,False,False
hDeltaH,PFL3,1448,1434,0.0238,0.0227,0.07,False,False
PEN_a(PEN1),ER1_b,1389,934,0.122,0.1163,0.07,False,False
PFNa,hDeltaJ,1368,931,0.036,0.0344,0.07,False,True
FB7G,FS2,715,612,0.0248,0.0235,0.07,False,False
EPG,PFGs,703,764,0.0214,0.0203,0.07,False,False
hDeltaF,vDeltaC,678,798,0.0469,0.0493,-0.07,False,False
FC1A,FC1E,666,657,0.0704,0.0673,0.07,True,True
FB4N,FC2B,661,1017,0.0156,0.0164,-0.07,False,False
FR1,FB4C,627,608,0.0528,0.0554,-0.07,False,False
FC1B,FC1E,508,551,0.0537,0.0564,-0.07,True,True
PEN_b(PEN2),ExR4,456,288,0.0222,0.0234,-0.07,False,False
FB4I,vDeltaK,432,421,0.0261,0.0249,0.07,False,False
FB8I,hDeltaF,404,243,0.0113,0.0107,0.07,False,False
FB6W,FR1,362,383,0.0126,0.012,0.07,True,False
FB6M,SMP374,331,111,0.0561,0.0588,-0.07,False,False
FB4O,PFL2,298,326,0.0093,0.0098,-0.07,True,False
FB7G,FS3,13,496,0.0185,0.0176,0.07,False,False
EPG,Delta7,19896,17286,0.3848,0.3702,0.06,False,False
ER3p_a,EPG,8924,7053,0.0434,0.0417,0.06,False,False
hDeltaB,PFR_b,5787,6812,0.2237,0.2337,-0.06,True,False
LCNOpm,PFNp_b,5517,4094,0.2123,0.203,0.06,False,False
FB2I_a,FB2I_a,4554,4765,0.4012,0.3849,0.06,False,False
hDeltaA,PFL3,3881,3864,0.0638,0.0611,0.06,True,False
LPsP,EPG,3870,3333,0.0188,0.0197,-0.06,False,False
PFNa,FC1A,2914,2810,0.2674,0.2786,-0.06,False,True
FB5I,hDeltaC,2654,1887,0.06,0.0627,-0.06,False,False
vDeltaL,hDeltaA,2406,1823,0.0478,0.0459,0.06,False,True
FB6D,hDeltaF,2047,1241,0.057,0.0548,0.06,False,False
FB6K,hDeltaG,1570,1333,0.0542,0.0566,-0.06,False,False
FB8C,hDeltaD,1540,1389,0.0724,0.0754,-0.06,False,False
FB4G,vDeltaL,1221,1183,0.0989,0.103,-0.06,False,False
SAF,vDeltaA_a,1153,1245,0.0745,0.0776,-0.06,False,False
FB4H,vDeltaL,1116,999,0.0904,0.087,0.06,False,False
ExR4,ExR7,1058,1653,0.1541,0.1609,-0.06,False,False
EPG,IbSpsP,771,712,0.0457,0.0477,-0.06,False,False
FB2F_b,hDeltaJ,695,474,0.0183,0.0175,0.06,True,True
FC2B,oviIN,631,435,0.0116,0.0121,-0.06,False,True
FB1G,FS4A,629,595,0.0446,0.0427,0.06,False,False
FB7E,hDeltaE,565,383,0.0186,0.0179,0.06,False,False
FB8F_a,hDeltaD,539,447,0.0254,0.0243,0.06,False,False
FB6P,FB5AB,523,374,0.0427,0.041,0.06,False,False
hDeltaL,vDeltaC,474,553,0.0328,0.0342,-0.06,True,False
hDeltaC,hDeltaC,355,252,0.008,0.0084,-0.06,False,False
FC1F,FC1E,322,346,0.034,0.0354,-0.06,True,True
FB8C,FB8G,316,349,0.0533,0.0558,-0.06,False,False
vDeltaK,hDeltaA,3168,2585,0.0629,0.065,-0.05,False,True
hDeltaG,FB5S,1796,1642,0.21,0.2025,0.05,False,False
hDeltaA,hDeltaI,1388,1170,0.0376,0.039,-0.05,True,True
FB6N,vDeltaE,1173,1594,0.0804,0.083,-0.05,False,False
FB4F_b,hDeltaA,854,652,0.017,0.0164,0.05,False,True
FS2,FS2,753,655,0.0261,0.0252,0.05,False,False
FC2A,FC2A,491,537,0.0153,0.0147,0.05,False,False
PFNp_e,PFL3,451,484,0.0074,0.0077,-0.05,False,False
hDeltaE,FS4C,409,371,0.0615,0.0639,-0.05,False,False
FB6U,hDeltaG,398,334,0.0137,0.0142,-0.05,False,False
PFNp_c,vDeltaD,386,374,0.0267,0.0277,-0.05,False,False
FB7A,FB7H,362,426,0.1177,0.122,-0.05,False,False
FB6X,hDeltaL,324,251,0.0088,0.0085,0.05,True,True
ER4d,ExR2,317,251,0.0286,0.0296,-0.05,False,False
AOTU046,ER2_c,308,250,0.0085,0.0082,0.05,False,False
Delta7,Delta7,26539,24615,0.5133,0.5272,-0.04,False,False
EPG,EL,9155,9762,0.1224,0.126,-0.04,False,False
hDeltaB,PFR_a,6717,6260,0.1581,0.1543,0.04,True,False
ExR6,EPG,6236,5296,0.0303,0.0313,-0.04,False,False
ExR1,EL,4754,4786,0.0636,0.0618,0.04,False,False
hDeltaB,vDeltaM,4009,3428,0.2924,0.3004,-0.04,True,False
PFNd,PFR_a,3430,3182,0.0807,0.0784,0.04,False,False
hDeltaM,PFL3,2428,2463,0.0399,0.039,0.04,True,False
LCNOpm,PFNm_a,2056,2755,0.1825,0.1882,-0.04,False,False
hDeltaL,FS2,1885,1743,0.0653,0.067,-0.04,True,False
FB6U,hDeltaL,1880,1552,0.0511,0.0525,-0.04,False,True
PFNp_b,FC2A,1595,1760,0.0496,0.0483,0.04,False,False
FB5K,vDeltaG,1547,1236,0.1154,0.1189,-0.04,False,False
Delta7,PFGs,1443,1702,0.0439,0.0452,-0.04,False,False
IbSpsP,PFNp_c,1337,1429,0.0731,0.0713,0.04,False,False
FB5Q,FB5A,1317,1007,0.0542,0.0528,0.04,False,False
PFR_b,hDeltaH,1261,1087,0.0432,0.0421,0.04,False,False
FB5Q,hDeltaM,1256,1007,0.0497,0.051,-0.04,False,True
PFL3,LAL040,1221,907,0.0723,0.0705,0.04,False,False
hDeltaB,FB4G,1172,1360,0.1954,0.1906,0.04,True,False
PFNv,FB4M,1170,797,0.0584,0.0602,-0.04,False,False
ER3a_d,ER3m,1143,883,0.0506,0.052,-0.04,False,False
FB2I_a,FB2E,1114,1240,0.3004,0.2929,0.04,False,True
LCNOp,PFNp_e,1091,1061,0.1519,0.1567,-0.04,False,False
hDeltaL,FB6J,1061,2159,0.2137,0.2078,0.04,True,False
PFNd,FB4N,1059,965,0.0863,0.0839,0.04,False,False
FB5L,vDeltaG,984,784,0.0734,0.0754,-0.04,False,False
vDeltaK,FB4H,859,935,0.1422,0.1383,0.04,False,False
FB2F_b,hDeltaH,736,669,0.0252,0.0259,-0.04,True,False
FB5E,PFR_b,592,687,0.0229,0.0236,-0.04,True,False
FB4Q_a,PFR_a,580,539,0.0137,0.0133,0.04,True,False
PFNp_e,vDeltaL,487,465,0.0395,0.0405,-0.04,False,False
FB5Q,PFL2,472,507,0.0148,0.0152,-0.04,False,False
FB7B,vDeltaB,429,625,0.0434,0.0446,-0.04,False,False
FB7A,FB7C,398,305,0.1371,0.1334,0.04,False,False
FB5B,FB6K,354,370,0.065,0.0668,-0.04,False,False
PFNm_a,hDeltaC,319,211,0.0072,0.007,0.04,False,False
FB5H,FB5N,316,202,0.0569,0.0584,-0.04,False,False
ER4d,ER4d,39443,32961,0.692,0.6782,0.03,False,False
EPG,PEN_b(PEN2),6230,5157,0.1446,0.1415,0.03,False,False
FB2D,FC1B,3516,3363,0.2468,0.2513,-0.03,False,True
FB6C_b,hDeltaF,2989,1851,0.0832,0.0818,0.03,False,False
FB2D,FC1A,2789,2638,0.2559,0.2616,-0.03,False,True
FC2A,PFL3,2512,2666,0.0413,0.0422,-0.03,False,False
SpsP,PFNd,2384,2261,0.0489,0.0501,-0.03,False,False
hDeltaF,FC2C,2223,1971,0.0468,0.0479,-0.03,False,False
FB4N,hDeltaI,1640,1364,0.0444,0.0454,-0.03,False,True
vDeltaA_b,hDeltaE,1628,1176,0.0536,0.0548,-0.03,False,False
FB4X,FC2B,1310,1881,0.0309,0.0304,0.03,False,False
FB4C,PFR_a,1184,1110,0.0279,0.0274,0.03,False,False
FB6U,FS2,1031,946,0.0357,0.0364,-0.03,False,False
ER3p_a,ER3w_b,730,363,0.0366,0.0373,-0.03,False,False
FB1I,vDeltaB,728,1052,0.0736,0.0751,-0.03,False,False
PFNp_e,vDeltaM,707,577,0.0516,0.0506,0.03,False,False
FB8C,hDeltaE,702,486,0.0231,0.0227,0.03,False,False
FB7I,FC2C,695,614,0.0146,0.0149,-0.03,False,False
FB2B_a,FC1D,566,468,0.0493,0.0482,0.03,False,True
FB1A,FC2C,516,438,0.0109,0.0107,0.03,False,False
ER2_c,ExR5,508,453,0.0411,0.0403,0.03,False,False
ER3w_b,ER3p_a,410,290,0.0281,0.0286,-0.03,False,False
EPGt,PFNd,369,334,0.0076,0.0074,0.03,False,False
FB6Y,hDeltaL,346,283,0.0094,0.0096,-0.03,False,True
FC1A,FB2C,203,344,0.0409,0.0417,-0.03,True,False
ER4d,EPG,12335,10010,0.06,0.0591,0.02,False,False
ER2_c,ER2_a,6099,3523,0.3059,0.3013,0.02,False,False
ExR6,PEN_a(PEN1),5089,3822,0.1175,0.1158,0.02,False,False
ER3d_d,ER3d_d,4895,3483,0.3254,0.3199,0.02,False,False
EPG,ExR4,3464,2103,0.1688,0.1706,-0.02,False,False
FB4H,vDeltaK,2935,2945,0.1774,0.1745,0.02,False,False
LPsP,PEG,2894,2719,0.1385,0.1401,-0.02,False,False
FB5X,hDeltaA,1647,1322,0.0327,0.0333,-0.02,True,True
FB5I,PFR_a,1499,1452,0.0353,0.0358,-0.02,False,False
FB6Z,hDeltaL,1249,993,0.034,0.0336,0.02,False,True
PFNp_a,LCNOp,1226,1110,0.1853,0.1827,0.02,False,False
FB7E,hDeltaF,1081,693,0.0301,0.0306,-0.02,False,False
PFNd,hDeltaJ,1005,707,0.0265,0.0261,0.02,False,True
hDeltaB,hDeltaG,736,606,0.0254,0.0257,-0.02,True,False
Delta7,P6-8P9,710,1016,0.469,0.475,-0.02,False,False
FB2G_a,FC2A,557,621,0.0173,0.0171,0.02,False,False
vDeltaK,PFL3,536,564,0.0088,0.0089,-0.02,False,False
FB2F_c,FC2B,522,752,0.0123,0.0121,0.02,True,False
FB2B_a,FB2F_a,497,425,0.0737,0.0727,0.02,False,True
FB5AA,FR1,497,561,0.0173,0.0175,-0.02,False,False
FB2B_a,FC1E,458,467,0.0484,0.0478,0.02,False,True
PFNp_c,FB1H,452,587,0.0351,0.0355,-0.02,False,True
hDeltaG,hDeltaG,361,297,0.0125,0.0126,-0.02,False,False
OA-VPM3,PFNv,321,305,0.0155,0.0153,0.02,False,False
EPG,PEG,6154,5765,0.2945,0.2971,-0.01,False,False
LCNOpm,PFNp_c,3638,3969,0.1988,0.198,0.01,False,False
ER3d_c,ER3d_a,2360,3245,0.2199,0.2221,-0.01,False,False
ExR7,EPG,1888,1543,0.0092,0.0091,0.01,False,False
FB5A,PFL3,1763,1823,0.029,0.0288,0.01,False,False
PEN_a(PEN1),FB4Y,1717,1563,0.0729,0.0736,-0.01,False,False
hDeltaC,hDeltaF,1578,998,0.0439,0.0441,-0.01,False,False
hDeltaD,FS4A,1227,1220,0.0871,0.0876,-0.01,False,False
hDeltaH,PFR_a,1148,1086,0.027,0.0268,0.01,False,False
FB5B,hDeltaC,961,648,0.0217,0.0215,0.01,False,False
FB6W,hDeltaG,916,751,0.0316,0.0319,-0.01,True,False
FB2H_b,hDeltaC,646,444,0.0146,0.0148,-0.01,False,False
PEN_a(PEN1),ExR4,635,385,0.0309,0.0312,-0.01,False,False
FB2G_b,hDeltaM,607,472,0.024,0.0239,0.01,False,True
LCNOpm,PFNp_a,605,500,0.0456,0.0452,0.01,False,False
ExR8,PS197,462,68,0.058,0.0576,0.01,False,False
ER2_b,ER2_a,433,253,0.0217,0.0216,0.01,False,False
ER2_a,ExR1,323,230,0.0059,0.0059,-0.01,False,False
FC1E,FC1D,313,264,0.0273,0.0272,0.01,True,True
FB7J,FB8G,312,327,0.0527,0.0523,0.01,False,False
Delta7,IbSpsP,5218,4605,0.309,0.3088,0.0,False,False
ExR4,PEN_a(PEN1),2092,1596,0.0483,0.0484,-0.0,False,False
LCNOpm,PFNm_b,2060,1264,0.1639,0.1639,-0.0,False,False
FB4X,hDeltaJ,1651,1177,0.0435,0.0435,-0.0,False,True
PFL3,VES054,1536,640,0.2126,0.2121,0.0,False,False
hDeltaG,FS2,1241,1121,0.043,0.0431,-0.0,False,False
FC2A,PFL2,1090,1134,0.0341,0.034,0.0,False,False
FB4P_a,PFR_b,963,1084,0.0372,0.0372,0.0,True,False
LNO1,LNO1,902,527,0.0823,0.0826,-0.0,False,False
FB7G,hDeltaE,817,576,0.0269,0.0269,0.0,False,False
FB6F,hDeltaF,584,368,0.0163,0.0163,0.0,False,False
hDeltaG,PFL3,582,604,0.0096,0.0096,0.0,False,False
FB4B,PFNv,490,474,0.0237,0.0237,-0.0,False,False
FB5A,hDeltaJ,482,344,0.0127,0.0127,-0.0,False,True
vDeltaD,FB6H,434,401,0.0603,0.0603,-0.0,False,False
PEN_b(PEN2),ER4d,434,369,0.0076,0.0076,0.0,False,False
FB5E,hDeltaA,432,340,0.0086,0.0086,0.0,True,True
hDeltaD,FB7J,265,347,0.0446,0.0446,-0.0,False,False
