type,dimorphism,fruDsx,superclass,syn_to_cx,syn_from_cx,top_cx_targets,top_cx_sources
AOTU001,,fru_low,cb_intrinsic,434,18,"[('LCNOpm', 170), ('LNO2', 143), ('FB2K', 38), ('FB1C', 13)]","[('PFL2', 9), ('ExR2', 3), ('EPG', 2), ('PFL3', 1)]"
AOTU029,,fru_low,cb_intrinsic,184,34,"[('FB5A', 143), ('FB4Y', 10), ('ExR4', 5), ('FC2C', 5)]","[('FC2C', 17), ('FC2B', 8), ('PFL2', 2), ('PFL3', 2)]"
AOTU030,,fru_low,cb_intrinsic,264,34,"[('FB5X', 57), ('FB5E', 45), ('FB5F', 31), ('FB5Q', 28)]","[('FS1A_c', 7), ('FS1A_b', 6), ('FC2C', 6), ('FS1B_a', 4)]"
AOTU037,,fru_low,cb_intrinsic,16,507,"[('FB2K', 14), ('FB5A', 1), ('PFL1', 1)]","[('PFL1', 507)]"
AOTU042,,fru_high,cb_intrinsic,201,2901,"[('PFL3', 58), ('FB5A', 36), ('FC2B', 26), ('ExR6', 19)]","[('PFL3', 2287), ('FC2C', 394), ('PFL2', 153), ('FC2B', 39)]"
AVLP705m,male-specific,dsx_high,cb_intrinsic,1193,54,"[('FB4Y', 291), ('FB1C', 230), ('LCNOpm', 204), ('ExR6', 94)]","[('FB1C', 16), ('FB6M', 9), ('FB4G', 7), ('ExR6', 6)]"
AVLP742m,male-specific,,cb_intrinsic,105,7,"[('FB4K', 42), ('FB4F_a', 24), ('FB4Y', 10), ('FB4F_c', 10)]","[('FB1H', 2), ('FB5W_a', 2), ('FB4C', 2), ('FB4K', 1)]"
AVLP752m,male-specific,dsx_high,cb_intrinsic,469,131,"[('ExR6', 69), ('LCNOpm', 57), ('FB4F_c', 53), ('FB4Y', 50)]","[('PFL3', 67), ('PFL2', 42), ('ExR6', 5), ('FB4G', 3)]"
AVLP758m,male-specific,,cb_intrinsic,138,0,"[('FB5D', 46), ('FB5C', 38), ('FB4P_a', 15), ('FB5AA', 9)]",[]
BiT,,fru_low,cb_intrinsic,716,22,"[('FB7L', 184), ('FB8E', 117), ('FB8G', 85), ('FB8H', 69)]","[('FS4A', 9), ('FB7A', 3), ('FB7G', 3), ('FB8H', 3)]"
CB1009,,fru_low,cb_intrinsic,135,13,"[('FB8I', 21), ('FB7L', 21), ('FB6H', 14), ('FB6C_b', 13)]","[('FS4C', 5), ('FS3_d', 2), ('FS3_a', 2), ('FS4A', 1)]"
CB1487,,fru_low,cb_intrinsic,3,110,"[('PFL3', 3)]","[('PFL2', 100), ('PFL3', 9), ('LPsP', 1)]"
CB1705,,fru_high,cb_intrinsic,75,562,"[('FB2K', 15), ('FB5A', 14), ('FB2D', 9), ('FB2L', 8)]","[('PFL3', 534), ('PFL1', 23), ('PFL2', 1), ('FC2C', 1)]"
CB2035,,fru_low,cb_intrinsic,287,35,"[('FB4M', 99), ('FB5A', 41), ('FB1G', 27), ('FB1H', 26)]","[('FB2D', 9), ('FR2', 9), ('FS1B_a', 8), ('FB4C', 4)]"
CB2572,,fru_low,cb_intrinsic,641,131,"[('FB7E', 81), ('FB6C_b', 73), ('FB6B', 70), ('FB8I', 48)]","[('FB8F_a', 33), ('FS3_b', 18), ('FS3_a', 11), ('FB7F', 11)]"
CB2585,,fru_high,cb_intrinsic,166,1,"[('ER1_b', 130), ('ER1_a', 18), ('ER1_c', 14), ('LNOa', 2)]","[('ER1_b', 1)]"
CB2754,,fru_low,cb_intrinsic,405,34,"[('FB6C_b', 161), ('FB6C_a', 56), ('FB6A_a', 33), ('FB6G', 30)]","[('FB7F', 10), ('FB6A_a', 8), ('FS3_d', 3), ('FS3_c', 3)]"
CB2846,,fru_low,cb_intrinsic,262,401,"[('FB4N', 71), ('FB2G_b', 52), ('FB4Y', 26), ('FB1C', 26)]","[('FC1C_b', 109), ('FC1E', 83), ('FC1C_a', 78), ('FB6M', 78)]"
CB3339,,fru_low,cb_intrinsic,67,110,"[('FB4Y', 19), ('FB1G', 5), ('FB5B', 5), ('FB1H', 3)]","[('FR2', 25), ('FS1A_c', 15), ('FS1A_a', 14), ('FS1B_a', 7)]"
CB3441,,fru_low,cb_intrinsic,73,148,"[('FB1C', 19), ('FB4N', 10), ('FB4Y', 8), ('FB1H', 8)]","[('FS1B_a', 44), ('FC2B', 23), ('FS1A_c', 22), ('FC2C', 14)]"
CB4106,,fru_low,cb_intrinsic,630,5,"[('IbSpsP', 351), ('SpsP', 176), ('LNO2', 67), ('FB3A', 12)]","[('SpsP', 1), ('LNO1', 1), ('ExR7', 1), ('ExR6', 1)]"
CRE007,,fru_low,cb_intrinsic,390,21,"[('FB5V_c', 110), ('FB4R', 94), ('FB5X', 44), ('FB4P_b', 36)]","[('FB4R', 8), ('FB4G', 3), ('FB2B_b', 2), ('FB4H', 2)]"
CRE016,,fru_low,cb_intrinsic,101,36,"[('FB5A', 21), ('FB4Y', 19), ('FB4F_a', 5), ('ExR6', 4)]","[('FB6M', 8), ('PFR_b', 4), ('FS1A_b', 4), ('FC', 3)]"
CRE019,,fru_low,cb_intrinsic,205,262,"[('FB5Q', 24), ('FB5X', 19), ('FB5E', 19), ('FB4Y', 19)]","[('FS1A_c', 110), ('FS1B_a', 71), ('FS1A_b', 20), ('FS1B_b', 10)]"
CRE020,,fru_low,cb_intrinsic,323,39,"[('FB5AB', 37), ('LCNOpm', 36), ('FB5B', 31), ('FB2G_a', 26)]","[('FS1A_c', 14), ('FS1B_a', 7), ('FB4H', 4), ('FB1H', 4)]"
CRE021,potentially sexually dimorphic,,cb_intrinsic,265,153,"[('FB5H', 43), ('FB5V_c', 33), ('FB4N', 24), ('FB4P_a', 20)]","[('FB4R', 83), ('FB4O', 23), ('FB5D', 8), ('FB4P_c', 7)]"
CRE039,sexually dimorphic,,cb_intrinsic,615,128,"[('FB5A', 180), ('LCNOp', 105), ('ExR6', 54), ('FB4N', 48)]","[('PFR_b', 47), ('FB4R', 16), ('FB4H', 11), ('FB4G', 10)]"
CRE062,sexually dimorphic,fru_high,cb_intrinsic,155,1,"[('FB4K', 37), ('FB4R', 29), ('FB4H', 17), ('FB5N', 16)]","[('FB4R', 1)]"
CRE065,sexually dimorphic,fru_high,cb_intrinsic,287,4,"[('FB4K', 73), ('FB4R', 42), ('FB5V_a', 32), ('FB5N', 26)]","[('FB4R', 1), ('FB4P_a', 1), ('FB4O', 1), ('FB5F', 1)]"
CRE081,,fru_high,cb_intrinsic,128,44,"[('FB4Y', 45), ('FB5H', 14), ('FB4K', 7), ('FB4L', 5)]","[('FB5H', 9), ('FB5K', 3), ('FB1C', 3), ('FB2B_b', 2)]"
CRE088,,fru_high,cb_intrinsic,43,100,"[('FB1G', 7), ('FB5AB', 5), ('FB5B', 5), ('FB5H', 4)]","[('PFR_b', 33), ('FC1C_a', 28), ('FC1C_b', 7), ('FB5K', 3)]"
CRE089,,fru_high,cb_intrinsic,153,9,"[('FB4M', 98), ('FB5X', 20), ('FB1G', 11), ('FB6R', 11)]","[('PFR_a', 5), ('PFR_b', 2), ('FB1H', 2)]"
CRE093,,fru_low,cb_intrinsic,509,889,"[('FB4X', 75), ('FB5Y_a', 72), ('FB5Y_b', 56), ('FB5Q', 41)]","[('PFL3', 383), ('FS1A_a', 211), ('FS1A_b', 81), ('FS1A_c', 31)]"
CRE094,,fru_low,cb_intrinsic,169,120,"[('FB4Y', 41), ('FB6Y', 15), ('FB6R', 13), ('FB5X', 9)]","[('FC2B', 38), ('FC2C', 21), ('FS1A_b', 8), ('FB4G', 7)]"
CRE095,,fru_low,cb_intrinsic,262,349,"[('FB4N', 103), ('FB5Q', 29), ('FB4M', 28), ('FB5F', 22)]","[('PFL3', 158), ('FS1A_a', 72), ('FS1A_b', 39), ('FB1H', 16)]"
CRE096,,fru_low,cb_intrinsic,162,73,"[('FB4X', 33), ('FB5H', 23), ('FB6V', 21), ('FB5AA', 11)]","[('FR2', 29), ('FC1C_a', 8), ('FC3_b', 5), ('FC1C_b', 4)]"
DNp48,potentially sexually dimorphic,,descending_neuron,126,357,"[('FB4M', 11), ('FB5G_b', 11), ('FB8I', 11), ('FB5G_a', 9)]","[('FB5G_a', 65), ('FS3_a', 49), ('FB5G_c', 34), ('FS3_c', 32)]"
FB1H,,fru_low,cb_intrinsic,10364,7409,"[('hDeltaJ', 1184), ('hDeltaB', 459), ('PFNd', 435), ('PFNv', 434)]","[('hDeltaJ', 1236), ('PFNp_c', 452), ('PFNp_a', 303), ('PFNp_e', 286)]"
FB2E,,fru_low,cb_intrinsic,6464,3086,"[('FB2I_a', 1090), ('PFL1', 590), ('FB2D', 527), ('FB2E', 367)]","[('FB2I_a', 1114), ('PFNa', 374), ('FB2E', 367), ('FB2H_a', 207)]"
FB2F_a,,fru_low,cb_intrinsic,14404,4726,"[('FB2B_a', 1891), ('hDeltaC', 1493), ('FR1', 1111), ('vDeltaG', 913)]","[('FB2B_a', 497), ('FB2I_b', 458), ('FB2H_a', 406), ('FC1B', 337)]"
FB2F_b,,fru_low,cb_intrinsic,5828,1943,"[('FC2B', 1135), ('hDeltaH', 736), ('hDeltaJ', 695), ('FC2A', 512)]","[('FC3_b', 155), ('FC1F', 139), ('FB2F_c', 136), ('FC3_c', 133)]"
FB2F_c,,fru_low,cb_intrinsic,4706,1120,"[('FC2B', 522), ('FC2C', 414), ('FC2A', 350), ('vDeltaE', 298)]","[('FB2C', 86), ('FB2L', 81), ('FB3C', 72), ('PFNv', 56)]"
FB2F_d,,fru_low,cb_intrinsic,7167,2206,"[('hDeltaC', 951), ('hDeltaG', 880), ('FC2C', 878), ('FC2B', 640)]","[('FC3_c', 244), ('FB2L', 205), ('FB4C', 188), ('FC1F', 156)]"
FB2J_a,,fru_low,cb_intrinsic,3754,1111,"[('FB2D', 510), ('FC2A', 468), ('hDeltaM', 303), ('FB2F_a', 275)]","[('FB2I_b', 185), ('FB2H_a', 134), ('ExR5', 95), ('FB2F_a', 66)]"
FB2J_b,,fru_low,cb_intrinsic,3741,1145,"[('FB2D', 423), ('FC1C_b', 285), ('PFL1', 255), ('hDeltaI', 244)]","[('FB2H_a', 146), ('FB2F_a', 125), ('PFNa', 113), ('FB2H_b', 101)]"
FB2J_c,,fru_low,cb_intrinsic,4216,1247,"[('FC2A', 515), ('hDeltaM', 513), ('FB2F_a', 280), ('FB2M_a', 201)]","[('FB2H_a', 174), ('ExR5', 156), ('FB2I_b', 141), ('FC3_b', 71)]"
FB4L,,fru_low,cb_intrinsic,3775,3588,"[('hDeltaB', 1207), ('PFNd', 510), ('PFR_a', 179), ('FB3A', 131)]","[('PFNd', 570), ('FB2I_a', 365), ('hDeltaB', 322), ('FB4C', 320)]"
FB4O,,fru_high,cb_intrinsic,14084,4313,"[('PFR_a', 1722), ('hDeltaJ', 1236), ('PFL3', 1195), ('hDeltaI', 967)]","[('PFR_a', 953), ('FB4O', 823), ('hDeltaJ', 339), ('FB4P_c', 258)]"
FB4P_a,,fru_high,cb_intrinsic,7034,4502,"[('hDeltaA', 1508), ('PFR_b', 963), ('FR1', 776), ('PFR_a', 606)]","[('hDeltaI', 988), ('ExR5', 433), ('vDeltaK', 298), ('PFR_a', 274)]"
FB4P_b,,fru_high,cb_intrinsic,9821,2453,"[('hDeltaA', 2833), ('PFL3', 1030), ('PFR_a', 895), ('FB4F_c', 663)]","[('PFR_a', 517), ('FB4O', 440), ('FB4P_c', 310), ('hDeltaA', 227)]"
FB4P_c,,fru_high,cb_intrinsic,6298,1850,"[('hDeltaA', 789), ('PFL3', 772), ('PFR_a', 752), ('hDeltaI', 472)]","[('PFR_a', 372), ('FB4O', 319), ('FB4P_b', 238), ('FB4Q_a', 120)]"
FB4Q_a,,fru_high,cb_intrinsic,5331,1615,"[('hDeltaA', 1443), ('PFR_a', 580), ('PFL3', 437), ('FB4F_c', 243)]","[('PFR_a', 324), ('FB4O', 244), ('FB4P_c', 165), ('hDeltaJ', 147)]"
FB4Q_b,,fru_high,cb_intrinsic,2618,1784,"[('FC2A', 421), ('PFL3', 263), ('FB5X', 161), ('hDeltaJ', 151)]","[('FC2A', 607), ('FB4O', 253), ('hDeltaJ', 203), ('PFR_a', 120)]"
FB4Q_c,,fru_high,cb_intrinsic,5414,2442,"[('FC2A', 755), ('hDeltaJ', 725), ('PFR_a', 406), ('PFL3', 347)]","[('hDeltaJ', 580), ('FB4O', 357), ('PFR_a', 288), ('FC2A', 267)]"
FB4R,,fru_high,cb_intrinsic,8574,2385,"[('hDeltaB', 3647), ('PFGs', 670), ('PFR_a', 471), ('FB4R', 370)]","[('PFR_a', 421), ('FB4R', 370), ('vDeltaM', 220), ('PFGs', 211)]"
FB5D,,fru_high,cb_intrinsic,5978,3751,"[('FR1', 882), ('hDeltaH', 704), ('hDeltaA', 537), ('PFR_b', 525)]","[('hDeltaI', 639), ('ExR5', 299), ('vDeltaI_b', 235), ('hDeltaJ', 219)]"
FB5E,,fru_high,cb_intrinsic,4304,2433,"[('PFR_b', 592), ('hDeltaH', 539), ('FR1', 488), ('hDeltaA', 432)]","[('hDeltaI', 317), ('FC2A', 205), ('FB5U', 176), ('FB5R', 141)]"
FB5O,,fru_low,cb_intrinsic,3681,2094,"[('FC2B', 545), ('hDeltaG', 481), ('hDeltaH', 480), ('FR1', 413)]","[('FB5S', 178), ('FB5U', 169), ('FR2', 117), ('FC2A', 110)]"
FB5P,,fru_low,cb_intrinsic,3456,1017,"[('hDeltaH', 730), ('FB5U', 635), ('FB5R', 499), ('FB5S', 484)]","[('ExR5', 125), ('FB5B', 87), ('vDeltaM', 65), ('PFR_a', 57)]"
FB5T,,fru_low,cb_intrinsic,1395,434,"[('hDeltaH', 223), ('FB5U', 193), ('FB5R', 160), ('FB5S', 141)]","[('ExR5', 96), ('vDeltaM', 38), ('hDeltaB', 22), ('vDeltaK', 21)]"
FB5V_a,,fru_high,cb_intrinsic,5971,1242,"[('hDeltaA', 1192), ('FB4Z_a', 1053), ('FB4Y', 756), ('hDeltaK', 645)]","[('ExR5', 199), ('FB4Z_a', 148), ('vDeltaM', 136), ('FB4Y', 87)]"
FB5V_b,,fru_high,cb_intrinsic,4834,1895,"[('hDeltaA', 810), ('hDeltaI', 609), ('FB4Z_a', 577), ('PFR_a', 407)]","[('FB4Z_a', 321), ('vDeltaM', 225), ('ExR5', 216), ('PFR_a', 181)]"
FB5V_c,,fru_high,cb_intrinsic,3539,804,"[('FB4Z_a', 733), ('hDeltaA', 703), ('FB4Z_c', 500), ('hDeltaK', 359)]","[('PFR_b', 133), ('FC2C', 117), ('ExR5', 113), ('FB4Y', 42)]"
FB5X,,fru_low,cb_intrinsic,9540,4213,"[('hDeltaA', 1647), ('PFL3', 1429), ('FC2A', 1179), ('FB5W_a', 827)]","[('FC2A', 1903), ('FB4O', 323), ('ExR5', 299), ('FB5X', 200)]"
FB5Z,,fru_low,cb_intrinsic,4272,1434,"[('FB5S', 1291), ('hDeltaG', 996), ('FS2', 225), ('FB5U', 188)]","[('FB6R', 283), ('FB5S', 118), ('ExR5', 75), ('FB5B', 75)]"
FB6B,,fru_low,cb_intrinsic,3592,1678,"[('FC2C', 342), ('hDeltaF', 329), ('FB6K', 243), ('hDeltaC', 206)]","[('vDeltaC', 249), ('vDeltaD', 221), ('FB6H', 145), ('hDeltaL', 120)]"
FB6W,,fru_low,cb_intrinsic,3532,2034,"[('hDeltaG', 916), ('FC2B', 787), ('FS2', 382), ('FR1', 362)]","[('FB5S', 326), ('vDeltaE', 197), ('vDeltaF', 147), ('FR2', 110)]"
FB6X,,fru_low,cb_intrinsic,2327,950,"[('hDeltaL', 324), ('FB6J', 322), ('hDeltaG', 318), ('FB5S', 270)]","[('FB6R', 176), ('FB5S', 75), ('FB6L', 47), ('FB6J', 40)]"
FC1A,,fru_low,cb_intrinsic,10714,10584,"[('FB2B_a', 1359), ('FB2D', 966), ('PFL1', 672), ('FC1E', 666)]","[('PFNa', 2914), ('FB2D', 2789), ('FB2B_a', 945), ('FB2I_b', 357)]"
FC1B,,fru_low,cb_intrinsic,11746,13812,"[('FB2B_a', 1696), ('FB2A', 730), ('FB2D', 677), ('hDeltaC', 665)]","[('PFNa', 4151), ('FB2D', 3516), ('FB2B_a', 1269), ('FB1G', 872)]"
FC1C_a,,fru_low,cb_intrinsic,2568,5788,"[('FB2D', 511), ('PFL1', 280), ('FB3C', 226), ('FB2B_b', 132)]","[('FB2F_a', 579), ('FB2B_a', 468), ('FB2B_b', 448), ('FC1A', 377)]"
FC1C_b,,fru_low,cb_intrinsic,4616,8295,"[('FB2D', 1055), ('PFL1', 554), ('FB3C', 412), ('FB2B_b', 287)]","[('FB2B_b', 749), ('FB2F_a', 719), ('FB2B_a', 670), ('FC1D', 668)]"
FC1D,,fru_low,cb_intrinsic,11419,11181,"[('FB2D', 2019), ('PFL1', 1349), ('FB2B_b', 743), ('FC1C_b', 668)]","[('PFNa', 2057), ('FB2D', 1994), ('FC1A', 649), ('FB2B_a', 566)]"
FC1E,,fru_low,cb_intrinsic,7856,9223,"[('FB2D', 1789), ('PFL1', 849), ('FB2B_b', 502), ('FR2', 336)]","[('PFNa', 790), ('FB2B_b', 682), ('FC1A', 666), ('FB2D', 630)]"
FC1F,,fru_low,cb_intrinsic,7564,9344,"[('FB2B_a', 936), ('FB2D', 439), ('hDeltaC', 421), ('FC1C_b', 366)]","[('PFNa', 2604), ('FB2D', 2248), ('FB2B_a', 844), ('FB1G', 797)]"
FC3_b,,fru_low,cb_intrinsic,13425,9693,"[('PFR_a', 1211), ('vDeltaG', 852), ('hDeltaH', 745), ('PFGs', 695)]","[('FB3C', 1031), ('PFNa', 909), ('FB1G', 833), ('ExR5', 535)]"
FC3_c,,fru_low,cb_intrinsic,10061,9308,"[('PFR_a', 678), ('FR1', 512), ('hDeltaJ', 474), ('FB3C', 473)]","[('PFNa', 1171), ('FB2D', 1090), ('FB3C', 739), ('FB1G', 579)]"
IPC,,fru_high,cb_endocrine,18,415,"[('hDeltaE', 6), ('hDeltaD', 4), ('vDeltaA_b', 2), ('FB8A', 2)]","[('vDeltaA_b', 103), ('FB8B', 96), ('hDeltaD', 52), ('FB7L', 45)]"
LAL003,,fru_high,cb_intrinsic,198,49,"[('FB5A', 104), ('ExR6', 27), ('FB2K', 19), ('PFL3', 11)]","[('PFL3', 35), ('PFL2', 8), ('ExR4', 1), ('ExR6', 1)]"
LAL023,,fru_low,cb_intrinsic,108,44,"[('PFL3', 33), ('FB2K', 33), ('FB5A', 30), ('FB4E_c', 2)]","[('PFL3', 36), ('PFL2', 3), ('PFL1', 1), ('FS1A_a', 1)]"
LAL024,,fru_low,cb_intrinsic,139,58,"[('LNO2', 81), ('LCNOpm', 12), ('LNO1', 10), ('ExR6', 9)]","[('PFL1', 20), ('FS1A_c', 7), ('FS1A_b', 6), ('FR2', 5)]"
LAL032,,fru_low,cb_intrinsic,268,88,"[('FB2G_b', 58), ('FB4N', 56), ('LCNOpm', 52), ('LNO1', 39)]","[('FB6M', 29), ('FC1E', 19), ('FC1D', 14), ('FC1C_b', 10)]"
LAL034,,fru_low,cb_intrinsic,871,67,"[('LCNOpm', 506), ('LNO1', 104), ('FB1C', 37), ('FB4X', 32)]","[('FB6M', 34), ('ExR6', 7), ('FC1D', 5), ('FB5K', 5)]"
LAL035,,fru_low,cb_intrinsic,385,140,"[('LCNOpm', 182), ('LNO2', 98), ('LNO1', 65), ('LCNOp', 8)]","[('ExR7', 37), ('FS1A_c', 23), ('FC', 16), ('FS1B_a', 12)]"
LAL037,,fru_low,cb_intrinsic,405,0,"[('LCNOpm', 201), ('LNO1', 54), ('LNOa', 35), ('FB5AB', 21)]",[]
LAL045,,fru_low,cb_intrinsic,255,365,"[('FB4I', 64), ('FB4K', 44), ('FB4F_b', 38), ('FB4F_a', 28)]","[('PFL3', 244), ('FC2B', 80), ('FC2C', 23), ('FB4G', 3)]"
LAL050,,fru_low,cb_intrinsic,819,67,"[('LCNOpm', 573), ('LNO1', 100), ('ExR6', 55), ('ExR4', 47)]","[('ExR7', 40), ('ExR8', 5), ('LCNOpm', 4), ('FB5L', 4)]"
LAL059,,fru_high,cb_intrinsic,363,3,"[('FB3A', 152), ('FB4B', 66), ('LNO2', 53), ('ExR4', 38)]","[('ExR2', 2), ('PFL1', 1)]"
LAL063,,fru_high,cb_intrinsic,131,20,"[('FB2D', 33), ('ExR6', 31), ('FB2G_b', 16), ('FB4C', 14)]","[('PFR_b', 2), ('PEG', 2), ('ExR3', 2), ('ER1_b', 2)]"
LAL071,,fru_low,cb_intrinsic,164,136,"[('FB2L', 31), ('FB2D', 20), ('FB3C', 14), ('FB4H', 11)]","[('PFL1', 82), ('FC2A', 15), ('FC1D', 6), ('ExR5', 5)]"
LAL073,,fru_low,cb_intrinsic,333,1284,"[('ExR4', 108), ('ExR6', 87), ('FB2K', 66), ('ER5', 29)]","[('PFL2', 1190), ('PFL3', 57), ('ER5', 17), ('PFL1', 6)]"
LAL074,,fru_high,cb_intrinsic,20,124,"[('FC2C', 6), ('FS3_d', 2), ('FS1B_b', 2), ('FB4B', 2)]","[('PFL2', 105), ('PFL3', 10), ('PFL1', 4), ('LNO2', 2)]"
LAL075,,fru_high,cb_intrinsic,239,418,"[('FB2K', 142), ('FB2L', 19), ('FB5Z', 13), ('FB2C', 13)]","[('PFL2', 255), ('PFL3', 84), ('FC1D', 38), ('FC1E', 14)]"
LAL120_a,,fru_low,cb_intrinsic,78,118,"[('FB4E_a', 20), ('FB2K', 12), ('FB4E_b', 11), ('FB4I', 8)]","[('PFL2', 39), ('ExR6', 19), ('PFL3', 16), ('ExR8', 15)]"
LAL120_b,,fru_high,cb_intrinsic,51,654,"[('FB2K', 27), ('FB3A', 5), ('PFL2', 4), ('ExR4', 3)]","[('PFL2', 498), ('PFL3', 128), ('ExR6', 5), ('LNO1', 4)]"
LAL126,,fru_low,cb_intrinsic,16,1338,"[('PFL3', 8), ('LNO2', 6), ('LPsP', 1), ('FB2K', 1)]","[('PFL3', 1321), ('PFL1', 8), ('PFL2', 3), ('ExR8', 2)]"
LAL138,,fru_low,cb_intrinsic,771,44,"[('ER1_b', 548), ('ER3a_b', 86), ('FB2A', 30), ('ExR6', 22)]","[('PFL1', 19), ('FB4L', 7), ('FR2', 6), ('ER1_b', 3)]"
LAL144,,dsx_low,cb_intrinsic,768,7,"[('LCNOpm', 528), ('LNO2', 89), ('LNO1', 65), ('LNOa', 33)]","[('LCNOpm', 1), ('LNO2', 1), ('LNO1', 1), ('GLNO', 1)]"
LAL153,,fru_low,cb_intrinsic,412,18,"[('LCNOp', 330), ('FB5A', 26), ('FB5V_a', 14), ('LNO1', 7)]","[('ExR2', 3), ('LNO2', 3), ('PFL2', 2), ('PFL3', 2)]"
LAL166,,fru_low,cb_intrinsic,292,24,"[('FB6M', 163), ('FB3A', 52), ('SpsP', 32), ('LNO2', 31)]","[('ExR8', 19), ('ExR2', 3), ('ExR3', 1), ('FB2D', 1)]"
LAL167,,fru_low,cb_intrinsic,253,9,"[('FB3A', 148), ('LNO2', 81), ('FB6M', 9), ('SpsP', 8)]","[('LNO2', 2), ('ExR6', 2), ('FB4B', 2), ('LNOa', 1)]"
LAL168,,fru_low,cb_intrinsic,867,146,"[('LNO2', 355), ('SpsP', 170), ('FB3A', 165), ('FB6M', 75)]","[('ExR8', 121), ('ExR2', 10), ('ExR7', 7), ('LNO2', 3)]"
LAL180,,fru_low,cb_intrinsic,139,69,"[('SpsP', 104), ('FB6M', 27), ('FB1C', 5), ('FB3A', 2)]","[('ExR7', 56), ('ExR6', 5), ('FB1C', 2), ('FB1H', 2)]"
LAL186,,fru_high,cb_intrinsic,140,26,"[('FB4Y', 47), ('FB4P_a', 16), ('FB5D', 14), ('LCNOpm', 12)]","[('ExR6', 22), ('LCNOpm', 1), ('LPsP', 1), ('FB1H', 1)]"
LAL195,,fru_low,cb_intrinsic,0,321,[],"[('PEG', 192), ('PFL3', 38), ('ER1_b', 23), ('PFR_b', 19)]"
LAL300m,male-specific,dsx_high,cb_intrinsic,427,4,"[('LCNOpm', 284), ('LNO2', 93), ('ExR4', 22), ('FB5V_c', 11)]","[('ExR6', 2), ('LCNOpm', 1), ('LNO2', 1)]"
LAL303m,male-specific,dsx_high,cb_intrinsic,686,11,"[('LCNOpm', 251), ('LNO2', 171), ('ExR6', 92), ('LCNOp', 63)]","[('LCNOpm', 3), ('ExR4', 2), ('ExR2', 2), ('LNO2', 1)]"
LC33,,fru_low,visual_projection,828,698,"[('FB5A', 241), ('ExR6', 94), ('PFL3', 73), ('FB2D', 67)]","[('PFL3', 550), ('PFL2', 39), ('FC2C', 28), ('ExR5', 24)]"
LHPV6q1,,fru_high,cb_intrinsic,1784,68,"[('FB2A', 356), ('ER3a_b', 341), ('EPG', 308), ('ER1_b', 169)]","[('PFL1', 18), ('FS1B_b', 10), ('EPG', 8), ('ExR3', 7)]"
MBON09,,fru_low,cb_intrinsic,561,37,"[('FB4R', 492), ('FB4I', 19), ('FB5V_a', 10), ('PFR_b', 6)]","[('FB4R', 19), ('FB5V_a', 11), ('PFL3', 2), ('LNO1', 2)]"
PAM08,,fru_low,cb_intrinsic,176,406,"[('FB4O', 38), ('FB4C', 14), ('FB4R', 14), ('FB4K', 10)]","[('FB4R', 57), ('FB5D', 52), ('FB4O', 25), ('FB4C', 22)]"
PAM12,,fru_low,cb_intrinsic,14,301,"[('FB1C', 2), ('FB5AA', 2), ('FR2', 1), ('FR1', 1)]","[('FR1', 194), ('PFR_b', 32), ('FB4G', 18), ('FB4R', 15)]"
PRW001,,fru_low,cb_intrinsic,464,6,"[('FB6C_b', 288), ('FB7G', 39), ('FB6G', 32), ('FB6C_a', 28)]","[('FB6G', 2), ('FB6C_b', 1), ('FB6C_a', 1), ('FB6M', 1)]"
PRW002,,fru_high,cb_intrinsic,226,2,"[('FB7L', 146), ('FB8H', 16), ('FB6B', 14), ('FB8G', 14)]","[('FB8F_b', 1), ('FB6K', 1)]"
PRW074,,fru_high,cb_intrinsic,173,10,"[('FS4A', 119), ('FB8H', 20), ('FB7L', 16), ('FB7B', 5)]","[('FS4A', 8), ('FB7B', 2)]"
PVLP114,,fru_high,cb_intrinsic,449,3,"[('LCNOp', 356), ('FB5A', 62), ('LCNOpm', 7), ('ExR6', 6)]","[('FB5A', 2), ('LCNOp', 1)]"
PVLP138,sexually dimorphic,,cb_intrinsic,719,16,"[('LCNOpm', 290), ('LNO2', 287), ('ExR6', 32), ('LCNOp', 32)]","[('PFL2', 5), ('ExR6', 3), ('LCNOpm', 2), ('ExR4', 2)]"
PVLP200m_a,male-specific,dsx_low,cb_intrinsic,190,28,"[('ExR6', 54), ('FB5A', 19), ('FB4M', 16), ('FB4Y', 15)]","[('FB4P_c', 7), ('FB4G', 6), ('FB4O', 5), ('FB5W_b', 2)]"
PVLP200m_b,male-specific,dsx_low,cb_intrinsic,191,5,"[('ExR6', 74), ('FB4M', 61), ('FB5A', 19), ('FB4Y', 13)]","[('ExR6', 4), ('FB4E_c', 1)]"
PVLP201m_d,male-specific,,cb_intrinsic,113,19,"[('ExR6', 49), ('FB4M', 37), ('FB5A', 8), ('FB4P_b', 4)]","[('ExR6', 19)]"
SIP128m,male-specific,fru_high,cb_intrinsic,328,3,"[('FB4O', 159), ('FB4K', 68), ('FB5N', 21), ('FB4P_c', 20)]","[('FB4O', 2), ('ER4d', 1)]"
SIP130m,male-specific,fru_high,cb_intrinsic,140,12,"[('FB6K', 33), ('FB4K', 27), ('FB4O', 18), ('FB5I', 16)]","[('FB4O', 2), ('FC1C_b', 2), ('FS1A_c', 1), ('FS1B_a', 1)]"
SIP132m,male-specific,,cb_intrinsic,159,2,"[('FB4N', 90), ('FB4L', 53), ('FB1C', 7), ('FB1H', 6)]","[('FB1C', 1), ('FB4N', 1)]"
SLP021,,fru_high,cb_intrinsic,136,16,"[('FB5B', 50), ('FB5AB', 33), ('FB6Q', 23), ('FB6T', 3)]","[('FB5B', 5), ('FB6S', 2), ('FB7F', 2), ('FS2', 1)]"
SMP056,,fru_low,cb_intrinsic,157,13,"[('FB4R', 76), ('FB2G_b', 22), ('FB5D', 9), ('FB5X', 8)]","[('FB4R', 4), ('FB5D', 2), ('FB5W_a', 1), ('FB4P_c', 1)]"
SMP087,,fru_low,cb_intrinsic,254,83,"[('FB5H', 58), ('FB5AA', 36), ('FB6V', 29), ('FB5C', 28)]","[('FB5AA', 11), ('FB5C', 10), ('FB7I', 8), ('FB7G', 6)]"
SMP088,,fru_low,cb_intrinsic,108,71,"[('FB5H', 40), ('FB1A', 8), ('FB6Y', 7), ('FB6R', 7)]","[('FS3_c', 15), ('FS3_a', 11), ('FS3_b', 5), ('FS2', 5)]"
SMP110,,fru_low,cb_intrinsic,150,306,"[('FB1C', 66), ('FB4Y', 19), ('FB1H', 17), ('FB5Z', 6)]","[('FS1B_a', 95), ('FS1A_c', 65), ('FC2B', 60), ('FC2C', 17)]"
SMP145,,fru_high,cb_intrinsic,457,65,"[('FB4M', 44), ('FB4N', 33), ('FB2G_b', 23), ('FB5X', 20)]","[('FS1A_c', 7), ('FS1A_b', 5), ('FS1A_a', 5), ('FS1B_a', 5)]"
SMP161,,fru_high,cb_intrinsic,149,9,"[('FB6F', 136), ('FB6K', 6), ('FB2E', 4), ('FB1G', 1)]","[('FB6Y', 3), ('FB8C', 2), ('FB7C', 2), ('FS3_d', 1)]"
SMP165,sexually dimorphic,fru_low,cb_intrinsic,468,15,"[('FB5H', 201), ('FB5D', 80), ('FB1C', 45), ('FB4P_a', 35)]","[('PFL1', 2), ('FB1H', 2), ('FB5D', 2), ('PFGs', 1)]"
SMP179,potentially sexually dimorphic,,cb_intrinsic,703,56,"[('FB4K', 159), ('FB5H', 121), ('FB4O', 89), ('FB5Z', 49)]","[('FB4O', 10), ('FB5H', 8), ('FC1C_a', 7), ('FC1C_b', 5)]"
SMP215,,fru_low,cb_intrinsic,1479,161,"[('FB6D', 687), ('FB6I', 397), ('FB6A_b', 171), ('FB6Z', 116)]","[('FB6D', 43), ('FB6C_b', 33), ('FB6I', 20), ('FB6A_b', 16)]"
SMP352,,fru_low,cb_intrinsic,1193,208,"[('FB7A', 215), ('FB6G', 125), ('FB6I', 116), ('FB6C_a', 112)]","[('FB8F_a', 60), ('FB6G', 18), ('FB6A_a', 17), ('FB7F', 16)]"
SMP354,,fru_low,cb_intrinsic,354,10,"[('FB6D', 211), ('FB6I', 112), ('FB6K', 5), ('FB5Y_a', 5)]","[('FB6D', 5), ('FB6A_b', 2), ('FB6A_a', 1), ('FB6S', 1)]"
SMP477,,fru_low,cb_intrinsic,24,150,"[('FB5Q', 7), ('FB2G_b', 2), ('FB4N', 2), ('FB5O', 2)]","[('FS1A_a', 91), ('FS1A_b', 24), ('FS1A_c', 15), ('FC2B', 9)]"
SMP553,,fru_low,cb_intrinsic,131,22,"[('FB5AA', 39), ('FB7G', 38), ('FB7I', 30), ('FB5C', 20)]","[('FB6S', 4), ('FB6A_c', 3), ('FB7G', 3), ('FB7F', 2)]"
SMP555,sexually dimorphic,fru_high,cb_intrinsic,151,7,"[('FB5N', 39), ('FB4F_c', 23), ('FB5A', 15), ('FB5W_a', 14)]","[('FB4G', 3), ('FB1H', 2), ('FB5N', 2)]"
SMP556,sexually dimorphic,fru_high,cb_intrinsic,214,2,"[('FB5N', 42), ('FB4F_c', 33), ('FB5W_a', 32), ('FB5A', 25)]","[('FB4F_a', 1), ('FB4P_c', 1)]"
SMP577,,fru_low,cb_intrinsic,627,220,"[('FB5Q', 103), ('FB4O', 69), ('FB4N', 68), ('FB5P', 59)]","[('FC1C_a', 63), ('FS1B_a', 53), ('FC1C_b', 49), ('FC', 13)]"
SMP598,sexually dimorphic,,cb_intrinsic,316,17,"[('FB1C', 68), ('FB8I', 51), ('FB5G_b', 32), ('FB7G', 23)]","[('FS3_d', 10), ('FS3_b', 2), ('FB6G', 1), ('FB6C_b', 1)]"
SMP712m,male-specific,fru_high,cb_intrinsic,306,33,"[('FC2B', 75), ('FB4G', 51), ('FB4K', 40), ('FC2A', 37)]","[('FC2A', 9), ('FC2B', 8), ('FB4O', 3), ('FB4E_a', 2)]"
SMP714m,male-specific,fru_high,cb_intrinsic,180,36,"[('FB4Y', 117), ('FB1H', 16), ('FB4G', 8), ('FB5AB', 7)]","[('FB4K', 8), ('FB4P_a', 8), ('FB4H', 3), ('FB1H', 2)]"
SMP728m,male-specific,,cb_intrinsic,121,1,"[('FB4N', 115), ('FB5A', 2), ('FB4F_c', 2), ('FB6S', 1)]","[('FB5A', 1)]"
SMP743,,fru_low,cb_intrinsic,876,31,"[('FB6H', 186), ('FB8I', 142), ('FB7G', 135), ('FB7A', 87)]","[('FS4A', 8), ('FS3_b', 5), ('FB6C_b', 5), ('FB8I', 4)]"
aIPg1,sexually dimorphic,fru_high,cb_intrinsic,169,5,"[('FB1C', 115), ('FB5A', 19), ('FB4H', 10), ('FB4Y', 9)]","[('FB2B_b', 2), ('FB2B_a', 1), ('FB4G', 1), ('FB5D', 1)]"
aIPg5,sexually dimorphic,fru_high,cb_intrinsic,283,8,"[('FB1H', 73), ('FB4Y', 43), ('FB4E_a', 34), ('FB5V_a', 26)]","[('FB1H', 4), ('FB5D', 2), ('FB4H', 1), ('FB5L', 1)]"
aIPg9,,fru_low,cb_intrinsic,119,8,"[('FB4Y', 36), ('FB4H', 35), ('FB4M', 8), ('FB4N', 7)]","[('FB5A', 3), ('FB4R', 2), ('FS1A_c', 1), ('FB1H', 1)]"
aIPg_m1,male-specific,fru_high,cb_intrinsic,281,2,"[('FB5A', 115), ('FB4Y', 62), ('FB1C', 38), ('FB1H', 35)]","[('FB4R', 1), ('FB4P_a', 1)]"
aIPg_m2,male-specific,fru_high,cb_intrinsic,270,3,"[('FB5A', 98), ('FB1C', 95), ('FB4Y', 23), ('FB4H', 19)]","[('FB1C', 1), ('FB4R', 1), ('FB4Y', 1)]"
hDeltaA,,fru_low,cb_intrinsic,19793,47380,"[('PFL3', 3881), ('FB4Z_a', 2692), ('PFR_a', 2195), ('FB4Z_c', 1544)]","[('vDeltaK', 3168), ('FB4P_b', 2833), ('FB4K', 2754), ('PFR_a', 2666)]"
hDeltaB,,fru_low,cb_intrinsic,62791,45236,"[('PFR_a', 6717), ('PFR_b', 5787), ('hDeltaK', 4672), ('hDeltaJ', 4232)]","[('PFNd', 20165), ('FB4B', 5373), ('PFNv', 4344), ('FB4R', 3647)]"
hDeltaI,,fru_low,cb_intrinsic,14914,35228,"[('PFL3', 3468), ('PFL2', 1942), ('FB4P_a', 988), ('FB4E_a', 933)]","[('hDeltaB', 3575), ('FB4F_c', 3538), ('FB2G_b', 1856), ('FB4E_a', 1730)]"
hDeltaJ,,fru_low,cb_intrinsic,21935,36445,"[('FC2A', 3062), ('FC2B', 2573), ('FB4X', 2571), ('FB5I', 1370)]","[('hDeltaB', 4232), ('FB4A_a', 1854), ('PFNp_c', 1705), ('FB4X', 1651)]"
hDeltaL,,fru_low,cb_intrinsic,16907,35240,"[('FC2C', 3187), ('FS2', 1885), ('FB6J', 1061), ('vDeltaD', 844)]","[('vDeltaD', 2858), ('FB6F', 2764), ('FB6C_b', 2367), ('FB7I', 2130)]"
hDeltaM,,fru_low,cb_intrinsic,11964,24485,"[('PFL3', 2428), ('PFL2', 1555), ('FC2B', 958), ('FB5A', 888)]","[('FB5A', 1611), ('FB2M_a', 1540), ('FB5N', 1357), ('FB5Q', 1256)]"
oviIN,sexually dimorphic,,cb_intrinsic,3089,4035,"[('FC2C', 418), ('FB5Z', 263), ('FB5Q', 261), ('FB5P', 207)]","[('FS1A_a', 780), ('FC2C', 682), ('FS1A_b', 633), ('FC2B', 631)]"
