tangential,T_nt,T_cells,columnar,T_to_X,col_uniformity,teacher_in,readout,modulator_on_X,T_ext_share,T_context,score
FB5V_a,glutamate,6,hDeltaA,1192,0.62,3806,5463,1477,0.31,LAL101:307;CRE028:212;SMP471:201;LAL129:186,1832.5
FB4P_b,glutamate,3,hDeltaA,2833,0.65,3806,5463,1477,0.19,CRE059:273;SMP133:183;CRE005:160;MBON21:96,1721.2
FB4K,glutamate,4,hDeltaA,2754,0.62,3806,5463,1477,0.13,CRE067:399;CRE027:187;CRE107:177;SMP179:159,1453.8
FB4X,glutamate,2,hDeltaJ,1651,0.45,6997,5852,2470,0.19,SLP247:314;MBON30:259;CRE042:239;LHPD5f1:227,1420.4
FB4M,dopamine,4,hDeltaJ,625,0.54,6997,5852,2470,0.19,SMP377:1111;PLP246:660;SIP064:468;CRE059:415,1383.9
FB4D_a,glutamate,2,hDeltaJ,1228,0.55,6997,5852,2470,0.12,CRE024:98;CRE071:91;CRE066:63;CRE049:34,1352.7
FB4Z_a,glutamate,8,hDeltaA,1721,0.69,3806,5463,1477,0.07,FB5V_b:577,1290.7
FB4M,dopamine,4,hDeltaA,1098,0.53,3806,5463,1477,0.19,SMP377:1111;PLP246:660;SIP064:468;CRE059:415,1286.7
FB4K,glutamate,4,hDeltaJ,1030,0.5,6997,5852,2470,0.13,CRE067:399;CRE027:187;CRE107:177;SMP179:159,1266.6
FB5X,glutamate,6,hDeltaA,1647,0.48,3806,5463,1477,0.18,SMP377:539;SMP133:314;oviIN:191;PLP246:153,1262.3
FB4Q_a,glutamate,2,hDeltaA,1443,0.57,3806,5463,1477,0.13,SMP133:133;CRE003_b:77;CRE059:68;CRE005:57,1244.4
FB4I,glutamate,2,hDeltaA,1082,0.61,3806,5463,1477,0.11,LAL101:71;LAL045:64;CRE044:61;CRE004:43,1210.5
FB4P_a,glutamate,4,hDeltaA,1508,0.59,3806,5463,1477,0.1,CRE028:275;CRE106:151;SMP122:143;SMP123:138,1188.9
FB5P,glutamate,4,hDeltaH,730,0.59,1223,4651,799,0.26,oviIN:207;CRE078:131;SIP066:123;SMP180:94,1178.2
FB5V_c,glutamate,5,hDeltaA,703,0.39,3806,5463,1477,0.29,LAL137:174;CL129:165;SMP471:154;IB005:142,1176.0
FB3A,glutamate,4,PFNd,5765,0.66,15279,64,2211,0.21,LAL143:727;PS326:511;AN06B009:319;PS196_b:195,1167.8
FB4A_a,glutamate,6,hDeltaJ,1854,0.47,6997,5852,2470,0.08,CRE107:113;CRE025:102;MBON04:66;LHPD2c7:64,1158.3
FB4R,glutamate,6,hDeltaB,3647,0.3,25408,192,5714,0.31,MBON21:756;MBON09:492;LHPV7c1:335;LAL185:176,1156.8
FB4O,glutamate,6,hDeltaJ,1236,0.41,6997,5852,2470,0.14,CRE049:299;SMP146:219;MBON22:175;SIP128m:159,1144.4
FB4P_c,glutamate,2,hDeltaA,789,0.55,3806,5463,1477,0.14,SMP133:178;MBON21:122;CRE059:77;SMP152:76,1130.4
FB1G,acetylcholine,2,hDeltaJ,1122,0.44,6997,5852,2470,0.11,SMP192:158;SIP018:157;LHPV10d1:156;CRE056:91,1125.6
FB5Z,glutamate,4,hDeltaG,996,0.81,940,3933,247,0.2,oviIN:263;LAL137:93;SMP185:85;CRE105:84,1088.8
FB5Q,glutamate,4,hDeltaM,1256,0.72,363,5353,586,0.21,oviIN:261;SMP541:237;SMP376:184;CRE074:173,1088.5
FB1H,dopamine,2,hDeltaJ,1184,0.57,6997,5852,2470,0.03,CRE024:225;SMP133:184,1078.9
FB4Z_c,glutamate,4,hDeltaA,907,0.6,3806,5463,1477,0.07,FB5V_b:313,1062.6
FB4F_a,glutamate,4,hDeltaA,1604,0.54,3806,5463,1477,0.07,CRE004:167;LAL147_a:128;IB005:92,1057.7
FB4M,dopamine,4,hDeltaB,3391,0.38,25408,192,5714,0.19,SMP377:1111;PLP246:660;SIP064:468;CRE059:415,1050.5
FB4D_c,glutamate,2,hDeltaJ,1129,0.38,6997,5852,2470,0.13,CRE024:159;CRE042:86;CRE066:57;CRE070:32,1040.5
FB5D,glutamate,3,hDeltaA,537,0.6,3806,5463,1477,0.1,SMP123:213;SMP122:185;SMP124:153;OA-VPM3:125,1033.8
FB5I,glutamate,2,PFR_a,1499,0.52,11449,999,1808,0.1,SMP011_b:126;SMP011_a:109;SLP247:106;SMP504:87,1012.2
FB4F_c,glutamate,6,hDeltaA,990,0.61,3806,5463,1477,0.05,PLP161:208;CRE004:149,1005.1
FB4Y,serotonin,4,hDeltaA,1539,0.63,3806,5463,1477,0.01,AVLP705m:291,990.9
FB4E_a,glutamate,5,hDeltaI,1730,0.41,3669,5535,889,0.16,CRE028:301;CL236:90;LAL196:82;SMP376:76,988.9
FB4J,glutamate,2,hDeltaJ,606,0.35,6997,5852,2470,0.16,CRE024:198;CRE042:134;CRE070:50;CRE066:45,977.4
FB4K,glutamate,4,PFR_a,1836,0.42,11449,999,1808,0.13,CRE067:399;CRE027:187;CRE107:177;SMP179:159,976.9
FB4A_b,glutamate,2,hDeltaJ,990,0.45,6997,5852,2470,0.06,MBON04:86;LHPD2c7:70,969.5
FB5Q,glutamate,4,PFL3,1300,0.42,6858,917,1060,0.21,oviIN:261;SMP541:237;SMP376:184;CRE074:173,957.6
FB5A,gaba,4,hDeltaH,906,0.83,1223,4651,799,0.04,SMP192:379;CRE086:333;CRE085:282,955.5
FB4P_c,glutamate,2,hDeltaI,472,0.54,3669,5535,889,0.14,SMP133:178;MBON21:122;CRE059:77;SMP152:76,950.4
FB4X,glutamate,2,hDeltaH,751,0.51,1223,4651,799,0.19,SLP247:314;MBON30:259;CRE042:239;LHPD5f1:227,930.4
FB4G,glutamate,2,hDeltaI,591,0.47,3669,5535,889,0.15,CRE005:257;CRE004:128;CRE023:112;MBON25-like:86,926.7
FB4O,glutamate,6,PFR_a,1722,0.37,11449,999,1808,0.14,CRE049:299;SMP146:219;MBON22:175;SIP128m:159,912.3
FB4K,glutamate,4,hDeltaH,943,0.56,1223,4651,799,0.13,CRE067:399;CRE027:187;CRE107:177;SMP179:159,911.2
FB4P_b,glutamate,3,PFR_a,895,0.36,11449,999,1808,0.19,CRE059:273;SMP133:183;CRE005:160;MBON21:96,904.9
FB4X,glutamate,2,PFR_a,635,0.38,11449,999,1808,0.19,SLP247:314;MBON30:259;CRE042:239;LHPD5f1:227,893.8
FB5AB,acetylcholine,2,hDeltaC,1751,0.44,2405,3483,725,0.15,CRE103:333;CB1434:230;MBON13:227;LHPV5e1:224,888.8
FB6A_c,glutamate,2,hDeltaC,3485,0.42,2405,3483,725,0.12,SIP076:505;SMP347:343;SIP005:138;SMP405:127,886.2
FB4M,dopamine,4,PFR_a,735,0.37,11449,999,1808,0.19,SMP377:1111;PLP246:660;SIP064:468;CRE059:415,883.3
FB6F,glutamate,2,hDeltaG,1096,0.59,940,3933,247,0.21,SMP161:136;SMP368:112;SMP249:91;CB2814:91,876.6
FB4E_b,glutamate,4,hDeltaI,1030,0.35,3669,5535,889,0.18,CRE028:182;SMP122:105;CL236:78;SMP109:57,876.5
FB5X,glutamate,6,PFL3,1429,0.39,6858,917,1060,0.18,SMP377:539;SMP133:314;oviIN:191;PLP246:153,874.5
FB5AA,glutamate,2,hDeltaG,937,0.83,940,3933,247,0.1,CRE072:147;CRE105:102;OA-VPM3:82;CRE025:77,872.6
FB4D_b,glutamate,2,hDeltaJ,1107,0.41,6997,5852,2470,0.04,CRE071:48;CRE066:44,872.1
FB4N,glutamate,2,hDeltaJ,973,0.32,6997,5852,2470,0.1,SMP010:260;SMP117_a:235;SIP064:180;LAL007:161,870.7
FB5J,glutamate,2,hDeltaJ,672,0.47,6997,5852,2470,0.03,LHPD2c7:52;MBON04:40,869.9
FB5M,glutamate,2,hDeltaA,422,0.52,3806,5463,1477,0.08,PLP161:115;AN19B019:40;AVLP032:34,867.3
FB4Q_c,glutamate,3,hDeltaJ,725,0.39,6997,5852,2470,0.07,CRE003_b:108;CRE018:82;LHPD5f1:52,861.2
FB4R,glutamate,6,hDeltaJ,329,0.2,6997,5852,2470,0.31,MBON21:756;MBON09:492;LHPV7c1:335;LAL185:176,857.7
FB5G_c,glutamate,2,hDeltaM,557,0.65,363,5353,586,0.19,CRE074:82;oviIN:82;SMP542:81;SIP065:77,848.6
FB4P_b,glutamate,3,PFL3,1030,0.38,6858,917,1060,0.19,CRE059:273;SMP133:183;CRE005:160;MBON21:96,836.3
FB5D,glutamate,3,hDeltaH,704,0.6,1223,4651,799,0.1,SMP123:213;SMP122:185;SMP124:153;OA-VPM3:125,831.9
FB5G_a,glutamate,4,hDeltaM,1112,0.62,363,5353,586,0.15,SIP065:170;SMP542:169;SMP566:107;CB3614:96,830.7
FB5U,glutamate,4,hDeltaH,1399,0.75,1223,4651,799,0.0,,826.5
FB4F_c,glutamate,6,hDeltaI,3538,0.4,3669,5535,889,0.05,PLP161:208;CRE004:149,825.8
FB4X,glutamate,2,hDeltaA,301,0.37,3806,5463,1477,0.19,SLP247:314;MBON30:259;CRE042:239;LHPD5f1:227,825.3
FB4F_b,glutamate,2,hDeltaA,854,0.45,3806,5463,1477,0.06,CRE070:58;CRE004:51;LAL101:44,820.4
FB4C,glutamate,2,PFNd,4366,0.73,15279,64,2211,0.04,SMP374:281;CRE107:145,810.6
FB4P_c,glutamate,2,PFR_a,752,0.38,11449,999,1808,0.14,SMP133:178;MBON21:122;CRE059:77;SMP152:76,809.5
FB6C_b,glutamate,6,hDeltaC,2032,0.32,2405,3483,725,0.19,SLP405_c:414;SMP250:331;PRW001:288;SLP340:287,809.0
FB5F,glutamate,2,PFL3,609,0.43,6858,917,1060,0.18,oviIN:133;PLP246:71;SMP185:65;mALD1:62,806.6
FB5I,glutamate,2,hDeltaJ,532,0.33,6997,5852,2470,0.1,SMP011_b:126;SMP011_a:109;SLP247:106;SMP504:87,796.6
FB1G,acetylcholine,2,PFR_a,699,0.4,11449,999,1808,0.11,SMP192:158;SIP018:157;LHPV10d1:156;CRE056:91,792.1
FB4L,dopamine,4,hDeltaB,1207,0.29,25408,192,5714,0.19,SIP064:394;LAL055:342;mALB5:339;LAL139:218,789.4
FB5B,glutamate,6,hDeltaC,961,0.48,2405,3483,725,0.11,SLP247:207;SIP071:125;M_lvPNm25:107;SMP126:95,787.9
FB6F,glutamate,2,hDeltaL,2764,0.68,484,3798,75,0.21,SMP161:136;SMP368:112;SMP249:91;CB2814:91,787.4
FB4C,glutamate,2,PFR_a,1184,0.48,11449,999,1808,0.04,SMP374:281;CRE107:145,782.5
FB4X,glutamate,2,hDeltaM,712,0.55,363,5353,586,0.19,SLP247:314;MBON30:259;CRE042:239;LHPD5f1:227,777.0
FB2M_a,glutamate,4,hDeltaM,1540,0.75,363,5353,586,0.05,PLP026:107;CB3056:100,776.3
FB4B,glutamate,2,hDeltaB,5373,0.4,25408,192,5714,0.03,WED153:148;CB2037:132,775.1
FB6A_b,glutamate,2,hDeltaC,1164,0.33,2405,3483,725,0.2,SIP005:317;SLP396:299;SMP186:277;SMP347:265,774.4
FB4Q_a,glutamate,2,PFR_a,580,0.38,11449,999,1808,0.13,SMP133:133;CRE003_b:77;CRE059:68;CRE005:57,770.4
FB8H,glutamate,6,FC2C,844,0.46,186,5575,325,0.36,CB1617:236;CB4022:197;CB4023:157;LHPV5a3:151,768.8
FB4R,glutamate,6,hDeltaI,301,0.26,3669,5535,889,0.31,MBON21:756;MBON09:492;LHPV7c1:335;LAL185:176,766.4
FB6D,glutamate,2,hDeltaC,1716,0.28,2405,3483,725,0.21,SMP215:687;SMP354:211;SMP186:204;PRW009:126,765.3
FB3A,glutamate,4,PFR_a,370,0.32,11449,999,1808,0.21,LAL143:727;PS326:511;AN06B009:319;PS196_b:195,762.9
FB4M,dopamine,4,PFNd,977,0.54,15279,64,2211,0.19,SMP377:1111;PLP246:660;SIP064:468;CRE059:415,762.7
FB5C,glutamate,3,hDeltaG,1018,0.73,940,3933,247,0.08,CRE072:183;OA-VPM3:163;CRE105:143,757.8
FB2F_d,glutamate,4,hDeltaG,880,0.74,940,3933,247,0.08,SIP003_a:72;LHPD2a4_a:63;CB4198:63;SMP568_d:60,756.3
FB3A,glutamate,4,hDeltaB,883,0.27,25408,192,5714,0.21,LAL143:727;PS326:511;AN06B009:319;PS196_b:195,755.7
FB5G_c,glutamate,2,PFL3,692,0.35,6858,917,1060,0.19,CRE074:82;oviIN:82;SMP542:81;SIP065:77,745.3
FB4O,glutamate,6,PFL3,1195,0.36,6858,917,1060,0.14,CRE049:299;SMP146:219;MBON22:175;SIP128m:159,736.2
FB6A_a,glutamate,2,hDeltaC,1468,0.33,2405,3483,725,0.16,SIP076:458;SMP347:239;SMP407:219;SMP034:215,734.3
FB4O,glutamate,6,hDeltaA,385,0.33,3806,5463,1477,0.14,CRE049:299;SMP146:219;MBON22:175;SIP128m:159,726.3
FB4P_b,glutamate,3,PFL2,379,0.52,4338,646,556,0.19,CRE059:273;SMP133:183;CRE005:160;MBON21:96,725.9
FB2F_b,glutamate,3,hDeltaH,736,0.66,1223,4651,799,0.02,CB1220:53,722.9
FB5F,glutamate,2,hDeltaM,425,0.57,363,5353,586,0.18,oviIN:133;PLP246:71;SMP185:65;mALD1:62,721.7
FB5X,glutamate,6,hDeltaM,480,0.55,363,5353,586,0.18,SMP377:539;SMP133:314;oviIN:191;PLP246:153,718.9
FB5W_a,glutamate,6,hDeltaM,717,0.67,363,5353,586,0.09,SMP178:129;SMP376:80;SMP114:55;CRE025:54,718.3
FB4Z_b,glutamate,3,hDeltaA,349,0.37,3806,5463,1477,0.11,FB5V_b:216,715.5
FB5I,glutamate,2,hDeltaC,2654,0.34,2405,3483,725,0.1,SMP011_b:126;SMP011_a:109;SLP247:106;SMP504:87,713.7
FB2G_b,glutamate,6,hDeltaA,836,0.41,3806,5463,1477,0.03,SIP086:110;CB2814:107,711.9
FB4M,dopamine,4,hDeltaI,380,0.31,3669,5535,889,0.19,SMP377:1111;PLP246:660;SIP064:468;CRE059:415,706.1
FB4P_b,glutamate,3,hDeltaI,649,0.26,3669,5535,889,0.19,CRE059:273;SMP133:183;CRE005:160;MBON21:96,704.7
FB2F_b,glutamate,3,hDeltaJ,695,0.36,6997,5852,2470,0.02,CB1220:53,696.1
FB2D,glutamate,6,hDeltaJ,746,0.38,6997,5852,2470,0.0,,694.5
FB2M_a,glutamate,4,hDeltaA,445,0.43,3806,5463,1477,0.05,PLP026:107;CB3056:100,693.3
FB6W,glutamate,2,hDeltaG,916,0.69,940,3933,247,0.06,SMP541:72;CRE025:66;SMP376:45,690.0
FB4O,glutamate,6,hDeltaH,475,0.43,1223,4651,799,0.14,CRE049:299;SMP146:219;MBON22:175;SIP128m:159,686.8
FB5B,glutamate,6,hDeltaG,397,0.7,940,3933,247,0.11,SLP247:207;SIP071:125;M_lvPNm25:107;SMP126:95,683.7
FB6F,glutamate,2,FC2C,1023,0.54,186,5575,325,0.21,SMP161:136;SMP368:112;SMP249:91;CB2814:91,678.1
FB2G_a,glutamate,2,hDeltaJ,355,0.32,6997,5852,2470,0.07,SMP568_b:46;LHPD2a4_a:45;CB1220:43,676.8
FB6V,glutamate,2,hDeltaG,666,0.69,940,3933,247,0.07,CRE072:174;CRE105:100;CRE025:83,672.1
FB5G_a,glutamate,4,PFL3,1176,0.3,6858,917,1060,0.15,SIP065:170;SMP542:169;SMP566:107;CB3614:96,670.1
FB6R,glutamate,4,hDeltaG,501,0.74,940,3933,247,0.07,SMP133:83;SMP136:63;SMP377:57,668.8
FB5A,gaba,4,FC2C,4190,0.7,186,5575,325,0.04,SMP192:379;CRE086:333;CRE085:282,667.4
FB4O,glutamate,6,hDeltaI,967,0.25,3669,5535,889,0.14,CRE049:299;SMP146:219;MBON22:175;SIP128m:159,662.7
FB4K,glutamate,4,PFGs,736,0.85,5353,51,654,0.13,CRE067:399;CRE027:187;CRE107:177;SMP179:159,660.5
FB6Z,glutamate,2,hDeltaL,1249,0.46,484,3798,75,0.34,SLP281:248;SLP405_b:177;SMP186:135;SMP379:129,658.4
FB5D,glutamate,3,PFR_a,404,0.37,11449,999,1808,0.1,SMP123:213;SMP122:185;SMP124:153;OA-VPM3:125,657.5
FB4F_c,glutamate,6,PFL3,1133,0.44,6858,917,1060,0.05,PLP161:208;CRE004:149,655.3
FB5W_a,glutamate,6,hDeltaA,475,0.33,3806,5463,1477,0.09,SMP178:129;SMP376:80;SMP114:55;CRE025:54,654.6
FB5R,glutamate,4,hDeltaH,536,0.61,1223,4651,799,0.02,FB5V_b:55,653.1
FB4O,glutamate,6,hDeltaM,899,0.47,363,5353,586,0.14,CRE049:299;SMP146:219;MBON22:175;SIP128m:159,652.5
FB4F_a,glutamate,4,hDeltaI,1536,0.29,3669,5535,889,0.07,CRE004:167;LAL147_a:128;IB005:92,645.7
FB5N,glutamate,4,hDeltaM,1357,0.59,363,5353,586,0.05,PPL102:110;SMP381_b:96;GNG291:80,643.6
FB6C_b,glutamate,6,PFGs,1597,0.61,5353,51,654,0.19,SLP405_c:414;SMP250:331;PRW001:288;SLP340:287,642.2
FB6M,glutamate,4,PFGs,1061,0.71,5353,51,654,0.16,SIP064:213;LAL166:163;PLP101:158;WED006:141,641.5
FB4L,dopamine,4,PFNd,510,0.47,15279,64,2211,0.19,SIP064:394;LAL055:342;mALB5:339;LAL139:218,640.8
FB5K,glutamate,2,hDeltaH,395,0.45,1223,4651,799,0.11,CRE042:321;CRE107:135;CB2550:60,637.5
FB5A,gaba,4,hDeltaM,1611,0.58,363,5353,586,0.04,SMP192:379;CRE086:333;CRE085:282,637.3
FB4P_c,glutamate,2,PFL3,772,0.32,6858,917,1060,0.14,SMP133:178;MBON21:122;CRE059:77;SMP152:76,631.6
FB2F_d,glutamate,4,hDeltaC,951,0.38,2405,3483,725,0.08,SIP003_a:72;LHPD2a4_a:63;CB4198:63;SMP568_d:60,628.6
FB6K,glutamate,4,hDeltaG,1570,0.66,940,3933,247,0.02,SMP347:98,627.8
FB5A,gaba,4,PFL3,1763,0.39,6858,917,1060,0.04,SMP192:379;CRE086:333;CRE085:282,626.6
FB6Z,glutamate,2,FC2C,545,0.4,186,5575,325,0.34,SLP281:248;SLP405_b:177;SMP186:135;SMP379:129,624.8
FB6C_b,glutamate,6,FC2C,935,0.51,186,5575,325,0.19,SLP405_c:414;SMP250:331;PRW001:288;SLP340:287,620.3
FB5G_b,glutamate,2,PFL3,391,0.27,6858,917,1060,0.23,SIP065:73;SMP542:45;CB1897:40;SMP188:38,616.8
FB6A_c,glutamate,2,PFGs,952,0.78,5353,51,654,0.12,SIP076:505;SMP347:343;SIP005:138;SMP405:127,611.5
FB1E_a,glutamate,5,hDeltaC,885,0.3,2405,3483,725,0.12,CB2116:118;CB2398:91;CB4198:67;SIP051:63,609.0
FB5O,glutamate,2,hDeltaH,480,0.44,1223,4651,799,0.08,CRE025:115;SMP376:81;SMP541:69,603.7
FB5X,glutamate,6,FC2A,1179,0.63,50,4242,637,0.18,SMP377:539;SMP133:314;oviIN:191;PLP246:153,598.5
FB4B,glutamate,2,PFR_a,832,0.36,11449,999,1808,0.03,WED153:148;CB2037:132,595.5
FB5S,glutamate,9,hDeltaG,1827,0.64,940,3933,247,0.0,,594.7
FB5O,glutamate,2,hDeltaG,481,0.61,940,3933,247,0.08,CRE025:115;SMP376:81;SMP541:69,592.4
FB4D_c,glutamate,2,hDeltaI,448,0.27,3669,5535,889,0.13,CRE024:159;CRE042:86;CRE066:57;CRE070:32,591.2
FB2G_b,glutamate,6,hDeltaM,607,0.65,363,5353,586,0.03,SIP086:110;CB2814:107,589.0
FB2F_d,glutamate,4,hDeltaH,458,0.43,1223,4651,799,0.08,SIP003_a:72;LHPD2a4_a:63;CB4198:63;SMP568_d:60,584.5
FB6I,glutamate,2,hDeltaL,959,0.46,484,3798,75,0.28,SMP215:397;SLP281:191;SMP352:116;SMP186:113,583.0
FB4F_b,glutamate,2,hDeltaI,553,0.33,3669,5535,889,0.06,CRE070:58;CRE004:51;LAL101:44,580.2
FB5A,gaba,4,hDeltaG,759,0.62,940,3933,247,0.04,SMP192:379;CRE086:333;CRE085:282,579.0
FB6A_a,glutamate,2,PFGs,1227,0.61,5353,51,654,0.16,SIP076:458;SMP347:239;SMP407:219;SMP034:215,578.3
FB5Y_a,glutamate,2,hDeltaM,565,0.44,363,5353,586,0.14,CB1220:86;SMP405:84;SMP408_b:83;CRE093:72,576.5
FB5D,glutamate,3,hDeltaG,424,0.56,940,3933,247,0.1,SMP123:213;SMP122:185;SMP124:153;OA-VPM3:125,572.9
FB4P_a,glutamate,4,PFR_a,606,0.26,11449,999,1808,0.1,CRE028:275;CRE106:151;SMP122:143;SMP123:138,572.2
FB5W_a,glutamate,6,hDeltaI,802,0.26,3669,5535,889,0.09,SMP178:129;SMP376:80;SMP114:55;CRE025:54,569.0
FB4P_c,glutamate,2,hDeltaM,445,0.46,363,5353,586,0.14,SMP133:178;MBON21:122;CRE059:77;SMP152:76,567.7
FB4B,glutamate,2,PFNd,988,0.61,15279,64,2211,0.03,WED153:148;CB2037:132,564.1
FB5Q,glutamate,4,PFL2,472,0.32,4338,646,556,0.21,oviIN:261;SMP541:237;SMP376:184;CRE074:173,562.5
FB5E,glutamate,2,hDeltaA,432,0.32,3806,5463,1477,0.04,SMP376:101;CRE025:73,560.4
FB5E,glutamate,2,hDeltaH,539,0.45,1223,4651,799,0.04,SMP376:101;CRE025:73,560.0
FB5D,glutamate,3,PFL3,327,0.38,6858,917,1060,0.1,SMP123:213;SMP122:185;SMP124:153;OA-VPM3:125,559.2
FB4R,glutamate,6,PFR_a,471,0.11,11449,999,1808,0.31,MBON21:756;MBON09:492;LHPV7c1:335;LAL185:176,558.2
FB4J,glutamate,2,hDeltaI,758,0.18,3669,5535,889,0.16,CRE024:198;CRE042:134;CRE070:50;CRE066:45,558.0
FB5G_a,glutamate,4,FC2C,385,0.6,186,5575,325,0.15,SIP065:170;SMP542:169;SMP566:107;CB3614:96,556.8
FB6D,glutamate,2,PFGs,512,0.59,5353,51,654,0.21,SMP215:687;SMP354:211;SMP186:204;PRW009:126,556.7
FB4E_c,glutamate,2,hDeltaI,800,0.26,3669,5535,889,0.07,CRE028:63;SMP376:29;LAL199:26,547.6
FB5M,glutamate,2,hDeltaI,581,0.27,3669,5535,889,0.08,PLP161:115;AN19B019:40;AVLP032:34,547.2
FB2K,glutamate,9,hDeltaM,425,0.54,363,5353,586,0.08,LAL175:173;CB2784:158;LAL075:142;LAL076:120,544.0
FB4X,glutamate,2,FC2B,1310,0.45,89,4326,567,0.19,SLP247:314;MBON30:259;CRE042:239;LHPD5f1:227,543.6
FB6A_b,glutamate,2,PFGs,595,0.57,5353,51,654,0.2,SIP005:317;SLP396:299;SMP186:277;SMP347:265,542.0
FB6D,glutamate,2,FC2C,527,0.45,186,5575,325,0.21,SMP215:687;SMP354:211;SMP186:204;PRW009:126,540.9
FB5M,glutamate,2,PFL3,446,0.34,6858,917,1060,0.08,PLP161:115;AN19B019:40;AVLP032:34,537.0
FB4Y,serotonin,4,hDeltaI,937,0.32,3669,5535,889,0.01,AVLP705m:291,534.1
FB4X,glutamate,2,PFL3,301,0.25,6858,917,1060,0.19,SLP247:314;MBON30:259;CRE042:239;LHPD5f1:227,529.7
FB6I,glutamate,2,FC2C,412,0.38,186,5575,325,0.28,SMP215:397;SLP281:191;SMP352:116;SMP186:113,528.2
FB6A_c,glutamate,2,FC2C,588,0.56,186,5575,325,0.12,SIP076:505;SMP347:343;SIP005:138;SMP405:127,527.9
FB6A_b,glutamate,2,hDeltaG,327,0.38,940,3933,247,0.2,SIP005:317;SLP396:299;SMP186:277;SMP347:265,525.7
FB1G,acetylcholine,2,hDeltaC,782,0.25,2405,3483,725,0.11,SMP192:158;SIP018:157;LHPV10d1:156;CRE056:91,523.3
FB5N,glutamate,4,PFL3,547,0.35,6858,917,1060,0.05,PPL102:110;SMP381_b:96;GNG291:80,516.1
FB4Q_c,glutamate,3,PFR_a,406,0.28,11449,999,1808,0.07,CRE003_b:108;CRE018:82;LHPD5f1:52,511.3
FB4F_a,glutamate,4,PFL2,552,0.43,4338,646,556,0.07,CRE004:167;LAL147_a:128;IB005:92,510.2
FB4Z_a,glutamate,8,hDeltaI,383,0.27,3669,5535,889,0.07,FB5V_b:577,508.3
FB5W_a,glutamate,6,FC2A,1539,0.63,50,4242,637,0.09,SMP178:129;SMP376:80;SMP114:55;CRE025:54,503.6
FB4N,glutamate,2,hDeltaI,1640,0.15,3669,5535,889,0.1,SMP010:260;SMP117_a:235;SIP064:180;LAL007:161,503.2
FB4K,glutamate,4,hDeltaB,398,0.22,25408,192,5714,0.13,CRE067:399;CRE027:187;CRE107:177;SMP179:159,502.7
FB6C_b,glutamate,6,hDeltaL,2367,0.4,484,3798,75,0.19,SLP405_c:414;SMP250:331;PRW001:288;SLP340:287,501.4
FB4K,glutamate,4,FC2A,1078,0.58,50,4242,637,0.13,CRE067:399;CRE027:187;CRE107:177;SMP179:159,501.1
FB5G_a,glutamate,4,PFL2,460,0.33,4338,646,556,0.15,SIP065:170;SMP542:169;SMP566:107;CB3614:96,500.7
FB2M_b,glutamate,2,hDeltaM,545,0.53,363,5353,586,0.04,PLP026:48;LHPV5e3:42,500.2
FB6G,glutamate,2,hDeltaC,597,0.21,2405,3483,725,0.15,SMP352:125;SLP405_c:105;SLP405_b:99;SIP076:81,499.9
FB5W_a,glutamate,6,PFL3,344,0.32,6858,917,1060,0.09,SMP178:129;SMP376:80;SMP114:55;CRE025:54,499.8
FB2F_a,glutamate,6,hDeltaC,1493,0.31,2405,3483,725,0.02,LHPV4m1:138,499.5
FB2G_b,glutamate,6,PFL2,1113,0.42,4338,646,556,0.03,SIP086:110;CB2814:107,497.7
FB5AB,acetylcholine,2,FC2B,1083,0.46,89,4326,567,0.15,CRE103:333;CB1434:230;MBON13:227;LHPV5e1:224,496.1
FB5A,gaba,4,FC2A,1954,0.71,50,4242,637,0.04,SMP192:379;CRE086:333;CRE085:282,496.0
FB2M_a,glutamate,4,FC2A,1891,0.69,50,4242,637,0.05,PLP026:107;CB3056:100,495.7
FB5C,glutamate,3,hDeltaH,501,0.33,1223,4651,799,0.08,CRE072:183;OA-VPM3:163;CRE105:143,495.5
FB2H_b,glutamate,2,hDeltaC,646,0.31,2405,3483,725,0.06,M_ilPNm90:84;SMP091:42,494.5
FB5G_b,glutamate,2,hDeltaM,317,0.3,363,5353,586,0.23,SIP065:73;SMP542:45;CB1897:40;SMP188:38,490.3
FB6C_b,glutamate,6,hDeltaG,590,0.3,940,3933,247,0.19,SLP405_c:414;SMP250:331;PRW001:288;SLP340:287,490.0
FB2J_c,glutamate,2,hDeltaM,513,0.53,363,5353,586,0.03,M_lPNm13:54,487.9
FB4O,glutamate,6,FC2A,633,0.6,50,4242,637,0.14,CRE049:299;SMP146:219;MBON22:175;SIP128m:159,483.4
FB5S,glutamate,9,hDeltaH,634,0.42,1223,4651,799,0.0,,481.8
FB5A,gaba,4,hDeltaJ,482,0.18,6997,5852,2470,0.04,SMP192:379;CRE086:333;CRE085:282,481.0
FB6M,glutamate,4,hDeltaK,1995,0.69,4805,17,519,0.16,SIP064:213;LAL166:163;PLP101:158;WED006:141,478.6
FB5J,glutamate,2,hDeltaC,881,0.3,2405,3483,725,0.03,LHPD2c7:52;MBON04:40,474.3
FB4F_a,glutamate,4,PFL3,584,0.27,6858,917,1060,0.07,CRE004:167;LAL147_a:128;IB005:92,472.4
FB2M_b,glutamate,2,hDeltaA,559,0.23,3806,5463,1477,0.04,PLP026:48;LHPV5e3:42,471.1
FB2J_a,glutamate,2,hDeltaM,303,0.44,363,5353,586,0.1,M_lPNm13:83;WED092:33;aMe26:33,470.3
FB2M_b,glutamate,2,PFL3,482,0.33,6858,917,1060,0.04,PLP026:48;LHPV5e3:42,468.1
FB7A,glutamate,6,PFGs,599,0.48,5353,51,654,0.19,SLP405_a:585;SLP405_b:302;SMP352:215;SLP405_c:159,466.7
FB4F_c,glutamate,6,PFL2,772,0.39,4338,646,556,0.05,PLP161:208;CRE004:149,465.5
FB2G_b,glutamate,6,PFL3,1286,0.26,6858,917,1060,0.03,SIP086:110;CB2814:107,463.5
FB4Q_a,glutamate,2,PFL3,437,0.22,6858,917,1060,0.13,SMP133:133;CRE003_b:77;CRE059:68;CRE005:57,462.2
FB6P,glutamate,2,hDeltaC,1399,0.31,2405,3483,725,0.0,,461.2
FB5A,gaba,4,hDeltaC,692,0.29,2405,3483,725,0.04,SMP192:379;CRE086:333;CRE085:282,460.9
FB6X,glutamate,2,hDeltaG,318,0.32,940,3933,247,0.19,oviIN:118;CRE105:81;LAL137:65;CRE074:41,460.4
FB2G_b,glutamate,6,hDeltaI,1856,0.18,3669,5535,889,0.03,SIP086:110;CB2814:107,455.3
FB7L,glutamate,6,FC2C,1164,0.38,186,5575,325,0.12,BiT:184;SMP505:181;AstA1:160;SMP379:156,450.0
FB5X,glutamate,6,PFL2,629,0.22,4338,646,556,0.18,SMP377:539;SMP133:314;oviIN:191;PLP246:153,445.8
FB2D,glutamate,6,hDeltaC,562,0.36,2405,3483,725,0.0,,442.8
FB3C,gaba,13,PFGs,651,0.66,5353,51,654,0.06,PLP046:547,439.0
FB4Q_c,glutamate,3,PFL3,347,0.28,6858,917,1060,0.07,CRE003_b:108;CRE018:82;LHPD5f1:52,437.8
FB2M_a,glutamate,4,PFL3,528,0.28,6858,917,1060,0.05,PLP026:107;CB3056:100,435.5
FB7A,glutamate,6,FC2C,517,0.35,186,5575,325,0.19,SLP405_a:585;SLP405_b:302;SMP352:215;SLP405_c:159,435.0
FB6H,unclear,2,hDeltaC,318,0.23,2405,3483,725,0.12,SMP374:306;SMP095:196;SMP743:186;SMP188:156,430.0
FB4C,glutamate,2,hDeltaB,1135,0.19,25408,192,5714,0.04,SMP374:281;CRE107:145,426.1
FB4X,glutamate,2,FC2A,435,0.47,50,4242,637,0.19,SLP247:314;MBON30:259;CRE042:239;LHPD5f1:227,423.9
FB5Y_b,glutamate,2,FC2C,392,0.45,186,5575,325,0.12,SMP408_d:129;PLP026:78;SMP408_b:67;SMP405:56,422.5
FB6E,glutamate,2,hDeltaC,1602,0.21,2405,3483,725,0.03,SMP504:58;SMP186:53,418.8
FB5A,gaba,4,FC2B,2887,0.44,89,4326,567,0.04,SMP192:379;CRE086:333;CRE085:282,416.3
FB7K,glutamate,4,PFGs,755,0.42,5353,51,654,0.16,LHPV6f3_b:170;SMP352:84;CB3050:76;CB4139:67,415.4
FB2K,glutamate,9,PFL3,385,0.24,6858,917,1060,0.08,LAL175:173;CB2784:158;LAL075:142;LAL076:120,415.3
FB1A,glutamate,4,FC2C,516,0.45,186,5575,325,0.09,SIP006:75;LHPD2d2:68;SMP504:46;LHPV5g2:44,414.8
FB6C_a,glutamate,2,FC2C,342,0.39,186,5575,325,0.16,SLP405_c:132;SMP352:112;SMP250:72;SLP340:60,412.1
FB7I,glutamate,5,hDeltaL,2130,0.6,484,3798,75,0.0,,408.3
FB4R,glutamate,6,PFGs,670,0.27,5353,51,654,0.31,MBON21:756;MBON09:492;LHPV7c1:335;LAL185:176,407.8
FB6A_b,glutamate,2,hDeltaL,448,0.41,484,3798,75,0.2,SIP005:317;SLP396:299;SMP186:277;SMP347:265,407.6
FB6C_a,glutamate,2,PFGs,504,0.45,5353,51,654,0.16,SLP405_c:132;SMP352:112;SMP250:72;SLP340:60,406.8
FB6R,glutamate,4,FC2C,699,0.45,186,5575,325,0.07,SMP133:83;SMP136:63;SMP377:57,406.7
FB4Y,serotonin,4,PFL3,476,0.3,6858,917,1060,0.01,AVLP705m:291,405.3
FB5O,glutamate,2,FC2B,545,0.51,89,4326,567,0.08,CRE025:115;SMP376:81;SMP541:69,405.0
FB5Y_a,glutamate,2,hDeltaC,328,0.18,2405,3483,725,0.14,CB1220:86;SMP405:84;SMP408_b:83;CRE093:72,404.7
FB1E_a,glutamate,5,hDeltaL,657,0.46,484,3798,75,0.12,CB2116:118;CB2398:91;CB4198:67;SIP051:63,403.3
FB5Y_b,glutamate,2,hDeltaC,373,0.19,2405,3483,725,0.12,SMP408_d:129;PLP026:78;SMP408_b:67;SMP405:56,401.2
FB5A,gaba,4,PFL2,757,0.32,4338,646,556,0.04,SMP192:379;CRE086:333;CRE085:282,400.1
FB6J,glutamate,5,hDeltaG,477,0.49,940,3933,247,0.0,,398.1
FB1H,dopamine,2,PFNd,435,0.43,15279,64,2211,0.03,CRE024:225;SMP133:184,395.7
FB4H,glutamate,2,vDeltaK,2935,0.19,282,1250,567,0.2,MBON25-like:207;MBON34:135;PLP161:134;CRE059:130,394.4
FB4Q_c,glutamate,3,FC2A,755,0.56,50,4242,637,0.07,CRE003_b:108;CRE018:82;LHPD5f1:52,393.7
FB5C,glutamate,3,FC2B,627,0.48,89,4326,567,0.08,CRE072:183;OA-VPM3:163;CRE105:143,393.4
FB6G,glutamate,2,hDeltaL,857,0.38,484,3798,75,0.15,SMP352:125;SLP405_c:105;SLP405_b:99;SIP076:81,392.5
FB6A_a,glutamate,2,hDeltaL,528,0.42,484,3798,75,0.16,SIP076:458;SMP347:239;SMP407:219;SMP034:215,391.5
FB1G,acetylcholine,2,FC2C,891,0.33,186,5575,325,0.11,SMP192:158;SIP018:157;LHPV10d1:156;CRE056:91,390.7
FB5B,glutamate,6,PFGs,487,0.5,5353,51,654,0.11,SLP247:207;SIP071:125;M_lvPNm25:107;SMP126:95,387.1
FB3C,gaba,13,PFR_b,666,0.43,7543,87,701,0.06,PLP046:547,385.5
FB4N,glutamate,2,FC2B,661,0.42,89,4326,567,0.1,SMP010:260;SMP117_a:235;SIP064:180;LAL007:161,385.3
FB6J,glutamate,5,hDeltaL,1259,0.61,484,3798,75,0.0,,385.0
FB1H,dopamine,2,hDeltaB,459,0.21,25408,192,5714,0.03,CRE024:225;SMP133:184,383.0
FB1E_a,glutamate,5,FC2C,1066,0.29,186,5575,325,0.12,CB2116:118;CB2398:91;CB4198:67;SIP051:63,381.6
FB2G_a,glutamate,2,FC2A,557,0.56,50,4242,637,0.07,SMP568_b:46;LHPD2a4_a:45;CB1220:43,378.6
FB6C_a,glutamate,2,hDeltaL,697,0.37,484,3798,75,0.16,SLP405_c:132;SMP352:112;SMP250:72;SLP340:60,376.6
FB6I,glutamate,2,hDeltaF,2368,0.58,41,2431,38,0.28,SMP215:397;SLP281:191;SMP352:116;SMP186:113,376.3
FB6K,glutamate,4,hDeltaL,955,0.58,484,3798,75,0.02,SMP347:98,375.5
FB4N,glutamate,2,FC2A,579,0.49,50,4242,637,0.1,SMP010:260;SMP117_a:235;SIP064:180;LAL007:161,374.6
FB6X,glutamate,2,hDeltaL,324,0.39,484,3798,75,0.19,oviIN:118;CRE105:81;LAL137:65;CRE074:41,373.4
FB7C,glutamate,5,FC2C,368,0.55,186,5575,325,0.02,SMP167:67,371.7
FB4Q_b,glutamate,2,FC2A,421,0.58,50,4242,637,0.07,SMP377:81;ATL003:34;CRE018:34;CRE013:31,370.0
FB6Y,glutamate,2,FC2C,316,0.43,186,5575,325,0.08,PLP122_a:58;SIP047:35;SMP240:34,366.5
FB1G,acetylcholine,2,PFR_b,498,0.34,7543,87,701,0.11,SMP192:158;SIP018:157;LHPV10d1:156;CRE056:91,363.2
FB6U,glutamate,4,hDeltaL,1880,0.48,484,3798,75,0.02,SIP029:117,360.5
FB4P_b,glutamate,3,hDeltaM,318,0.19,363,5353,586,0.19,CRE059:273;SMP133:183;CRE005:160;MBON21:96,359.6
FB4N,glutamate,2,hDeltaA,329,0.1,3806,5463,1477,0.1,SMP010:260;SMP117_a:235;SIP064:180;LAL007:161,358.8
FB4N,glutamate,2,PFL3,357,0.16,6858,917,1060,0.1,SMP010:260;SMP117_a:235;SIP064:180;LAL007:161,356.8
FB2D,glutamate,6,FC1A,2789,0.49,2929,88,401,0.0,,355.2
FB2L,glutamate,4,FC2B,558,0.4,89,4326,567,0.09,SMP011_b:159;SMP012:70;SMP116:50;LHPV5g2:46,354.4
FB2G_b,glutamate,6,FC2C,1412,0.36,186,5575,325,0.03,SIP086:110;CB2814:107,351.4
FB4M,dopamine,4,PFR_b,407,0.26,7543,87,701,0.19,SMP377:1111;PLP246:660;SIP064:468;CRE059:415,350.1
FB6A_b,glutamate,2,hDeltaF,4628,0.58,41,2431,38,0.2,SIP005:317;SLP396:299;SMP186:277;SMP347:265,349.9
FB2G_a,glutamate,2,FC2B,683,0.4,89,4326,567,0.07,SMP568_b:46;LHPD2a4_a:45;CB1220:43,348.1
FB4N,glutamate,2,FC2C,664,0.31,186,5575,325,0.1,SMP010:260;SMP117_a:235;SIP064:180;LAL007:161,347.9
FB4H,glutamate,2,vDeltaI_a,1059,0.28,59,1433,1068,0.2,MBON25-like:207;MBON34:135;PLP161:134;CRE059:130,347.5
FB5N,glutamate,4,FC2B,782,0.42,89,4326,567,0.05,PPL102:110;SMP381_b:96;GNG291:80,345.9
FB6D,glutamate,2,hDeltaK,549,0.49,4805,17,519,0.21,SMP215:687;SMP354:211;SMP186:204;PRW009:126,341.5
FB5K,glutamate,2,vDeltaI_a,1461,0.35,59,1433,1068,0.11,CRE042:321;CRE107:135;CB2550:60,341.1
FB6A_a,glutamate,2,hDeltaK,1390,0.47,4805,17,519,0.16,SIP076:458;SMP347:239;SMP407:219;SMP034:215,336.7
FB6Y,glutamate,2,hDeltaL,346,0.48,484,3798,75,0.08,PLP122_a:58;SIP047:35;SMP240:34,336.6
FB2F_d,glutamate,4,FC2C,878,0.3,186,5575,325,0.08,SIP003_a:72;LHPD2a4_a:63;CB4198:63;SMP568_d:60,336.3
FB6K,glutamate,4,hDeltaC,492,0.21,2405,3483,725,0.02,SMP347:98,336.3
FB6V,glutamate,2,hDeltaL,695,0.42,484,3798,75,0.07,CRE072:174;CRE105:100;CRE025:83,334.8
FB6U,glutamate,4,hDeltaG,398,0.36,940,3933,247,0.02,SIP029:117,333.7
FB1G,acetylcholine,2,FC1A,313,0.45,2929,88,401,0.11,SMP192:158;SIP018:157;LHPV10d1:156;CRE056:91,332.7
FB5W_a,glutamate,6,FC2B,744,0.34,89,4326,567,0.09,SMP178:129;SMP376:80;SMP114:55;CRE025:54,332.7
FB4E_b,glutamate,4,PFR_b,362,0.25,7543,87,701,0.18,CRE028:182;SMP122:105;CL236:78;SMP109:57,332.5
FB5H,dopamine,2,vDeltaI_a,763,0.32,59,1433,1068,0.16,CRE107:419;CRE027:224;SMP238:202;SMP165:201,331.9
FB4H,glutamate,2,vDeltaI_b,1386,0.26,114,612,707,0.2,MBON25-like:207;MBON34:135;PLP161:134;CRE059:130,330.3
FB6R,glutamate,4,hDeltaL,422,0.47,484,3798,75,0.07,SMP133:83;SMP136:63;SMP377:57,329.7
FB7E,glutamate,6,hDeltaF,1081,0.76,41,2431,38,0.16,ATL004:205;oviIN:205;SIP065:180;CRE074:130,327.9
FB5V_a,glutamate,6,hDeltaK,645,0.34,4805,17,519,0.31,LAL101:307;CRE028:212;SMP471:201;LAL129:186,322.9
FB2F_d,glutamate,4,hDeltaL,419,0.44,484,3798,75,0.08,SIP003_a:72;LHPD2a4_a:63;CB4198:63;SMP568_d:60,322.6
FB2K,glutamate,9,PFL2,300,0.23,4338,646,556,0.08,LAL175:173;CB2784:158;LAL075:142;LAL076:120,321.7
FB2D,glutamate,6,hDeltaI,489,0.16,3669,5535,889,0.0,,321.4
FB5AA,glutamate,2,FC2B,481,0.34,89,4326,567,0.1,CRE072:147;CRE105:102;OA-VPM3:82;CRE025:77,319.1
FB6U,glutamate,4,FC2C,503,0.42,186,5575,325,0.02,SIP029:117,318.9
FB5W_b,glutamate,3,FC2A,331,0.38,50,4242,637,0.14,SMP376:44;CRE025:33;PLP162:29;PLP161:25,317.7
FB2F_a,glutamate,6,FC2A,744,0.5,50,4242,637,0.02,LHPV4m1:138,316.7
FB2F_c,glutamate,4,FC2C,414,0.47,186,5575,325,0.0,,315.8
FB5E,glutamate,2,FC2A,427,0.52,50,4242,637,0.04,SMP376:101;CRE025:73,315.8
FB7G,glutamate,4,hDeltaL,793,0.45,484,3798,75,0.03,SMP743:135,315.8
FB2M_b,glutamate,2,FC2A,603,0.48,50,4242,637,0.04,PLP026:48;LHPV5e3:42,314.5
FB1G,acetylcholine,2,FC1B,872,0.24,4191,94,729,0.11,SMP192:158;SIP018:157;LHPV10d1:156;CRE056:91,312.5
FB5N,glutamate,4,FC2A,446,0.49,50,4242,637,0.05,PPL102:110;SMP381_b:96;GNG291:80,312.2
FB4I,glutamate,2,vDeltaK,432,0.28,282,1250,567,0.11,LAL101:71;LAL045:64;CRE044:61;CRE004:43,309.1
FB4Y,serotonin,4,vDeltaK,1376,0.33,282,1250,567,0.01,AVLP705m:291,307.5
FB7E,glutamate,6,FS2,722,0.34,1567,86,294,0.16,ATL004:205;oviIN:205;SIP065:180;CRE074:130,305.7
FB2I_b,glutamate,2,FC1A,357,0.51,2929,88,401,0.04,PS157:70,304.0
FB2M_b,glutamate,2,PFL2,334,0.25,4338,646,556,0.04,PLP026:48;LHPV5e3:42,303.3
FB4O,glutamate,6,FC2B,486,0.26,89,4326,567,0.14,CRE049:299;SMP146:219;MBON22:175;SIP128m:159,301.6
FB6A_c,glutamate,2,hDeltaK,1149,0.47,4805,17,519,0.12,SIP076:505;SMP347:343;SIP005:138;SMP405:127,300.6
FB7G,glutamate,4,FC2C,776,0.33,186,5575,325,0.03,SMP743:135,300.6
FB5N,glutamate,4,PFL2,327,0.23,4338,646,556,0.05,PPL102:110;SMP381_b:96;GNG291:80,298.6
FB4F_a,glutamate,4,vDeltaK,616,0.29,282,1250,567,0.07,CRE004:167;LAL147_a:128;IB005:92,298.0
FB2J_a,glutamate,2,FC2A,468,0.38,50,4242,637,0.1,M_lPNm13:83;WED092:33;aMe26:33,297.7
FB5E,glutamate,2,FR1,488,0.71,3396,21,430,0.04,SMP376:101;CRE025:73,295.9
FB2J_c,glutamate,2,FC2A,515,0.47,50,4242,637,0.03,M_lPNm13:54,295.4
FB2F_b,glutamate,3,hDeltaC,461,0.16,2405,3483,725,0.02,CB1220:53,292.5
FB2C,glutamate,5,FC2A,527,0.36,50,4242,637,0.09,SMP180:122;SMP012:97;SMP188:81;SMP374:75,291.9
FB5E,glutamate,2,PFR_b,592,0.31,7543,87,701,0.04,SMP376:101;CRE025:73,291.2
FB4G,glutamate,2,vDeltaK,394,0.22,282,1250,567,0.15,CRE005:257;CRE004:128;CRE023:112;MBON25-like:86,291.0
FB2B_a,unclear,4,FC1A,945,0.44,2929,88,401,0.01,LHPV5e3:85,290.1
FB1H,dopamine,2,FC2A,347,0.5,50,4242,637,0.03,CRE024:225;SMP133:184,288.2
FB6D,glutamate,2,hDeltaL,370,0.23,484,3798,75,0.21,SMP215:687;SMP354:211;SMP186:204;PRW009:126,288.0
FB2M_a,glutamate,4,FC2B,842,0.31,89,4326,567,0.05,PLP026:107;CB3056:100,287.0
FB8H,glutamate,6,hDeltaF,327,0.49,41,2431,38,0.36,CB1617:236;CB4022:197;CB4023:157;LHPV5a3:151,280.5
FB6E,glutamate,2,FC2C,674,0.3,186,5575,325,0.03,SMP504:58;SMP186:53,280.3
FB2F_a,glutamate,6,FR1,1111,0.62,3396,21,430,0.02,LHPV4m1:138,280.1
FB4P_a,glutamate,4,PFR_b,963,0.19,7543,87,701,0.1,CRE028:275;CRE106:151;SMP122:143;SMP123:138,280.1
FB6D,glutamate,2,hDeltaF,2047,0.47,41,2431,38,0.21,SMP215:687;SMP354:211;SMP186:204;PRW009:126,280.0
FB1C,dopamine,4,PFNm_b,750,0.14,1160,916,781,0.08,SMP192:346;SIP004:330;AVLP705m:230;CRE067:224,279.3
FB1C,dopamine,4,PFNm_a,372,0.22,998,1134,414,0.08,SMP192:346;SIP004:330;AVLP705m:230;CRE067:224,279.0
FB6W,glutamate,2,FC2B,787,0.28,89,4326,567,0.06,SMP541:72;CRE025:66;SMP376:45,276.3
FB2F_b,glutamate,3,FC2A,512,0.46,50,4242,637,0.02,CB1220:53,276.2
FB2M_a,glutamate,4,PFL2,334,0.2,4338,646,556,0.05,PLP026:107;CB3056:100,276.0
FB4K,glutamate,4,vDeltaK,424,0.21,282,1250,567,0.13,CRE067:399;CRE027:187;CRE107:177;SMP179:159,275.3
FB2D,glutamate,6,FC1D,1994,0.34,2084,161,326,0.0,,274.7
FB5A,gaba,4,FS2,983,0.43,1567,86,294,0.04,SMP192:379;CRE086:333;CRE085:282,274.6
FB5A,gaba,4,FC3_b,521,0.36,1021,221,455,0.04,SMP192:379;CRE086:333;CRE085:282,272.4
FB1G,acetylcholine,2,FC3_c,579,0.29,1249,138,386,0.11,SMP192:158;SIP018:157;LHPV10d1:156;CRE056:91,272.2
FB4H,glutamate,2,vDeltaL,1116,0.1,2304,192,636,0.2,MBON25-like:207;MBON34:135;PLP161:134;CRE059:130,271.8
FB7D_b,glutamate,4,hDeltaL,913,0.4,484,3798,75,0.0,,270.9
FB3C,gaba,13,FS2,947,0.39,1567,86,294,0.06,PLP046:547,270.4
FB1G,acetylcholine,2,FC3_a,556,0.28,637,246,406,0.11,SMP192:158;SIP018:157;LHPV10d1:156;CRE056:91,268.9
FB2A,dopamine,4,PFNa,420,0.23,23390,70,540,0.09,LHPV6q1:356;LAL203:286;OA-VPM3:212,268.5
FB5AA,glutamate,2,FR1,497,0.51,3396,21,430,0.1,CRE072:147;CRE105:102;OA-VPM3:82;CRE025:77,268.2
FB1G,acetylcholine,2,FC1F,797,0.29,2638,60,447,0.11,SMP192:158;SIP018:157;LHPV10d1:156;CRE056:91,267.3
FB6A_a,glutamate,2,hDeltaF,3787,0.46,41,2431,38,0.16,SIP076:458;SMP347:239;SMP407:219;SMP034:215,265.7
FB4G,glutamate,2,vDeltaL,1221,0.12,2304,192,636,0.15,CRE005:257;CRE004:128;CRE023:112;MBON25-like:86,265.5
FB2D,glutamate,6,FC1B,3516,0.23,4191,94,729,0.0,,265.4
FB1B,glutamate,4,FC2C,304,0.25,186,5575,325,0.09,SMP167:83;CB4023:71;SLP414:65;SLP347:51,265.3
FB7I,glutamate,5,FC2C,695,0.32,186,5575,325,0.0,,265.1
FB8G,glutamate,6,hDeltaL,478,0.31,484,3798,75,0.08,SMP505:188;SMP095:155;SMP379:114,264.2
FB4Y,serotonin,4,PFL2,327,0.22,4338,646,556,0.01,AVLP705m:291,262.9
FB5D,glutamate,3,FC2B,345,0.27,89,4326,567,0.1,SMP123:213;SMP122:185;SMP124:153;OA-VPM3:125,262.9
FB5AB,acetylcholine,2,vDeltaI_a,489,0.26,59,1433,1068,0.15,CRE103:333;CB1434:230;MBON13:227;LHPV5e1:224,262.0
FB2F_c,glutamate,4,FC2B,522,0.38,89,4326,567,0.0,,261.6
FB6C_b,glutamate,6,hDeltaF,2989,0.43,41,2431,38,0.19,SLP405_c:414;SMP250:331;PRW001:288;SLP340:287,260.8
FB1C,dopamine,4,vDeltaK,378,0.25,282,1250,567,0.08,SMP192:346;SIP004:330;AVLP705m:230;CRE067:224,260.4
FB4E_c,glutamate,2,PFR_b,393,0.24,7543,87,701,0.07,CRE028:63;SMP376:29;LAL199:26,258.9
FB5I,glutamate,2,FC2B,394,0.25,89,4326,567,0.1,SMP011_b:126;SMP011_a:109;SLP247:106;SMP504:87,258.8
FB2B_a,unclear,4,FC1B,1269,0.27,4191,94,729,0.01,LHPV5e3:85,257.6
FB2G_a,glutamate,2,hDeltaM,403,0.16,363,5353,586,0.07,SMP568_b:46;LHPD2a4_a:45;CB1220:43,256.8
FB3C,gaba,13,FC3_a,1352,0.26,637,246,406,0.06,PLP046:547,256.8
FB8I,glutamate,6,hDeltaF,404,0.54,41,2431,38,0.24,SMP095:331;ATL004:234;SMP743:142;SMP082:134,256.3
FB6B,glutamate,2,FC2C,342,0.21,186,5575,325,0.11,SMP408_d:90;CB2814:88;CB2572:70;SIP067:57,255.3
FB5AB,acetylcholine,2,vDeltaG,1002,0.23,54,1633,651,0.15,CRE103:333;CB1434:230;MBON13:227;LHPV5e1:224,254.7
FB5O,glutamate,2,FR1,413,0.53,3396,21,430,0.08,CRE025:115;SMP376:81;SMP541:69,254.3
FB7L,glutamate,6,hDeltaF,1721,0.56,41,2431,38,0.12,BiT:184;SMP505:181;AstA1:160;SMP379:156,253.7
FB5A,gaba,4,hDeltaL,469,0.34,484,3798,75,0.04,SMP192:379;CRE086:333;CRE085:282,252.3
FB4E_a,glutamate,5,PFR_b,732,0.12,7543,87,701,0.16,CRE028:301;CL236:90;LAL196:82;SMP376:76,251.8
FB5K,glutamate,2,vDeltaG,1547,0.23,54,1633,651,0.11,CRE042:321;CRE107:135;CB2550:60,250.8
FB6F,glutamate,2,hDeltaF,584,0.52,41,2431,38,0.21,SMP161:136;SMP368:112;SMP249:91;CB2814:91,247.6
FB1E_a,glutamate,5,hDeltaF,474,0.68,41,2431,38,0.12,CB2116:118;CB2398:91;CB4198:67;SIP051:63,247.3
FB6V,glutamate,2,FR1,372,0.53,3396,21,430,0.07,CRE072:174;CRE105:100;CRE025:83,245.2
FB5C,glutamate,3,FS2,440,0.37,1567,86,294,0.08,CRE072:183;OA-VPM3:163;CRE105:143,244.4
FB5AB,acetylcholine,2,vDeltaE,1103,0.23,192,567,227,0.15,CRE103:333;CB1434:230;MBON13:227;LHPV5e1:224,243.9
FB2B_b,glutamate,4,PFL1,1123,0.34,5889,83,247,0.0,,243.2
FB5C,glutamate,3,FR1,801,0.43,3396,21,430,0.08,CRE072:183;OA-VPM3:163;CRE105:143,241.8
FB2D,glutamate,6,FC1F,2248,0.33,2638,60,447,0.0,,241.6
FB1G,acetylcholine,2,FS2,414,0.31,1567,86,294,0.11,SMP192:158;SIP018:157;LHPV10d1:156;CRE056:91,239.6
FB2L,glutamate,4,FC2C,374,0.19,186,5575,325,0.09,SMP011_b:159;SMP012:70;SMP116:50;LHPV5g2:46,239.2
FB5D,glutamate,3,FR1,882,0.38,3396,21,430,0.1,SMP123:213;SMP122:185;SMP124:153;OA-VPM3:125,238.7
FB5AA,glutamate,2,FS2,374,0.34,1567,86,294,0.1,CRE072:147;CRE105:102;OA-VPM3:82;CRE025:77,238.4
FB2A,dopamine,4,FC1A,309,0.3,2929,88,401,0.09,LHPV6q1:356;LAL203:286;OA-VPM3:212,237.4
FB6V,glutamate,2,FS2,502,0.35,1567,86,294,0.07,CRE072:174;CRE105:100;CRE025:83,236.7
FB5AB,acetylcholine,2,FC3_a,594,0.19,637,246,406,0.15,CRE103:333;CB1434:230;MBON13:227;LHPV5e1:224,236.4
FB8H,glutamate,6,FS4A,555,0.39,887,18,122,0.36,CB1617:236;CB4022:197;CB4023:157;LHPV5a3:151,236.0
FB2F_d,glutamate,4,FR1,364,0.49,3396,21,430,0.08,SIP003_a:72;LHPD2a4_a:63;CB4198:63;SMP568_d:60,235.1
FB2F_b,glutamate,3,FC2B,1135,0.24,89,4326,567,0.02,CB1220:53,234.9
FB6Z,glutamate,2,hDeltaF,313,0.4,41,2431,38,0.34,SLP281:248;SLP405_b:177;SMP186:135;SMP379:129,233.9
FB5AB,acetylcholine,2,vDeltaF,1359,0.23,60,1043,364,0.15,CRE103:333;CB1434:230;MBON13:227;LHPV5e1:224,232.0
FB6W,glutamate,2,FR1,362,0.51,3396,21,430,0.06,SMP541:72;CRE025:66;SMP376:45,231.0
FB4M,dopamine,4,PFNv,310,0.1,11836,66,1110,0.19,SMP377:1111;PLP246:660;SIP064:468;CRE059:415,230.4
FB1G,acetylcholine,2,FC3_b,833,0.16,1021,221,455,0.11,SMP192:158;SIP018:157;LHPV10d1:156;CRE056:91,229.2
FB7D_a,glutamate,4,hDeltaL,654,0.33,484,3798,75,0.0,,229.0
FB7I,glutamate,5,FS2,1056,0.38,1567,86,294,0.0,,228.0
FB7A,glutamate,6,hDeltaF,580,0.49,41,2431,38,0.19,SLP405_a:585;SLP405_b:302;SMP352:215;SLP405_c:159,227.2
FB4K,glutamate,4,vDeltaL,470,0.12,2304,192,636,0.13,CRE067:399;CRE027:187;CRE107:177;SMP179:159,226.6
FB6V,glutamate,2,FC2B,367,0.23,89,4326,567,0.07,CRE072:174;CRE105:100;CRE025:83,226.6
FB5O,glutamate,2,PFR_b,371,0.18,7543,87,701,0.08,CRE025:115;SMP376:81;SMP541:69,225.7
FB6G,glutamate,2,hDeltaF,1513,0.43,41,2431,38,0.15,SMP352:125;SLP405_c:105;SLP405_b:99;SIP076:81,225.7
FB6A_c,glutamate,2,hDeltaF,1063,0.53,41,2431,38,0.12,SIP076:505;SMP347:343;SIP005:138;SMP405:127,225.5
FB2B_a,unclear,4,FC1D,566,0.31,2084,161,326,0.01,LHPV5e3:85,223.8
FB1C,dopamine,4,vDeltaL,337,0.18,2304,192,636,0.08,SMP192:346;SIP004:330;AVLP705m:230;CRE067:224,222.6
FB4B,glutamate,2,PFNv,490,0.2,11836,66,1110,0.03,WED153:148;CB2037:132,222.4
FB1G,acetylcholine,2,hDeltaK,701,0.33,4805,17,519,0.11,SMP192:158;SIP018:157;LHPV10d1:156;CRE056:91,222.3
FB6U,glutamate,4,FS2,1031,0.34,1567,86,294,0.02,SIP029:117,221.9
FB5H,dopamine,2,vDeltaG,353,0.22,54,1633,651,0.16,CRE107:419;CRE027:224;SMP238:202;SMP165:201,221.6
FB6W,glutamate,2,FS2,382,0.35,1567,86,294,0.06,SMP541:72;CRE025:66;SMP376:45,221.2
FB2F_a,glutamate,6,vDeltaG,913,0.33,54,1633,651,0.02,LHPV4m1:138,221.1
FB5L,glutamate,2,vDeltaG,984,0.21,54,1633,651,0.1,CRE107:96;SMP184:80;CRE042:70;SMP011_b:60,217.7
FB4C,glutamate,2,hDeltaI,328,0.03,3669,5535,889,0.04,SMP374:281;CRE107:145,217.2
FB2A,dopamine,4,FC1B,561,0.16,4191,94,729,0.09,LHPV6q1:356;LAL203:286;OA-VPM3:212,217.1
FB5A,gaba,4,FC3_a,429,0.29,637,246,406,0.04,SMP192:379;CRE086:333;CRE085:282,217.1
FB5H,dopamine,2,vDeltaI_b,408,0.19,114,612,707,0.16,CRE107:419;CRE027:224;SMP238:202;SMP165:201,217.1
FB2E,glutamate,4,PFL1,590,0.28,5889,83,247,0.03,aMe26:71;WED092:57,215.6
FB6C_a,glutamate,2,hDeltaF,1551,0.4,41,2431,38,0.16,SLP405_c:132;SMP352:112;SMP250:72;SLP340:60,215.1
FB5D,glutamate,3,PFR_b,525,0.13,7543,87,701,0.1,SMP123:213;SMP122:185;SMP124:153;OA-VPM3:125,214.6
FB5A,gaba,4,FC3_c,318,0.32,1249,138,386,0.04,SMP192:379;CRE086:333;CRE085:282,212.9
FB5A,gaba,4,FR1,470,0.46,3396,21,430,0.04,SMP192:379;CRE086:333;CRE085:282,211.0
FB5L,glutamate,2,vDeltaI_b,411,0.23,114,612,707,0.1,CRE107:96;SMP184:80;CRE042:70;SMP011_b:60,210.9
FB5L,glutamate,2,vDeltaF,1407,0.23,60,1043,364,0.1,CRE107:96;SMP184:80;CRE042:70;SMP011_b:60,210.7
FB4G,glutamate,2,vDeltaM,1977,0.09,4112,49,691,0.15,CRE005:257;CRE004:128;CRE023:112;MBON25-like:86,210.5
FB1H,dopamine,2,PFNv,434,0.18,11836,66,1110,0.03,CRE024:225;SMP133:184,210.2
FB4O,glutamate,6,FS2,311,0.24,1567,86,294,0.14,CRE049:299;SMP146:219;MBON22:175;SIP128m:159,208.2
FB6B,glutamate,2,hDeltaF,329,0.62,41,2431,38,0.11,SMP408_d:90;CB2814:88;CB2572:70;SIP067:57,207.5
FB4E_a,glutamate,5,FR1,319,0.32,3396,21,430,0.16,CRE028:301;CL236:90;LAL196:82;SMP376:76,206.7
FB6N,glutamate,2,vDeltaE,1173,0.22,192,567,227,0.08,CRE107:80;SMP184:54;SMP011_b:53;SMP504:44,204.4
FB2F_d,glutamate,4,FC2B,640,0.15,89,4326,567,0.08,SIP003_a:72;LHPD2a4_a:63;CB4198:63;SMP568_d:60,203.9
FB4P_a,glutamate,4,FR1,776,0.3,3396,21,430,0.1,CRE028:275;CRE106:151;SMP122:143;SMP123:138,201.4
FB6A_c,glutamate,2,FS2,672,0.19,1567,86,294,0.12,SIP076:505;SMP347:343;SIP005:138;SMP405:127,199.8
FB3C,gaba,13,FC3_b,1031,0.14,1021,221,455,0.06,PLP046:547,194.8
FB2D,glutamate,6,FC3_c,1090,0.24,1249,138,386,0.0,,194.7
FB2B_a,unclear,4,FC1F,844,0.27,2638,60,447,0.01,LHPV5e3:85,194.6
FB3C,gaba,13,FC3_c,739,0.19,1249,138,386,0.06,PLP046:547,194.4
FB4H,glutamate,2,vDeltaM,852,0.07,4112,49,691,0.2,MBON25-like:207;MBON34:135;PLP161:134;CRE059:130,193.3
FB4H,glutamate,2,vDeltaJ,990,0.37,19,454,211,0.2,MBON25-like:207;MBON34:135;PLP161:134;CRE059:130,192.5
FB6A_b,glutamate,2,hDeltaK,377,0.22,4805,17,519,0.2,SIP005:317;SLP396:299;SMP186:277;SMP347:265,191.5
FB2M_a,glutamate,4,FC1E,493,0.28,814,149,223,0.05,PLP026:107;CB3056:100,188.8
FB2B_a,unclear,4,FR1,439,0.45,3396,21,430,0.01,LHPV5e3:85,186.5
FB2M_b,glutamate,2,FC2B,349,0.19,89,4326,567,0.04,PLP026:48;LHPV5e3:42,186.1
FB5I,glutamate,2,vDeltaF,1065,0.2,60,1043,364,0.1,SMP011_b:126;SMP011_a:109;SLP247:106;SMP504:87,185.7
FB2B_b,glutamate,4,FC1E,682,0.31,814,149,223,0.0,,182.5
FB5S,glutamate,9,hDeltaL,343,0.27,484,3798,75,0.0,,182.1
FB6U,glutamate,4,FC2B,451,0.19,89,4326,567,0.02,SIP029:117,180.0
FB8G,glutamate,6,FS2,544,0.2,1567,86,294,0.08,SMP505:188;SMP095:155;SMP379:114,179.6
FB6H,unclear,2,hDeltaF,311,0.49,41,2431,38,0.12,SMP374:306;SMP095:196;SMP743:186;SMP188:156,177.4
FB2H_b,glutamate,2,FC1D,334,0.17,2084,161,326,0.06,M_ilPNm90:84;SMP091:42,176.8
FB2B_a,unclear,4,FC1E,458,0.31,814,149,223,0.01,LHPV5e3:85,176.4
FB2F_a,glutamate,6,FC1D,433,0.2,2084,161,326,0.02,LHPV4m1:138,175.3
FB1G,acetylcholine,2,FS4A,629,0.48,887,18,122,0.11,SMP192:158;SIP018:157;LHPV10d1:156;CRE056:91,175.1
FB2H_b,glutamate,2,FC1E,336,0.25,814,149,223,0.06,M_ilPNm90:84;SMP091:42,173.2
FB2L,glutamate,4,vDeltaE,405,0.2,192,567,227,0.09,SMP011_b:159;SMP012:70;SMP116:50;LHPV5g2:46,172.8
FB2M_a,glutamate,4,FC1D,485,0.15,2084,161,326,0.05,PLP026:107;CB3056:100,169.2
FB4Y,serotonin,4,vDeltaI_b,398,0.24,114,612,707,0.01,AVLP705m:291,166.0
FB2F_a,glutamate,6,FC1E,571,0.25,814,149,223,0.02,LHPV4m1:138,165.0
FB2F_a,glutamate,6,vDeltaI_a,385,0.21,59,1433,1068,0.02,LHPV4m1:138,162.9
FB7C,glutamate,5,hDeltaF,468,0.57,41,2431,38,0.02,SMP167:67,162.8
FB4Y,serotonin,4,vDeltaI_a,378,0.22,59,1433,1068,0.01,AVLP705m:291,161.8
FB7G,glutamate,4,FS2,715,0.2,1567,86,294,0.03,SMP743:135,161.6
FB1G,acetylcholine,2,FR1,391,0.22,3396,21,430,0.11,SMP192:158;SIP018:157;LHPV10d1:156;CRE056:91,160.1
FB5I,glutamate,2,vDeltaG,371,0.15,54,1633,651,0.1,SMP011_b:126;SMP011_a:109;SLP247:106;SMP504:87,159.9
FB2F_c,glutamate,4,FC2A,350,0.22,50,4242,637,0.0,,156.9
FB7J,glutamate,4,hDeltaF,578,0.57,41,2431,38,0.0,,156.7
FB4Y,serotonin,4,vDeltaL,526,0.09,2304,192,636,0.01,AVLP705m:291,151.3
FB2B_b,glutamate,4,FC1D,440,0.17,2084,161,326,0.0,,150.8
FB8H,glutamate,6,hDeltaD,1859,0.62,16,1376,5,0.36,CB1617:236;CB4022:197;CB4023:157;LHPV5a3:151,150.4
FB6N,glutamate,2,vDeltaF,880,0.15,60,1043,364,0.08,CRE107:80;SMP184:54;SMP011_b:53;SMP504:44,150.0
FB6E,glutamate,2,hDeltaF,543,0.46,41,2431,38,0.03,SMP504:58;SMP186:53,145.4
FB6O,glutamate,2,vDeltaE,660,0.18,192,567,227,0.02,LHPV5g2:63,143.8
FB2D,glutamate,6,FC1E,630,0.2,814,149,223,0.0,,141.8
FB4M,dopamine,4,vDeltaM,350,0.03,4112,49,691,0.19,SMP377:1111;PLP246:660;SIP064:468;CRE059:415,141.1
FB6G,glutamate,2,vDeltaD,689,0.21,62,250,143,0.15,SMP352:125;SLP405_c:105;SLP405_b:99;SIP076:81,138.3
FB6E,glutamate,2,vDeltaE,611,0.16,192,567,227,0.03,SMP504:58;SMP186:53,137.1
FB5L,glutamate,2,vDeltaE,562,0.09,192,567,227,0.1,CRE107:96;SMP184:80;CRE042:70;SMP011_b:60,135.3
FB8E,glutamate,5,FS4A,308,0.27,887,18,122,0.21,BiT:117;FB9B_b:105;SLP268:101;SLP347:92,131.7
FB5AB,acetylcholine,2,vDeltaD,720,0.19,62,250,143,0.15,CRE103:333;CB1434:230;MBON13:227;LHPV5e1:224,129.9
FB5V_c,glutamate,5,hDeltaK,359,0.04,4805,17,519,0.29,LAL137:174;CL129:165;SMP471:154;IB005:142,128.9
FB1D,glutamate,5,FS4A,345,0.11,887,18,122,0.43,CB1617:663;LHPV5a3:260;CB4107:234;CB1178:116,126.1
FB8H,glutamate,6,FS3_d,355,0.4,224,10,59,0.36,CB1617:236;CB4022:197;CB4023:157;LHPV5a3:151,123.9
FB5I,glutamate,2,vDeltaE,583,0.07,192,567,227,0.1,SMP011_b:126;SMP011_a:109;SLP247:106;SMP504:87,122.8
FB2G_b,glutamate,6,FC2B,511,0.04,89,4326,567,0.03,SIP086:110;CB2814:107,121.6
FB2D,glutamate,6,FC3_b,456,0.09,1021,221,455,0.0,,120.6
FB6E,glutamate,2,vDeltaD,1169,0.26,62,250,143,0.03,SMP504:58;SMP186:53,120.4
FB8A,glutamate,2,hDeltaD,653,0.64,16,1376,5,0.3,CB4107:87;LHPV5a3:72;CB1617:58;LHPV5e2:46,120.3
FB2D,glutamate,6,FC3_a,332,0.12,637,246,406,0.0,,117.5
FB5Q,glutamate,4,FS1A_a,356,0.19,115,64,154,0.21,oviIN:261;SMP541:237;SMP376:184;CRE074:173,116.5
FB4Y,serotonin,4,vDeltaM,362,0.09,4112,49,691,0.01,AVLP705m:291,114.7
FB6O,glutamate,2,vDeltaD,1113,0.24,62,250,143,0.02,LHPV5g2:63,112.5
FB4F_a,glutamate,4,vDeltaM,302,0.04,4112,49,691,0.07,CRE004:167;LAL147_a:128;IB005:92,110.6
FB7I,glutamate,5,FC2B,364,0.06,89,4326,567,0.0,,110.1
FB6E,glutamate,2,FC2B,454,0.03,89,4326,567,0.03,SMP504:58;SMP186:53,108.8
FB2F_d,glutamate,4,vDeltaE,337,0.07,192,567,227,0.08,SIP003_a:72;LHPD2a4_a:63;CB4198:63;SMP568_d:60,107.1
FB8G,glutamate,6,FS4A,406,0.29,887,18,122,0.08,SMP505:188;SMP095:155;SMP379:114,106.8
FB2B_a,unclear,4,FC1C_b,670,0.45,61,43,155,0.01,LHPV5e3:85,102.5
FB9C,glutamate,8,hDeltaD,814,0.6,16,1376,5,0.21,FB9B_b:109;CB2208:88;CB3055:70;CB4087:64,99.7
FB5K,glutamate,2,vDeltaF,480,0.03,60,1043,364,0.11,CRE042:321;CRE107:135;CB2550:60,97.0
FB8I,glutamate,6,hDeltaD,667,0.55,16,1376,5,0.24,SMP095:331;ATL004:234;SMP743:142;SMP082:134,97.0
FB2B_b,glutamate,4,FC1C_b,749,0.39,61,43,155,0.0,,93.2
FB7H,glutamate,2,vDeltaD,621,0.22,62,250,143,0.0,,91.9
FB2F_a,glutamate,6,FC1C_b,719,0.32,61,43,155,0.02,LHPV4m1:138,86.5
FB1B,glutamate,4,FS4A,371,0.19,887,18,122,0.09,SMP167:83;CB4023:71;SLP414:65;SLP347:51,86.4
FB1D,glutamate,5,vDeltaA_b,689,0.2,8,51,159,0.43,CB1617:663;LHPV5a3:260;CB4107:234;CB1178:116,84.2
FB9A,glutamate,6,hDeltaD,596,0.46,16,1376,5,0.24,SLP315:91;CB1685:90;CB1838:81;CB4087:78,83.0
FB4Y,serotonin,4,vDeltaJ,403,0.24,19,454,211,0.01,AVLP705m:291,81.3
FB1E_a,glutamate,5,vDeltaD,434,0.08,62,250,143,0.12,CB2116:118;CB2398:91;CB4198:67;SIP051:63,81.1
FB2F_a,glutamate,6,vDeltaF,395,0.05,60,1043,364,0.02,LHPV4m1:138,81.1
FB8B,glutamate,4,hDeltaD,547,0.48,16,1376,5,0.21,MeVP39:307;DNpe053:251;AVLP594:180;aMe8:123,80.5
FB6G,glutamate,2,vDeltaC,474,0.13,31,124,154,0.15,SMP352:125;SLP405_c:105;SLP405_b:99;SIP076:81,78.3
FB1A,glutamate,4,vDeltaD,354,0.1,62,250,143,0.09,SIP006:75;LHPD2d2:68;SMP504:46;LHPV5g2:44,77.0
FB8E,glutamate,5,vDeltaA_a,641,0.23,15,45,149,0.21,BiT:117;FB9B_b:105;SLP268:101;SLP347:92,76.5
FB9C,glutamate,8,FS4A,339,0.07,887,18,122,0.21,FB9B_b:109;CB2208:88;CB3055:70;CB4087:64,75.9
FB6E,glutamate,2,vDeltaC,919,0.19,31,124,154,0.03,SMP504:58;SMP186:53,73.5
FB1G,acetylcholine,2,vDeltaA_a,644,0.31,15,45,149,0.11,SMP192:158;SIP018:157;LHPV10d1:156;CRE056:91,72.4
FB8F_b,glutamate,9,hDeltaD,415,0.4,16,1376,5,0.24,SLP405_a:321;LHAD1d1:154;SLP024:151;SLP149:144,71.4
FB6O,glutamate,2,vDeltaC,430,0.23,31,124,154,0.02,LHPV5g2:63,70.1
FB5K,glutamate,2,vDeltaH,976,0,16,892,596,0.11,CRE042:321;CRE107:135;CB2550:60,69.5
FB5H,dopamine,2,vDeltaH,391,0,16,892,596,0.16,CRE107:419;CRE027:224;SMP238:202;SMP165:201,68.1
FB8F_a,glutamate,7,hDeltaD,539,0.34,16,1376,5,0.24,SLP024:254;SLP441:204;SLP405_c:134;CB1073:100,67.5
FB5AB,acetylcholine,2,vDeltaH,373,0,16,892,596,0.15,CRE103:333;CB1434:230;MBON13:227;LHPV5e1:224,65.2
FB7K,glutamate,4,vDeltaB,948,0.17,10,82,174,0.16,LHPV6f3_b:170;SMP352:84;CB3050:76;CB4139:67,63.5
FB8C,glutamate,4,hDeltaD,1540,0.38,16,1376,5,0.1,DNpe053:186;SMP169:96;AVLP594:83;SMP083:59,62.7
FB2E,glutamate,4,FC1C_b,329,0.2,61,43,155,0.03,aMe26:71;WED092:57,60.6
FB2G_b,glutamate,6,FS1A_c,313,0.3,39,28,145,0.03,SIP086:110;CB2814:107,59.8
FB7H,glutamate,2,vDeltaC,1173,0.13,31,124,154,0.0,,59.7
FB1E_a,glutamate,5,vDeltaC,628,0.05,31,124,154,0.12,CB2116:118;CB2398:91;CB4198:67;SIP051:63,58.6
FB1A,glutamate,4,vDeltaC,441,0.09,31,124,154,0.09,SIP006:75;LHPD2d2:68;SMP504:46;LHPV5g2:44,58.1
FB8E,glutamate,5,hDeltaD,1256,0.23,16,1376,5,0.21,BiT:117;FB9B_b:105;SLP268:101;SLP347:92,58.1
FB7B,unclear,2,vDeltaB,429,0.17,10,82,174,0.17,SMP095:216;SMP505:193;CB4157:148;SMP183:141,57.3
FB7L,glutamate,6,FS3_d,462,0.21,224,10,59,0.12,BiT:184;SMP505:181;AstA1:160;SMP379:156,56.6
FB8G,glutamate,6,hDeltaD,613,0.42,16,1376,5,0.08,SMP505:188;SMP095:155;SMP379:114,55.0
FB1E_a,glutamate,5,vDeltaB,318,0.2,10,82,174,0.12,CB2116:118;CB2398:91;CB4198:67;SIP051:63,53.2
FB2M_a,glutamate,4,FS1A_c,349,0.22,39,28,145,0.05,PLP026:107;CB3056:100,53.2
FB2B_b,glutamate,4,FC1C_a,448,0.28,34,34,119,0.0,,52.8
FB7A,glutamate,6,hDeltaE,3720,0.83,9,2221,1,0.19,SLP405_a:585;SLP405_b:302;SMP352:215;SLP405_c:159,50.9
FB7L,glutamate,6,FS3_b,340,0.16,102,19,60,0.12,BiT:184;SMP505:181;AstA1:160;SMP379:156,50.0
FB2F_a,glutamate,6,vDeltaH,500,0,16,892,596,0.02,LHPV4m1:138,49.0
FB1J,glutamate,2,vDeltaB,349,0.25,10,82,174,0.03,FB9B_a:46;SLP405_a:44,48.2
FB7A,glutamate,6,vDeltaB,433,0.09,10,82,174,0.19,SLP405_a:585;SLP405_b:302;SMP352:215;SLP405_c:159,47.6
FB2B_a,unclear,4,FC1C_a,468,0.19,34,34,119,0.01,LHPV5e3:85,45.3
FB1I,glutamate,2,vDeltaC,612,0.07,31,124,154,0.0,,44.6
FB2F_a,glutamate,6,FC1C_a,579,0.16,34,34,119,0.02,LHPV4m1:138,44.3
FB9A,glutamate,6,vDeltaA_a,1501,0.01,15,45,149,0.24,SLP315:91;CB1685:90;CB1838:81;CB4087:78,42.8
FB8H,glutamate,6,hDeltaE,391,0.64,9,2221,1,0.36,CB1617:236;CB4022:197;CB4023:157;LHPV5a3:151,40.6
FB7J,glutamate,4,hDeltaD,454,0.38,16,1376,5,0.0,,39.1
FB1I,glutamate,2,vDeltaB,728,0.16,10,82,174,0.0,,38.6
FB8B,glutamate,4,hDeltaE,414,0.76,9,2221,1,0.21,MeVP39:307;DNpe053:251;AVLP594:180;aMe8:123,36.7
FB2F_a,glutamate,6,FS1B_a,399,0.14,16,66,108,0.02,LHPV4m1:138,36.5
FB7K,glutamate,4,hDeltaE,1585,0.64,9,2221,1,0.16,LHPV6f3_b:170;SMP352:84;CB3050:76;CB4139:67,34.9
FB7L,glutamate,6,hDeltaE,1366,0.65,9,2221,1,0.12,BiT:184;SMP505:181;AstA1:160;SMP379:156,31.9
FB7B,unclear,2,hDeltaE,565,0.67,9,2221,1,0.17,SMP095:216;SMP505:193;CB4157:148;SMP183:141,31.6
FB8G,glutamate,6,hDeltaE,3349,0.59,9,2221,1,0.08,SMP505:188;SMP095:155;SMP379:114,29.6
FB1J,glutamate,2,vDeltaA_b,562,0.11,8,51,159,0.03,FB9B_a:46;SLP405_a:44,29.1
FB7K,glutamate,4,hDeltaD,333,0.09,16,1376,5,0.16,LHPV6f3_b:170;SMP352:84;CB3050:76;CB4139:67,28.0
FB7E,glutamate,6,hDeltaE,565,0.55,9,2221,1,0.16,ATL004:205;oviIN:205;SIP065:180;CRE074:130,26.7
FB7C,glutamate,5,hDeltaE,869,0.73,9,2221,1,0.02,SMP167:67,24.9
FB7M,glutamate,2,hDeltaE,361,0.76,9,2221,1,0.03,SMP167:30,22.6
FB7J,glutamate,4,hDeltaE,1237,0.65,9,2221,1,0.0,,22.3
FB7I,glutamate,5,hDeltaE,919,0.63,9,2221,1,0.0,,20.9
FB7G,glutamate,4,hDeltaE,817,0.53,9,2221,1,0.03,SMP743:135,19.7
FB2I_a,glutamate,10,FS4C,630,0.37,114,1,112,0.03,ATL013:230;LHPV6f1:143,18.9
FB7D_a,glutamate,4,hDeltaE,676,0.35,9,2221,1,0.0,,13.2
FB7D_b,glutamate,4,hDeltaE,325,0.35,9,2221,1,0.0,,11.8
FB8C,glutamate,4,hDeltaE,702,0.16,9,2221,1,0.1,DNpe053:186;SMP169:96;AVLP594:83;SMP083:59,11.7
FB8E,glutamate,5,hDeltaE,485,0.07,9,2221,1,0.21,BiT:117;FB9B_b:105;SLP268:101;SLP347:92,10.6
FB2I_a,glutamate,10,FS4B,488,0.08,44,0,73,0.03,ATL013:230;LHPV6f1:143,0.0
