type_pre,type_post,weight,edge_rows
ER4d,ER4d,39443,650
Delta7,Delta7,26539,1717
ER4m,EPG,21202,506
PFNd,hDeltaB,20165,432
EPG,Delta7,19896,1670
ER2_c,ER2_c,15739,380
ER5,ER5,15478,420
ER2_c,EPG,14590,920
ER4m,ER4m,14580,110
PFNa,PFNa,14566,1654
PEN_a(PEN1),EPG,14398,426
ER3d_b,ER3d_b,13157,373
ER4d,EPG,12335,1195
EPG,EPG,11486,842
ER3m,ER3m,10798,306
ER3w_b,EPG,10568,828
ER3w_b,ER3w_b,10441,306
ER5,EL,10073,378
PEN_b(PEN2),EPG,9671,309
EPG,EL,9155,385
PFNv,PFNv,9048,210
ER3p_a,EPG,8924,644
ER2_a,EPG,8225,552
PFNd,PFNd,8109,847
Delta7,PFNa,7243,545
ER3p_a,ER3p_a,7239,182
hDeltaB,PFR_a,6717,136
EPG,PEN_b(PEN2),6230,298
PEN_b(PEN2),PEN_b(PEN2),6224,274
EPG,PEG,6154,379
EPG,PEN_a(PEN1),6100,366
ER2_c,ER2_a,6099,240
Delta7,PEN_b(PEN2),6061,224
ER2_a,ER2_c,5845,240
hDeltaB,PFR_b,5787,95
ER1_b,EPG,5634,598
Delta7,PFL3,5617,278
PEN_a(PEN1),PEN_a(PEN1),5446,257
ER3a_a,ER3m,5191,270
ER3a_a,ER3a_a,5138,210
ER3d_d,ER3d_d,4895,110
PEN_a(PEN1),EL,4799,175
PFGs,hDeltaK,4790,136
Delta7,PFL1,4732,193
hDeltaB,hDeltaK,4672,160
EPG,ER6,4580,164
EPG,ER4m,4487,504
Delta7,PFNd,4470,383
PEG,ER6,4431,72
PFNv,hDeltaB,4344,126
Delta7,EPG,4294,479
ER1_a,EPG,4292,505
hDeltaB,hDeltaJ,4232,264
EL,ER4d,4178,465
PFNa,FC1B,4151,363
ER2_a,ER2_a,4121,132
ER3m,EPG,4085,760
ER4m,EL,4052,198
ER3w_a,EPG,4034,322
PFNp_b,PFNp_b,3968,2883
Delta7,PEG,3926,219
ER4d,EL,3917,465
hDeltaA,PFL3,3881,92
EL,EPG,3709,293
ER2_c,EL,3691,360
ER3d_b,EPG,3673,854
ER6,PEG,3602,72
hDeltaB,hDeltaI,3575,161
ER3w_c,EPG,3513,276
hDeltaI,PFL3,3468,128
PFNd,PFR_a,3430,238
PEN_b(PEN2),EL,3365,112
ER2_d,EPG,3295,230
Delta7,PFL2,3269,147
EL,ER3p_a,3253,252
ER5,EPG,3222,781
hDeltaL,FC2C,3187,164
PEN_a(PEN1),PEN_b(PEN2),3179,269
ER3w_c,ER3w_b,3156,108
hDeltaB,PFGs,3125,71
ER3m,ER3a_a,3119,264
PEN_b(PEN2),PEN_a(PEN1),3067,269
hDeltaJ,FC2A,3062,172
ER3d_b,ER3d_d,3023,207
ER3d_c,ER3d_c,2963,72
PFNa,FC1A,2914,265
ER3d_e,ER3d_e,2884,42
PFNp_c,PFNp_b,2847,1674
hDeltaK,PFGs,2846,131
PFNp_c,PFNp_c,2822,778
EL,ER3d_b,2733,349
EPG,ER2_c,2701,835
FC2C,PFL3,2700,267
PFR_a,hDeltaA,2666,149
PFNa,FC1F,2604,268
ER2_c,ER4d,2601,467
EPG,ER4d,2598,992
hDeltaJ,FC2B,2573,228
FC2A,PFL3,2512,126
FC2B,PFL3,2478,183
ER2_b,EPG,2474,184
hDeltaH,FC2B,2437,70
hDeltaM,PFL3,2428,58
ER3d_d,ER3d_c,2421,99
hDeltaC,FC2B,2414,156
ER3d_c,ER3d_a,2360,63
ER3d_d,ER3d_b,2316,195
PEG,PEN_b(PEN2),2238,99
PFNm_b,PFNm_b,2231,386
hDeltaF,FC2C,2223,127
ER6,PEN_b(PEN2),2223,88
PFNp_b,PFNp_c,2218,1414
hDeltaB,hDeltaA,2216,90
hDeltaE,FC2C,2207,111
ER4m,ER2_c,2202,220
PFR_b,PFR_a,2199,269
hDeltaA,PFR_a,2195,91
Delta7,PFNv,2195,194
Delta7,PFNp_b,2188,637
ER3w_b,ER3w_c,2186,108
ER1_b,PEN_a(PEN1),2174,258
ER1_a,ER1_b,2143,143
ER3d_c,EPG,2139,407
ER2_a,EL,2069,216
PFNa,FC1D,2057,331
FC2C,PFL2,2013,149
ER3d_a,ER3d_c,2012,63
ER3d_a,ER3d_a,2007,42
ER3d_e,ER3d_a,1997,49
EPG,PFNd,1979,134
PFNp_a,PFNp_a,1970,1138
ER3d_e,EPG,1954,322
ER3d_a,ER3d_e,1947,49
PFNp_a,PFL3,1946,254
ER3a_d,ER3a_a,1944,75
hDeltaI,PFL2,1942,67
ER3d_a,EPG,1930,318
ER6,EPG,1925,149
PEN_b(PEN2),ER4m,1897,219
ER3d_d,EPG,1799,480
ER4m,ER3w_a,1761,77
PFNp_c,PFNm_a,1744,422
ER3d_c,ER3d_d,1732,99
PFR_b,PFR_b,1722,119
Delta7,PFNp_c,1721,260
hDeltaG,FC2B,1711,74
PFNp_c,hDeltaJ,1705,207
ER1_b,EL,1655,234
PFNm_a,PFNm_b,1644,306
Delta7,PFNp_a,1635,342
ER4d,ER2_c,1629,424
ER4m,ER2_a,1595,132
PFNp_b,FC2A,1595,419
PFNd,hDeltaA,1587,117
PFNp_e,PFNp_c,1586,437
PEN_b(PEN2),ER2_c,1579,321
hDeltaC,hDeltaF,1578,83
ER3p_b,EPG,1568,181
ER3w_a,ER3w_a,1565,42
hDeltaM,PFL2,1555,27
ER1_c,EPG,1552,184
ER3a_b,ER3a_a,1536,90
ER2_a,ER2_d,1534,60
ER3a_a,ER3a_d,1521,75
PFNp_a,PFNp_c,1494,679
EL,EL,1493,194
PFNm_a,PFNp_b,1479,836
ER3d_c,ER3d_e,1466,63
PEN_b(PEN2),hDeltaK,1462,174
hDeltaG,FC2C,1460,106
hDeltaH,PFL3,1448,57
hDeltaA,PFL2,1447,47
Delta7,PFGs,1443,181
Delta7,PFR_b,1429,178
PFNm_b,PFNp_b,1420,792
ER3d_b,EL,1413,331
ER1_a,EL,1407,198
PFNm_a,PFNm_a,1403,231
PEN_a(PEN1),ER1_b,1389,254
PFNp_b,PFNm_a,1389,827
hDeltaA,hDeltaI,1388,87
EL,ER2_c,1377,343
hDeltaD,FC2C,1372,90
PFNa,hDeltaJ,1368,318
EL,ER3w_b,1361,317
EPG,ER2_a,1357,487
FC1D,PFL1,1349,109
ER2_d,ER2_a,1328,60
PFNm_b,PFNm_a,1320,302
PFR_b,PFGs,1310,82
PFNa,hDeltaC,1303,224
ER2_c,ER2_d,1265,100
PFR_b,hDeltaH,1261,67
FC3_a,PFR_a,1261,111
ER3w_a,ER3w_c,1258,42
FC2B,PFL2,1230,89
ER3d_e,ER3d_c,1228,63
ER3p_b,ER3p_b,1219,12
FC3_b,PFR_a,1211,132
ER3w_a,ER3w_b,1209,117
EPG,PFL3,1182,113
PFNp_b,PFNm_b,1180,748
Delta7,PEN_a(PEN1),1178,180
PFNa,FC3_c,1171,202
PEN_a(PEN1),ER1_a,1157,215
ER2_d,ER2_c,1150,100
hDeltaH,PFR_a,1148,55
ER3a_b,EL,1148,106
ER3a_d,ER3m,1143,88
ER3w_c,ER3w_c,1135,30
PFNp_a,PFNp_e,1134,512
PFNp_b,PFNp_a,1124,874
Delta7,PFR_a,1109,196
FC2A,PFL2,1090,60
PFNp_a,PFL2,1081,140
ER4m,ER2_b,1076,44
FC2B,hDeltaM,1073,104
ER1_a,PEN_a(PEN1),1073,208
Delta7,EPGt,1067,27
ER3a_b,ER3a_b,1062,30
PEN_b(PEN2),ER2_a,1062,210
EPG,PFL2,1036,71
hDeltaA,PFR_b,1034,56
EL,ER3p_b,1034,72
ER4m,ER2_d,1028,55
ER2_b,ER3w_a,1025,28
hDeltaB,hDeltaH,1010,50
ER3a_c,ER3a_b,1008,24
PFNd,hDeltaJ,1005,320
EPG,ER1_b,1003,451
Delta7,PFNm_b,1002,173
PEG,EPG,994,290
hDeltaC,FC2C,980,155
ER3p_a,EL,980,244
hDeltaF,hDeltaC,971,84
hDeltaM,FC2B,958,57
PFNp_e,PFNp_a,952,489
PFNp_e,PFNp_b,921,618
ER3d_d,ER3d_a,917,77
PFNa,FC3_b,909,237
PFNp_c,PFNm_b,908,303
ER6,EL,905,72
PFNp_a,PFNp_b,896,717
hDeltaB,hDeltaB,882,143
ER2_c,ER4m,871,216
EL,ER2_a,854,205
Delta7,PFNm_a,853,137
PFL3,PFL3,853,253
FC1E,PFL1,849,77
EL,ER3m,844,264
PFNp_b,FC2B,838,365
PFNm_a,PFNp_c,834,305
ER1_b,ER1_b,833,152
ER1_a,ER1_a,832,110
EPG,PFNa,816,169
PFNm_b,FC2C,814,184
PFR_b,hDeltaG,795,63
PFNa,FC1E,790,232
ER3a_c,EL,785,72
EL,ER3d_e,782,123
PFNv,hDeltaC,780,78
ER4d,PEN_b(PEN2),775,341
PFR_a,hDeltaJ,769,247
PFR_a,hDeltaB,763,179
FC3_a,hDeltaH,762,66
ER2_d,EL,758,90
hDeltaF,hDeltaL,756,41
Delta7,PFNp_e,750,133
PFNv,PFNa,749,128
PFNm_a,FC2C,749,161
PFNp_b,PFL3,746,249
FC3_b,hDeltaH,745,68
hDeltaB,hDeltaG,736,46
ER3w_a,ER2_b,731,28
ER3p_a,ER3w_b,730,205
PFNp_b,PFNp_e,728,514
hDeltaF,PFGs,726,38
PFNp_c,PFNp_a,719,473
ER3a_b,ER3a_d,718,30
EPG,PFGs,703,88
ER1_b,ER1_a,703,140
ER3a_c,ER3a_c,702,12
ER3w_a,EL,702,124
PEN_a(PEN1),ER4m,700,165
FC3_b,PFGs,695,75
ER3w_c,ER3w_a,693,42
ER4m,ER3w_c,691,65
ER2_a,ER4m,682,130
ER3d_b,ER3p_b,681,48
FC3_c,PFR_a,678,90
ER1_c,ER1_b,675,52
ER2_d,ER2_d,674,20
FC1A,PFL1,672,68
FC1D,FC1C_b,668,109
FC1A,FC1E,666,100
FC2C,hDeltaM,665,104
FC1B,hDeltaC,665,112
EL,ER3w_a,658,124
ER3a_c,EPG,656,151
FC1A,FC1D,649,121
EL,ER5,646,295
hDeltaE,PFGs,640,34
ER2_d,ER3w_a,635,35
EL,ER3d_a,627,125
PFR_a,hDeltaH,619,96
EL,ER3d_c,613,149
FC2C,FC2C,607,394
PFL2,PFL2,606,125
ER3w_b,EL,604,261
hDeltaL,FC2B,594,34
EPGt,Delta7,594,109
EPG,ER3w_a,593,248
ER2_a,ER2_b,591,48
EPG,ER3w_b,587,353
hDeltaJ,PFR_a,584,157
hDeltaG,PFL3,582,48
PFR_a,PFR_b,579,214
ER3p_b,EL,578,72
ER3d_a,ER3d_d,576,75
FC3_b,hDeltaJ,575,128
ER3a_b,ER3a_c,571,24
PFNp_c,hDeltaC,570,118
PEG,EL,569,133
FC1B,FC3_c,568,91
ER2_d,ER2_b,567,20
EL,ER3w_c,567,108
PFNp_c,FC2B,561,133
ER3p_b,ER3p_a,559,55
FC1C_b,PFL1,554,66
PFNa,FC3_a,553,143
PFNp_d,PFL3,552,115
hDeltaI,hDeltaI,548,87
FC3_a,hDeltaJ,544,110
FC3_b,PFR_b,543,80
PEG,PEG,543,114
EPG,PFL1,538,63
hDeltaE,hDeltaF,537,28
ER1_c,EL,537,71
FC3_a,PFR_b,535,69
FC1B,FC1C_b,531,100
FC1D,FC1E,531,153
PFNp_c,PFNp_e,527,275
ER3m,ER3a_d,526,81
PFNp_e,PFNp_e,522,205
ER3d_b,ER3d_c,519,127
EPG,ER1_a,519,295
ER2_b,EL,518,72
hDeltaM,hDeltaH,516,25
ER2_a,ER3w_a,512,71
EPG,ER2_d,511,192
FC1A,FC1C_b,510,75
FC1B,FC1E,508,130
ER3a_a,ER3a_b,507,88
PFNp_c,FC2C,503,188
EL,ER1_a,503,173
FC3_a,PFGs,502,67
hDeltaE,hDeltaE,498,24
hDeltaM,hDeltaM,493,20
FC1B,FC1D,491,142
FC2A,FC2A,491,157
PFNp_e,PFNp_d,489,197
PFL1,PFL1,481,83
EL,ER4m,479,170
FC3_c,hDeltaJ,474,110
ER3a_d,ER3a_d,473,20
hDeltaF,hDeltaF,468,22
PFNm_b,PFNp_c,465,228
ER3p_b,ER3d_b,460,45
PFNp_c,FC2A,457,113
PFNp_a,hDeltaI,456,96
ER3w_b,ER3w_a,456,98
FC1B,FC3_a,455,84
PFNv,Delta7,455,305
FC2A,hDeltaM,452,64
EL,ER3d_d,452,173
PFNp_e,PFL3,451,81
EPG,PFNv,450,69
ER3d_d,ER3d_e,440,70
hDeltaJ,hDeltaJ,440,233
ER3d_e,ER3m,434,79
EPG,PFNp_c,434,98
PEN_b(PEN2),ER4d,434,215
ER2_b,ER2_a,433,48
ER2_b,ER2_d,432,20
PFNp_a,PFNp_d,430,287
ER4m,ER4d,429,207
hDeltaH,PFL2,427,25
hDeltaB,PFNd,427,137
ER2_b,ER2_b,422,12
FC1F,hDeltaC,421,71
ER3m,ER3d_e,418,70
ER3w_a,ER2_d,416,35
EL,ER1_b,415,185
PFR_b,Delta7,414,246
hDeltaL,hDeltaL,413,32
PFNa,PFL1,411,125
ER3w_b,ER3p_a,410,182
hDeltaJ,hDeltaC,408,160
FC3_a,hDeltaG,400,57
EL,ER2_d,400,85
PFNp_e,PFNm_a,394,150
PFR_a,hDeltaI,394,136
PFNv,hDeltaJ,387,119
PFR_a,PFR_a,387,229
hDeltaM,FC2A,383,39
PFNp_b,FC2C,383,220
FC1A,FC1C_a,377,51
hDeltaK,hDeltaK,372,131
EPGt,PFNd,369,8
ER3a_a,EL,369,157
FC1F,FC1C_b,366,75
FC1F,FC3_a,365,63
ER2_d,ER4m,364,55
ER1_a,ER1_c,363,44
FC3_c,hDeltaG,362,53
hDeltaG,hDeltaG,361,20
ER3w_a,ER4m,357,74
hDeltaB,hDeltaL,356,44
hDeltaC,hDeltaC,355,120
hDeltaI,PFGs,352,54
FC1B,FC3_b,352,109
FC3_c,hDeltaH,351,49
ER2_b,ER3w_c,351,24
FC1D,FC1C_a,351,71
FC3_c,hDeltaC,342,89
EPGt,PEG,341,5
FC1A,FC3_c,339,59
PFR_a,FC2B,337,129
FC1B,FC1C_a,334,76
EPG,ER2_b,334,146
ER3a_d,EL,333,70
ER3w_c,EL,333,101
ER3m,EL,326,192
PEN_a(PEN1),ER1_c,325,75
FC1F,FC1E,322,87
ER3a_b,ER3m,321,88
hDeltaM,hDeltaK,320,44
PFNm_a,hDeltaC,319,64
PFNp_b,PFNp_d,319,257
ER3d_a,EL,314,114
FC1E,FC1D,313,136
PEN_b(PEN2),PEG,312,68
ER3d_e,ER3d_d,312,69
ER4d,ER4m,312,185
EL,ER2_b,311,70
ER3a_d,ER3a_b,309,30
ER3d_c,EL,307,129
FC1D,FC1D,305,148
FC1E,FC1C_b,304,118
PFNp_c,PFNp_d,302,167
ER3d_e,EL,301,109
ER1_c,ER1_a,298,43
PFNm_a,FC2B,297,69
hDeltaB,hDeltaC,297,70
PFNp_a,FC2A,296,105
PFR_a,PFL3,296,108
ER3w_a,ER2_a,295,64
ER2_b,ER4m,295,44
EL,ER3a_c,293,68
FC1A,FC1B,293,90
ER3p_a,ER3p_b,289,49
ER2_c,ER2_b,289,70
hDeltaJ,hDeltaH,286,61
hDeltaA,hDeltaA,284,33
EPG,PFNp_b,282,150
FC1C_a,PFL1,280,42
FC1F,FC3_c,278,56
ER2_a,ER4d,277,147
PFNp_b,PFL2,276,91
Delta7,PFNp_d,276,106
FC1F,FC3_b,274,69
ER5,ER3a_b,273,101
ER5,ER3a_a,272,139
ER3p_a,ER3m,270,129
PEN_b(PEN2),ER2_d,266,64
ER3d_c,ER3d_b,265,78
PFR_b,hDeltaA,265,61
ER3d_d,EL,264,140
EPG,ER3w_c,262,137
hDeltaD,hDeltaE,261,27
hDeltaB,hDeltaM,261,31
EL,ER3a_b,258,84
PFNv,PFNd,258,108
ER1_a,PEG,257,113
FC1B,FC1A,256,88
ER3a_a,EPG,255,159
FC2B,FC2B,253,151
ER1_c,PEN_a(PEN1),253,74
hDeltaH,FC2A,251,34
FC3_b,hDeltaC,251,80
FC1A,hDeltaC,250,63
PFNp_d,FC2A,248,73
hDeltaF,hDeltaE,245,27
hDeltaI,hDeltaA,245,80
EL,ER3a_a,239,143
FC1E,FC1C_a,238,68
ER5,ER3a_d,237,76
ER1_b,ER1_c,236,51
FC1F,FC1D,235,88
FC3_c,PFR_b,234,47
FC1F,FC1C_a,234,51
ER4d,ER2_a,234,112
hDeltaG,PFR_a,233,42
FC3_c,PFGs,232,49
hDeltaL,PFGs,231,30
FC2B,FC2C,228,131
ER3m,ER3p_a,224,122
FC3_c,FC1C_b,221,60
FC1D,FC1A,221,102
EPG,PFR_b,220,64
PFNm_b,hDeltaF,217,36
PFNm_a,hDeltaJ,216,48
hDeltaA,hDeltaJ,216,83
hDeltaC,PFGs,215,60
ER2_b,ER2_c,215,67
FC3_c,FC3_b,214,51
PFR_a,FC2A,212,80
EPG,PFNp_e,211,50
PFNv,PFNp_b,211,108
ER2_b,ER3w_b,209,62
FC1E,FC1E,207,115
ER3p_b,ER3m,206,65
PFNp_d,PFL2,205,58
FC3_a,hDeltaC,205,82
PFNp_d,PFNp_b,205,158
hDeltaM,hDeltaA,203,29
hDeltaM,hDeltaC,203,31
EPG,ER1_c,203,107
PFR_a,hDeltaC,202,104
EPG,EPGt,201,30
FC2C,FC2B,201,136
FC3_c,FC3_a,200,43
ER4m,ER3w_b,200,87
PFR_a,PFNd,200,106
ER2_a,ER3d_c,197,82
hDeltaL,hDeltaF,196,39
hDeltaB,PFL1,195,31
PEN_b(PEN2),PFR_a,195,39
FC1C_b,FC1E,194,98
hDeltaB,EL,193,31
PFNd,hDeltaH,193,49
PFNp_e,hDeltaI,192,41
hDeltaF,FC2B,191,28
hDeltaH,PFR_b,191,32
EPG,PFNp_a,191,94
PEN_b(PEN2),ER2_b,190,47
hDeltaD,hDeltaF,187,24
PEG,PEN_a(PEN1),186,70
FC1B,FC1F,185,74
hDeltaC,PFR_a,183,65
PFNp_a,PFNm_a,181,129
hDeltaG,PFL2,180,26
PFR_a,hDeltaK,177,113
FC1A,FC3_a,176,49
FC1A,FC1F,176,58
FC3_b,FC3_b,175,47
PFR_b,hDeltaJ,175,90
PFR_a,FC3_a,173,66
hDeltaH,hDeltaH,172,18
FC1C_b,FC1C_b,172,96
ER5,ER4d,171,63
FC1B,PFL1,171,63
PFNm_a,hDeltaF,168,28
ER3a_c,ER3a_d,167,16
PFR_a,PFGs,167,66
ER4m,PEN_a(PEN1),167,97
PFNp_d,PFNp_a,166,134
PFNd,hDeltaG,165,49
hDeltaM,PFR_b,163,24
ER3d_b,ER3d_a,163,66
ER3d_b,ER3d_e,163,84
hDeltaE,hDeltaD,162,26
PEN_b(PEN2),ER3w_a,162,50
hDeltaD,hDeltaD,161,21
FC3_b,FC1C_b,161,57
ER3a_c,ER3m,160,56
PFNp_e,PFL2,160,43
hDeltaI,PFR_b,160,54
FC1C_b,FC1D,156,73
FC1B,FC1B,156,71
FC2B,hDeltaC,156,83
FC1D,FC1B,155,97
FC2A,hDeltaA,154,52
ER3m,ER3a_c,154,61
PFR_a,FC3_b,154,68
FC1C_b,FC1C_a,154,92
hDeltaC,hDeltaL,152,57
ER2_c,PEN_b(PEN2),152,110
FC1A,FC1A,151,73
ER3a_a,ER5,150,54
PFR_a,hDeltaG,150,56
PFGs,hDeltaC,149,74
FC1F,FC1A,149,52
hDeltaJ,hDeltaM,149,53
PEN_a(PEN1),PEG,147,59
FC1F,FC1B,146,65
PFGs,Delta7,146,126
EPGt,PFNa,145,12
FC3_a,FC3_b,145,47
PFR_a,hDeltaM,144,62
FC1F,hDeltaJ,143,68
ER6,ER6,141,12
PFR_b,hDeltaB,141,62
ER2_a,ER3d_a,141,62
hDeltaC,hDeltaJ,140,66
ER3p_a,ER1_a,140,67
FC1A,FC3_b,139,60
FC3_c,FC1E,138,53
PFNp_c,PFL3,138,58
FC1E,FC1A,138,62
ER3p_a,EPGt,138,42
EL,PEN_a(PEN1),138,75
ER4m,PEN_b(PEN2),138,85
ER3a_d,ER5,137,46
FC2B,FC2A,137,78
hDeltaB,PFNp_d,136,22
hDeltaI,PFR_a,136,66
hDeltaM,hDeltaI,134,33
FC3_b,FC3_a,133,44
hDeltaC,hDeltaG,133,42
ER3w_a,ER3d_a,132,29
ER5,ER2_c,132,93
PFNm_b,hDeltaC,131,50
FC3_b,FC1B,130,58
FC1C_a,FC1C_b,130,79
FC3_c,FC1C_a,129,37
FC3_b,FC1C_a,128,37
EL,PEN_b(PEN2),128,55
FC2B,hDeltaH,128,60
ER2_c,ER3w_a,127,55
ER1_b,PEN_b(PEN2),127,80
FC1B,hDeltaJ,126,60
PFNp_d,FC2B,124,49
PEN_a(PEN1),hDeltaK,124,64
ER3a_b,EPG,124,70
hDeltaG,PFR_b,122,27
ER4d,PEN_a(PEN1),122,78
ER2_a,ER3d_e,122,62
FC2A,FC2B,122,75
FC1C_a,FC1E,121,62
FC3_c,FC1B,121,63
PFNp_e,FC2A,120,44
EPG,PFNm_a,119,41
PEN_b(PEN2),PFR_b,119,30
ER3w_c,ER2_b,118,23
FC2A,hDeltaJ,118,78
ER3d_a,ER3d_b,117,59
FC2B,hDeltaJ,117,81
ER2_a,ER3d_d,117,72
EPGt,PEN_b(PEN2),116,11
FC3_b,hDeltaG,114,45
ER2_a,ER3d_b,114,78
hDeltaG,PFGs,113,26
EL,ER1_c,113,59
ER3d_b,ER3m,113,67
ER3p_a,ER3w_c,112,57
ER3a_c,ER3a_a,112,47
PEN_a(PEN1),ER4d,111,52
PFNp_e,PFNm_b,111,59
ER3a_b,ER5,111,61
FC3_b,FC3_c,110,47
FC2C,hDeltaG,110,67
FC3_c,FC1D,109,56
FC1E,FC2C,109,58
ER3m,ER3a_b,109,58
FC2C,hDeltaC,109,77
ER3d_c,ER2_a,109,69
ER2_d,ER3d_a,108,33
ER2_b,ER3d_e,107,26
PFGs,PFGs,107,39
FC1D,FC1F,107,63
PFNa,PFNv,106,34
PFNv,PFR_a,106,43
FC3_a,FC1C_a,106,35
FC3_a,FC1C_b,106,39
PEN_b(PEN2),ER6,106,60
ER2_d,ER3d_c,105,37
ER3d_e,ER3d_b,105,62
EPG,PFNm_b,104,55
FC3_b,FC2A,103,46
FC2C,hDeltaL,103,77
ER3d_a,ER2_a,102,50
hDeltaM,hDeltaJ,101,43
PEN_b(PEN2),EPGt,100,11
PFNv,PFNp_c,100,41
FC1C_a,FC1C_a,100,56
EPG,ER3p_a,99,86
PFR_a,EPG,98,60
PFR_a,PFL2,97,44
hDeltaJ,FC2C,97,64
EL,PFGs,96,67
FC1D,FC2C,96,62
ER3w_a,ER3d_e,95,33
EL,ER3a_d,95,49
hDeltaA,FC2A,94,31
PFNp_d,hDeltaI,94,37
ER6,PEN_a(PEN1),94,50
FC3_a,FC2B,94,51
PFR_a,EL,94,70
FC3_b,FC1F,93,51
ER2_d,ER3d_e,93,31
PEG,hDeltaK,93,52
ER2_a,PEN_b(PEN2),92,73
ER2_d,ER3w_c,91,26
FC3_c,FC1F,90,36
ER1_b,PEG,90,59
ER3m,ER3d_a,90,38
ER1_c,PEG,90,47
PFNp_b,PFNa,90,83
hDeltaJ,PFNv,89,51
hDeltaH,FC2C,88,31
hDeltaL,hDeltaC,88,46
PFGs,hDeltaB,88,52
hDeltaI,hDeltaJ,88,66
FC1D,FC,87,22
EPG,PFR_a,86,50
ER2_b,ER3d_a,85,24
hDeltaJ,PFL3,85,59
PFNm_b,FC2B,84,26
FC3_b,hDeltaI,84,33
hDeltaC,hDeltaK,84,45
ER3m,ER3p_b,84,45
ER3m,ER3d_b,84,65
hDeltaJ,hDeltaB,84,66
PFNd,PFR_b,83,52
EL,PEG,83,50
PFNv,PFNp_a,83,53
PEN_a(PEN1),EPGt,82,19
EPGt,PFNp_c,82,10
PFNm_b,PFNa,82,69
hDeltaH,hDeltaG,81,16
ER3d_a,ER3m,81,44
ER3d_e,ER3w_a,81,36
FC2B,hDeltaG,81,45
EPGt,PEN_a(PEN1),80,6
EPGt,PFNv,80,4
ER1_c,ER1_c,80,12
PFNp_d,PFNp_d,80,56
ER3a_a,ER3a_c,79,38
FC1E,FC1B,79,46
ER4m,ER3d_a,78,37
ER3w_a,ER2_c,78,43
ER3d_b,ER2_a,78,63
FC3_b,FC1E,77,48
hDeltaJ,PFGs,77,49
PFNv,FC3_b,76,31
ER3d_c,ER3m,76,45
hDeltaI,hDeltaK,76,52
hDeltaG,hDeltaL,75,25
hDeltaB,PEG,75,29
hDeltaJ,hDeltaI,75,54
PFNm_a,FC2A,74,31
FC1C_a,FC1D,74,36
FC1D,FC3_c,74,46
hDeltaB,FC2C,73,37
PEG,ER4m,73,47
FC1B,PFNa,73,61
hDeltaM,PFR_a,72,27
FC3_a,FC2A,72,34
PFNv,hDeltaM,71,20
PFL1,PFL3,71,44
PFNp_e,hDeltaJ,71,29
ER3m,ER3w_a,71,38
PFNa,hDeltaL,71,38
hDeltaJ,PFR_b,71,43
PFNm_b,PFNp_d,70,51
PFR_a,FC3_c,69,36
ER3d_a,ER3w_a,69,29
ER3a_d,ER3a_c,68,13
ER3d_b,ER3p_a,68,26
FC3_b,FC2B,68,49
ER3d_e,ER2_a,68,41
PFNp_d,PFNp_c,68,62
PFNp_c,hDeltaF,67,13
PFNv,PFNp_e,67,25
ER3w_b,ER1_a,66,44
FC1A,FC,65,13
ER3d_a,ER2_d,65,28
FC3_a,FC1F,65,36
EPG,hDeltaK,65,53
ER1_a,ER3a_c,64,12
hDeltaF,hDeltaK,64,39
ER3m,ER3d_c,64,43
ER3p_a,ER3w_a,64,42
FC3_c,hDeltaL,63,33
FC3_c,FC1A,63,28
PEN_b(PEN2),ER1_b,63,39
FC3_a,FC3_c,63,34
FC3_b,PFNv,62,25
hDeltaA,hDeltaM,62,21
PFL1,ER1_b,62,27
ER3d_d,ER2_a,61,41
PFNp_a,PFNm_b,61,39
ER3w_a,ER3d_c,60,25
ER2_c,ER5,60,49
hDeltaK,hDeltaC,60,47
ER3a_c,ER3d_e,59,18
hDeltaI,FC2A,59,26
FC3_a,FC1B,59,39
hDeltaG,hDeltaC,58,34
EL,PFR_a,58,43
ER4d,ER5,58,46
hDeltaA,hDeltaK,57,39
ER3d_e,ER2_d,57,26
ER3w_c,ER3p_a,57,39
PFR_a,FC2C,57,44
PFNp_d,PFNp_e,57,48
FC1B,FC,56,18
FC1F,PFL1,56,36
ER3d_a,ER2_b,56,21
hDeltaA,hDeltaB,56,38
FC3_b,FC1D,56,38
FC1E,FC1F,56,35
PFNp_b,hDeltaJ,56,47
PFR_a,PEG,55,34
hDeltaC,hDeltaM,54,27
PFNd,hDeltaK,54,40
PFGs,hDeltaF,54,30
PFNm_a,PFNp_e,54,44
FC2C,FC2A,54,39
EL,ER6,54,38
PFNv,FC3_a,53,21
PFNv,hDeltaL,53,18
ER5,PEG,53,19
ER3w_c,ER4m,53,27
PFNm_a,PFNp_a,53,43
ER3p_b,ER3w_b,53,31
PFGs,FC3_b,53,32
FC1F,FC1F,53,29
PFR_b,hDeltaI,53,35
hDeltaB,FC2B,52,24
Delta7,EL,52,14
hDeltaJ,hDeltaA,52,32
hDeltaJ,hDeltaK,52,42
FC1D,FC3_b,52,38
ER3a_a,ER3d_e,51,34
FC3_a,FC3_a,51,22
FC2C,hDeltaI,50,37
PFNa,FC1C_b,50,40
FC1F,hDeltaH,49,18
ER4m,ER3d_c,49,30
ER2_d,ER3d_b,49,38
hDeltaH,hDeltaC,48,27
FC2B,PFR_a,48,37
EPG,ER3a_c,48,37
FC2A,hDeltaI,48,34
EPGt,PFNp_a,47,15
PFL3,hDeltaA,47,18
PFNd,hDeltaI,47,33
FC1A,hDeltaI,47,26
FC2C,hDeltaF,47,40
ER2_a,ER3m,47,35
ER3m,ER3w_b,47,39
ER3a_c,ER1_a,46,9
ER2_b,ER3d_c,46,22
ER3d_c,ER2_d,46,31
PFR_b,FC3_b,46,28
FC1A,PFNa,46,35
PFNm_b,PFNp_a,45,31
PFNv,PFNp_d,45,22
ER2_d,ER3d_d,45,25
hDeltaC,FC2A,45,21
PFR_b,FC3_a,45,28
FC1D,hDeltaC,45,36
ER3m,ER2_b,45,31
FC3_c,FC2C,45,33
EPGt,EPGt,44,4
PEG,EPGt,44,11
PEN_b(PEN2),PFGs,44,13
FC3_b,FC1A,44,33
FC1C_b,ER1_b,44,20
hDeltaI,hDeltaM,44,28
hDeltaA,PFGs,44,23
FC1C_b,FC,43,15
hDeltaJ,hDeltaG,43,25
FC1F,PFR_b,43,22
PFNv,PEN_a(PEN1),43,20
FC1B,PFR_b,43,23
PFNm_a,PFNp_d,43,27
FC1C_b,FC1A,43,29
EPGt,PFNp_e,42,8
FC2C,FC,42,14
ER3d_b,ER3a_c,42,22
FC3_a,FC1E,42,24
ER3m,ER1_a,42,31
ER2_d,ER3m,42,26
FC1D,PFNa,42,32
hDeltaL,hDeltaK,42,27
PFNd,PFGs,42,31
EPG,ER3d_b,42,35
hDeltaA,hDeltaH,41,11
EPGt,EPG,41,17
ER2_d,ER3w_b,41,23
ER3w_a,ER3m,41,24
hDeltaL,hDeltaE,41,17
EPGt,PFNp_b,41,20
FC3_a,hDeltaL,41,22
ER2_b,ER3m,41,22
PFNp_d,FC2C,41,25
ER4m,PEG,41,29
ER5,ER3a_c,41,25
ER3d_b,ER2_d,41,29
FC1B,hDeltaI,40,28
ER3d_c,ER3w_a,40,22
ER3d_e,ER2_b,40,21
PFNv,PFGs,39,25
PFGs,hDeltaL,39,24
ER3w_a,ER3p_a,39,28
PFNp_a,PFNa,39,27
FC2C,PFGs,39,33
hDeltaH,hDeltaJ,38,23
ER4d,ER3d_b,38,16
ER1_a,EPGt,38,22
hDeltaI,FC2B,38,27
FC3_c,FC2B,38,26
hDeltaI,hDeltaB,38,33
FC1B,FC2B,37,21
PEN_b(PEN2),FC3_b,37,15
hDeltaI,hDeltaH,37,24
ER3m,ER3d_d,37,26
PFR_b,EPG,37,29
FC3_a,hDeltaK,37,27
PFNd,FC2C,37,29
ER3w_c,ER2_d,36,19
hDeltaH,PFGs,36,18
FC1B,hDeltaH,36,20
ER3m,ER2_d,36,22
FC1D,hDeltaI,36,24
PFNp_a,PFNd,36,22
PFGs,FC3_a,36,25
PFNa,PFNd,36,31
PFL2,PFL3,36,30
PFL3,PFL2,36,30
FC3_b,hDeltaK,36,31
FC3_b,hDeltaA,35,22
hDeltaJ,PFL2,35,24
ER3w_b,ER2_b,35,26
FC1D,FC3_a,35,25
FC2A,hDeltaH,35,22
PFNm_a,PFNa,34,23
hDeltaF,hDeltaG,34,15
PEN_b(PEN2),FC3_a,34,10
hDeltaE,hDeltaL,34,16
PFNp_b,hDeltaC,34,26
FC1F,PFNa,34,29
hDeltaH,hDeltaA,33,9
hDeltaM,hDeltaG,33,7
hDeltaD,PFGs,33,13
ER3a_c,PEN_a(PEN1),33,15
hDeltaC,FC3_a,33,23
hDeltaA,FC2B,33,17
ER1_a,ER3p_a,33,20
PFNv,FC3_c,33,22
FC1A,hDeltaJ,33,25
hDeltaB,EPG,33,23
FC1F,hDeltaI,33,23
FC2C,hDeltaE,33,27
PFNd,PFNv,33,26
hDeltaB,PFL3,32,10
FC3_a,FC,32,8
FC3_a,PFL3,32,18
FC3_c,FC3_c,32,16
ER4m,ER3d_e,32,19
FC1A,hDeltaA,32,16
PFNa,FC2C,32,23
hDeltaH,FC3_b,32,18
PFNv,PEN_b(PEN2),32,21
PFGs,EPG,32,26
FC1C_a,ER1_b,31,12
FC3_b,hDeltaM,31,20
FC3_a,hDeltaI,31,18
PFNm_b,PFNp_e,31,17
PFL3,PFL1,31,25
PEG,ER3p_a,31,14
ER3d_e,ER3a_a,31,26
FC3_a,FC1D,31,22
PEN_a(PEN1),ER2_c,31,24
PFNa,FC,30,14
PFL1,ER1_a,30,19
FC1E,FC,30,12
PFNm_b,hDeltaD,30,14
ER3p_a,ER3d_b,30,21
ER3a_b,ER2_a,30,23
ER1_b,EPGt,30,19
ER3a_d,EPG,30,23
FC2A,PFR_a,30,23
PFNa,PFNm_b,30,27
ER1_a,ER3w_b,29,17
ER1_a,PEN_b(PEN2),29,20
ER3p_b,ER3w_a,29,15
ER3w_a,ER3d_b,29,21
ER3w_c,ER1_a,29,21
PFNm_b,hDeltaJ,29,18
ER5,ER2_a,29,19
ER3a_c,ER3d_a,29,15
ER3a_c,ER2_a,29,21
FC3_b,PFL3,29,21
ER2_a,ER3w_c,29,19
PFR_b,hDeltaK,29,24
FC1E,FC3_b,29,22
hDeltaM,FC2C,29,21
FC3_a,FC2C,29,26
PFGs,hDeltaJ,29,23
FC3_c,PFNa,29,26
ER3p_a,ER3a_c,28,16
FC3_b,FC,28,12
hDeltaI,FC2C,28,22
FC2C,hDeltaH,28,22
EL,hDeltaK,28,21
PFGs,PFNd,28,25
PFNp_d,PFNm_b,28,22
PFGs,FC2C,28,27
hDeltaB,FC3_c,27,8
FC1C_a,PFR_b,27,13
FC1B,PFR_a,27,13
ER3d_e,ER3a_c,27,14
FC1C_b,PFR_b,27,18
hDeltaA,FC3_b,27,18
PFR_b,FC3_c,27,14
PFNv,FC2C,27,20
PFNp_a,FC2B,27,16
hDeltaI,FC1C_a,27,14
FC2A,FC2C,27,23
FC2A,hDeltaC,27,20
FC1A,FC2C,27,22
FC1E,FC3_c,27,23
FC1D,hDeltaJ,27,23
ER2_d,ER4d,26,14
FC1F,FC,26,11
PFGs,FC3_c,26,13
PFNa,hDeltaI,26,17
PEN_a(PEN1),PFNa,26,15
PFNa,hDeltaF,26,20
ER4d,FC3_a,26,15
FC3_a,FC1A,26,17
ER2_a,ER5,26,22
PFGs,PFR_b,26,20
hDeltaL,hDeltaG,26,16
FC2C,hDeltaK,26,22
hDeltaC,FC3_c,26,18
PFNa,FC1C_a,26,20
FC3_a,hDeltaM,26,19
EL,hDeltaB,26,19
FC2C,hDeltaJ,26,23
FC2C,FC3_a,26,24
PFNv,FC1F,26,21
ER3m,ER2_a,26,26
hDeltaI,FC,25,7
FC2B,FC,25,9
ER3p_b,ER3a_c,25,12
hDeltaH,hDeltaI,25,16
PFNp_b,PFL1,25,12
ER2_d,ER3a_c,25,14
PFR_b,FC2B,25,17
FC3_a,hDeltaA,25,19
EPG,ER3d_a,25,24
FC1E,FC3_a,25,21
FC,PFL1,24,8
hDeltaG,FC3_c,24,14
FC1E,ER1_b,24,11
hDeltaK,hDeltaF,24,17
FC2B,hDeltaA,24,20
FC1B,FC2A,24,19
hDeltaC,hDeltaH,24,16
ER5,ER4m,24,19
ER3w_b,ER3m,24,21
ER3p_a,ER1_b,24,20
FC1C_b,FC1B,24,20
FC2B,PFR_b,24,21
PFNp_c,FC,23,5
PEG,PFR_a,23,16
PFNv,FC1B,23,14
FC1F,PFR_a,23,13
PFNp_a,FC1A,23,9
ER4m,ER5,23,13
FC1C_b,FC2C,23,16
FC2A,PFR_b,23,17
ER3a_c,ER3d_c,23,16
PFNa,hDeltaG,23,15
FC2C,FC3_b,23,18
FC3_c,PFL3,23,17
ER3d_d,ER2_d,23,16
hDeltaJ,FC3_b,23,20
FC1C_a,FC1A,23,14
PFNp_b,PFNv,23,17
PFNd,hDeltaC,23,18
ER3p_a,ER1_c,23,17
ER6,hDeltaK,23,17
hDeltaC,PFL3,23,20
PFNm_b,hDeltaE,22,5
hDeltaH,hDeltaM,22,11
FC3_c,FC,22,10
ER4d,ER2_d,22,14
FC2C,FC1E,22,14
hDeltaG,FC3_a,22,13
ER3w_b,EPGt,22,17
PEN_b(PEN2),ER3w_c,22,13
FC2C,FC1C_b,22,17
ER3p_b,ER1_a,22,14
ER3w_a,ER3a_c,22,13
PFNv,PFR_b,22,13
PEN_a(PEN1),PFNd,22,18
ER3d_c,ER2_b,22,16
ER2_a,ER3a_c,22,20
FC2B,hDeltaK,22,18
hDeltaI,PFL1,21,12
PEN_b(PEN2),PFNv,21,15
hDeltaB,FC2A,21,15
ER1_a,ER3m,21,15
PFNp_e,FC2C,21,14
FC1C_b,FC1F,21,17
ER3a_c,ER5,21,14
PFNp_c,PFNa,21,19
FC1D,hDeltaA,21,16
FC3_c,FC2A,21,14
FC3_c,hDeltaK,21,17
ER3a_b,ER3d_e,21,14
PFNa,hDeltaM,21,16
ER3w_b,ER1_b,21,14
PFGs,hDeltaE,21,19
hDeltaC,PFL2,21,16
PFR_b,hDeltaC,21,19
ER3a_a,ER3d_b,21,19
hDeltaJ,PFNd,21,18
FC2B,FC3_a,21,18
PFNp_b,hDeltaF,20,4
EPGt,PFGs,20,5
PFL1,EPG,20,12
PFL3,EPG,20,16
hDeltaJ,FC1E,20,14
ER3a_d,ER3d_e,20,12
FC1C_a,hDeltaH,20,11
ER3w_a,ER3d_d,20,13
hDeltaI,hDeltaC,20,16
PFNv,PFNm_b,20,14
FC3_c,PFL1,20,15
hDeltaI,EPG,20,16
hDeltaI,FC3_b,20,15
FC1D,FC2B,20,16
PFGs,PFR_a,20,16
PFNp_d,PFNm_a,20,19
ER3a_c,ER3p_a,20,14
FC3_a,PFL2,19,11
FC1A,FC2A,19,14
PFNp_a,PEN_a(PEN1),19,11
FC2B,hDeltaI,19,16
ER3d_b,ER4d,19,13
hDeltaG,hDeltaK,19,16
PFR_b,PFL3,19,15
PFR_b,FC2C,19,17
FC1B,hDeltaM,19,15
FC2C,PFR_b,19,18
FC1D,PFL3,19,16
FC1E,hDeltaJ,19,18
PFNd,PEN_a(PEN1),18,10
FC3_a,PFNv,18,11
PFNp_e,FC2B,18,12
FC1C_b,FC3_b,18,13
hDeltaJ,FC1C_b,18,14
hDeltaI,FC1C_b,18,13
FC1C_a,FC,18,11
PFNv,PFNm_a,18,10
ER2_c,ER3d_a,18,12
ER2_c,ER3a_c,18,12
PFNp_b,hDeltaI,18,12
PFNd,FC3_b,18,14
ER3d_d,ER3m,18,14
ER2_b,ER3a_c,18,12
FC2A,FC1E,18,12
ER3w_b,ER3p_b,18,15
EPG,ER3d_c,18,17
FC2C,FC1D,18,16
FC2C,FC3_c,18,16
FC1F,PFNd,18,15
FC1B,FC2C,18,14
FC2B,FC3_b,18,16
PFNd,EPG,18,17
PFR_a,FC1B,18,16
ER3a_a,ER2_a,18,17
hDeltaJ,FC3_a,18,17
PFNa,PFNp_b,18,18
EPGt,EL,17,7
ER3d_b,ER3w_a,17,11
FC1E,PFR_b,17,11
FC1F,hDeltaG,17,10
PFL1,ER1_c,17,9
ER5,ER3d_b,17,8
EPG,ER3m,17,12
PFNp_e,PFNa,17,12
FC2A,FC1D,17,11
PFR_a,PFL1,17,13
ER3d_c,ER3a_c,17,13
FC3_c,PFNv,17,12
FC3_c,hDeltaM,17,12
EPG,ER5,17,15
ER3d_a,ER3a_c,17,13
EPG,FC2C,17,13
PFR_b,hDeltaL,17,14
hDeltaH,FC3_a,17,13
FC2B,FC1D,17,14
FC1A,PFL3,17,14
FC1D,FC2A,17,15
FC1E,PFNa,17,16
FC3_b,PFNa,17,17
FC2C,PFNp_b,17,17
EPGt,PFNm_a,16,4
ER3a_b,ER4d,16,4
PFL3,FC2A,16,9
ER3a_c,ER4d,16,7
ER3p_b,ER2_b,16,9
FC1D,hDeltaH,16,11
FC1C_a,FC1F,16,12
hDeltaG,hDeltaM,16,7
ER3p_b,ER3d_e,16,9
ER3w_a,ER1_a,16,9
hDeltaA,FC1C_a,16,10
PFNp_c,PFL2,16,12
ER1_a,ER3a_b,16,9
ER3a_c,ER3d_b,16,12
FC3_b,PFL1,16,13
PFR_a,hDeltaL,16,13
FC3_c,hDeltaI,16,13
FC1B,PFNd,16,13
FC2A,hDeltaK,16,14
ER2_c,PEN_a(PEN1),16,14
FC1F,FC2A,16,15
PFR_a,FC1D,16,16
EPGt,PFNm_b,15,5
FC1C_a,FC3_a,15,8
FC1E,hDeltaH,15,9
PFNp_d,FC,15,6
ER2_b,ER3p_b,15,9
PFNd,PEN_b(PEN2),15,11
FC,FC1C_b,15,10
FC1C_a,FC2C,15,11
PFNd,FC3_c,15,10
PFNp_c,FC3_a,15,9
PFNv,hDeltaG,15,10
ER3a_b,ER1_a,15,9
hDeltaC,FC3_b,15,13
PFNv,PEG,15,11
hDeltaA,PFNd,15,10
ER3p_b,ER2_d,15,11
ER3d_b,ER5,15,12
PEN_a(PEN1),Delta7,15,12
ER2_d,PEN_b(PEN2),15,13
PFR_b,PFNd,15,13
PEN_a(PEN1),ER3w_a,15,12
FC1C_b,FC3_c,15,12
FC1C_a,FC1B,15,13
PFNv,FC2B,15,13
FC1A,PFL2,15,11
PEG,ER1_b,15,13
FC3_c,hDeltaB,15,14
FC1C_b,hDeltaC,15,14
ER3d_a,ER3a_a,15,15
hDeltaB,PFL2,14,4
hDeltaA,FC,14,4
ER3a_b,ER2_c,14,8
FC1C_b,FC3_a,14,11
ER3w_c,EPGt,14,9
ER4d,ER3a_c,14,7
FC2B,FC3_c,14,9
FC2C,EPG,14,10
FC1F,FC2C,14,12
PFGs,hDeltaG,14,10
PFR_b,FC1C_a,14,11
FC1E,FC2A,14,11
ER1_a,ER3w_a,14,10
PFR_a,FC1C_b,14,12
FC2C,FC1B,14,11
FC2A,PFL1,14,9
FC3_b,FC2C,14,12
PFNd,PFNa,14,11
PFNd,FC3_a,14,11
ER3d_d,ER3a_c,14,10
ER3w_a,ER3p_b,14,12
FC3_a,hDeltaB,14,13
PEN_a(PEN1),ER6,14,12
ER2_c,ER3d_c,14,10
FC1D,hDeltaM,14,10
FC1E,hDeltaC,14,11
FC1C_a,FC3_c,14,10
ER3a_c,ER2_c,14,11
FC3_a,PFNd,14,13
ER3a_b,ER3d_b,14,12
ER3d_c,ER3a_a,14,12
ER3a_a,ER3d_a,14,12
PEN_b(PEN2),Delta7,14,14
EPG,ER3d_e,14,14
hDeltaE,FC2B,13,3
hDeltaF,FC3_c,13,4
PFNp_c,FC1A,13,3
PEG,ER3p_b,13,4
PFNm_b,FC2A,13,7
PFNp_b,FC,13,8
PFNv,EPGt,13,4
PEN_a(PEN1),ER3a_c,13,6
FC2A,FC3_b,13,9
PFR_b,hDeltaM,13,11
FC1F,PFGs,13,8
PFGs,hDeltaH,13,10
hDeltaI,FC3_c,13,10
hDeltaI,FC3_a,13,10
FC1E,hDeltaI,13,10
ER2_c,ER3m,13,11
PFNm_b,hDeltaL,13,9
EL,PFR_b,13,9
PEN_a(PEN1),PFNp_a,13,8
EPG,ER3p_b,13,10
FC3_b,hDeltaB,13,12
PFNa,PFL3,13,9
PFL3,hDeltaI,13,10
hDeltaH,hDeltaK,13,12
PEN_a(PEN1),ER3w_b,13,11
PFNp_c,hDeltaI,13,10
FC2B,hDeltaL,13,11
FC2C,FC1F,13,11
hDeltaK,FC2C,13,12
PEG,ER1_a,13,12
hDeltaB,FC3_b,13,12
EL,PFL3,13,11
PEN_b(PEN2),PFNd,13,12
FC2A,FC1C_b,13,12
FC3_c,PFNd,13,12
FC,FC1E,12,7
PEN_b(PEN2),PFL3,12,8
hDeltaJ,FC3_c,12,9
PEG,ER3a_c,12,6
FC1D,PFR_b,12,9
PFR_a,FC1C_a,12,9
ER3d_b,ER2_b,12,9
PFR_b,PFL2,12,10
ER5,ER3m,12,10
hDeltaA,FC3_a,12,11
EPGt,ER6,12,8
FC1F,FC2B,12,10
PFNm_b,PFNd,12,10
PFNv,FC1E,12,11
FC1F,PFNv,12,10
PFR_b,FC2A,12,10
hDeltaA,hDeltaC,12,10
FC1C_b,PFNa,12,11
ER3d_b,ER3a_a,12,10
FC1F,PFL3,12,11
FC3_b,PFNd,12,12
PFNp_a,Delta7,12,12
PFL2,hDeltaH,11,3
hDeltaF,FC1C_a,11,4
PFGs,ER3a_a,11,4
ER3w_a,EPGt,11,4
PEG,PFL3,11,7
FC2C,PFNa,11,9
hDeltaI,FC1E,11,7
FC2C,FC1C_a,11,8
ER3a_d,ER2_a,11,8
hDeltaH,FC3_c,11,8
ER2_d,ER3p_b,11,8
ER2_a,ER3a_a,11,9
PFR_b,PEG,11,9
ER2_b,ER1_a,11,7
EPG,hDeltaB,11,9
hDeltaA,PFL1,11,9
FC1A,hDeltaH,11,9
ER3a_c,ER2_b,11,7
ER2_c,ER3d_e,11,9
ER3w_b,ER4m,11,10
PFNv,FC1D,11,9
PFNv,EPG,11,9
FC1A,hDeltaM,11,9
FC,FC1C_a,11,10
FC1D,PFNd,11,10
FC3_c,PFL2,11,10
PFR_a,FC1E,11,10
PFNv,FC2A,11,10
PFGs,EL,11,11
EPG,ER3d_d,11,11
hDeltaH,hDeltaB,11,11
EPGt,FC2B,10,3
FC2B,FC1B,10,5
PFNp_e,FC1A,10,2
PFNd,PFNp_e,10,5
hDeltaE,hDeltaK,10,2
PFNp_b,FC1A,10,6
hDeltaB,EPGt,10,3
EL,hDeltaA,10,5
hDeltaG,hDeltaA,10,5
ER2_b,PEN_b(PEN2),10,8
PFGs,PEN_a(PEN1),10,7
hDeltaF,PFL3,10,5
FC1C_b,FC2A,10,8
hDeltaL,PFL3,10,7
PEN_a(PEN1),ER2_b,10,6
FC2B,PFGs,10,8
ER6,ER4m,10,6
PFL3,PFR_a,10,8
EPG,hDeltaI,10,8
ER3p_a,PEG,10,8
PEN_a(PEN1),ER2_a,10,9
PFNp_a,FC2C,10,7
hDeltaI,FC1D,10,8
PFNp_d,PFNa,10,9
FC3_c,hDeltaA,10,8
PFNp_b,PFNd,10,9
ER2_c,ER3a_a,10,8
ER2_c,ER3a_b,10,7
FC1C_b,hDeltaI,10,8
hDeltaM,FC3_b,10,9
PFNa,FC2A,10,9
ER2_b,ER3d_b,10,9
FC1A,FC2B,10,7
PFR_b,PFL1,10,9
ER3a_a,ER1_a,10,9
ER1_a,ER3p_b,10,8
hDeltaJ,FC1B,10,9
hDeltaB,FC1B,10,8
hDeltaJ,FC1C_a,10,8
ER3d_e,ER3a_d,10,9
ER3d_e,ER3p_b,10,8
ER3m,ER3w_c,10,9
FC1E,FC2B,10,9
PFGs,hDeltaI,10,10
PFNd,Delta7,10,10
ER3a_c,ER3w_a,10,10
PEN_a(PEN1),ER3p_a,10,10
PEN_b(PEN2),FC1C_b,9,5
PFNp_a,PFNv,9,5
PFGs,PFL2,9,7
hDeltaG,hDeltaH,9,6
ER3a_c,ER3p_b,9,6
FC2A,FC3_a,9,5
FC2B,hDeltaB,9,7
PFNm_a,PFNv,9,7
ER4d,ER3d_a,9,7
FC2B,EPG,9,5
ER3p_a,ER3d_d,9,6
FC2C,PFNm_b,9,5
FC1B,PFL3,9,6
ER3d_c,ER4m,9,8
PFNa,hDeltaH,9,7
hDeltaB,FC3_a,9,7
FC3_a,PFNa,9,8
hDeltaI,hDeltaG,9,7
ER1_c,PEN_b(PEN2),9,7
hDeltaM,FC1C_a,9,5
ER4d,ER3d_e,9,6
PFNm_a,PFL3,9,8
FC2C,PFL1,9,8
PFNv,hDeltaK,9,8
FC2B,FC1F,9,7
FC1C_a,FC2A,9,7
PFR_a,ER6,9,6
PFNp_e,PEN_a(PEN1),9,8
FC1E,PFL3,9,8
FC2C,hDeltaA,9,8
FC1D,PFL2,9,8
FC3_a,PFL1,9,8
PEN_b(PEN2),ER1_c,9,8
ER3p_a,PEN_a(PEN1),9,8
ER3p_a,ER2_b,9,8
ER3a_c,ER2_d,9,8
PFNd,PFL3,9,8
ER3d_e,ER3a_b,9,9
hDeltaG,hDeltaB,9,9
PFNd,FC2B,9,9
FC1E,hDeltaA,9,9
PFNa,PFNp_c,9,9
PEN_a(PEN1),PFNp_b,9,9
FC2A,PFNp_b,9,9
PFR_a,FC1F,9,9
FC1C_b,hDeltaJ,9,9
ER3a_b,ER3d_a,9,9
PFR_b,PFNv,9,9
ER2_d,ER3a_a,9,9
hDeltaE,hDeltaC,8,4
hDeltaH,FC1C_a,8,3
PFNv,hDeltaH,8,4
hDeltaE,hDeltaG,8,4
FC2B,FC1E,8,6
PFNv,PFL2,8,4
hDeltaJ,FC1D,8,6
ER3a_b,PEG,8,5
hDeltaM,hDeltaB,8,5
FC2A,FC,8,5
ER4m,ER3a_c,8,5
FC1C_b,PFGs,8,5
PFNm_a,PFNd,8,5
hDeltaM,PFL1,8,5
hDeltaI,PFNp_d,8,6
FC3_b,EL,8,5
ER3p_b,EPGt,8,4
hDeltaG,hDeltaF,8,5
ER3p_b,ER2_a,8,6
ER3d_a,ER2_c,8,6
ER3a_d,ER3d_c,8,7
PFL3,FC2C,8,6
ER2_d,ER3p_a,8,7
ER3p_b,ER3w_c,8,6
FC1A,PFNv,8,6
ER2_c,ER3d_d,8,7
PFL1,ER6,8,7
FC1E,hDeltaG,8,7
ER3d_a,ER3a_b,8,6
PFNp_c,FC3_b,8,7
ER1_b,ER3w_b,8,7
FC1C_b,hDeltaG,8,7
ER3a_a,ER2_c,8,6
hDeltaJ,hDeltaL,8,7
FC1C_a,hDeltaA,8,7
ER3d_a,ER4d,8,5
ER3d_e,ER2_c,8,7
ER3d_e,ER3p_a,8,6
PFNd,PFNp_c,8,7
hDeltaJ,PFL1,8,7
PFNv,hDeltaI,8,7
ER3d_b,ER1_a,8,8
EL,hDeltaJ,8,8
PFNa,FC2B,8,8
FC1F,hDeltaA,8,8
hDeltaA,FC2C,8,8
hDeltaB,FC1A,8,8
FC2C,FC1A,8,8
hDeltaK,FC3_a,8,8
PFNa,PFNm_a,8,8
FC2C,hDeltaB,8,8
FC2A,PFNp_d,8,8
FC2C,PFR_a,8,8
ER3a_a,ER3d_c,8,8
PFGs,PFNv,8,8
PFR_a,Delta7,8,8
PFGs,PFL3,8,8
hDeltaL,PFL2,7,3
PEN_a(PEN1),PFNp_c,7,3
EPGt,FC2A,7,2
PFNm_a,hDeltaE,7,4
ER3d_d,ER3w_a,7,5
hDeltaF,PFL2,7,3
ER3a_c,ER3d_d,7,5
PFNp_b,Delta7,7,5
ER3p_b,ER3d_c,7,4
hDeltaK,PFNd,7,5
FC2C,PFNp_c,7,5
ER3p_b,PEN_a(PEN1),7,3
PFNd,PFL1,7,5
PFR_b,FC1F,7,6
FC3_b,EPG,7,5
hDeltaB,FC1E,7,6
PFGs,PEN_b(PEN2),7,6
FC2C,PFNm_a,7,6
ER3a_b,ER3d_d,7,6
PFNp_a,EPG,7,5
FC1E,PFL2,7,5
FC1C_a,PFNa,7,6
FC1C_a,PFNd,7,6
ER2_a,ER3a_b,7,6
PFNa,Delta7,7,6
hDeltaB,PEN_b(PEN2),7,4
PFNp_e,hDeltaC,7,5
PFNa,hDeltaE,7,5
PFNp_c,PFNv,7,5
ER3a_a,ER4d,7,5
FC3_a,EL,7,5
PEG,ER3m,7,5
PFNa,hDeltaD,7,5
FC2B,PFL1,7,6
FC1C_a,FC3_b,7,6
EPGt,FC3_a,7,5
PFNd,FC1D,7,6
hDeltaC,PFR_b,7,6
FC3_b,PFL2,7,6
EL,EPGt,7,7
ER3m,PEG,7,7
PFNd,hDeltaM,7,7
PFNa,PFL2,7,7
FC1A,PFNd,7,7
FC2B,FC1C_a,7,7
FC1E,PFNd,7,7
FC2C,PFNv,7,7
PFNm_b,PFNv,7,7
PFGs,PEG,7,7
ER3m,ER2_c,7,7
ER1_b,ER3m,7,7
FC1C_b,FC2B,7,7
ER2_a,PEG,7,7
ER3a_a,ER3d_d,7,7
EPG,ER3a_b,7,7
ER2_a,PEN_a(PEN1),7,7
PFNp_c,hDeltaE,6,2
PFNm_a,PEN_b(PEN2),6,2
hDeltaI,FC1A,6,3
ER3a_d,ER4d,6,2
PFL3,PEG,6,3
PFL1,hDeltaC,6,3
ER3a_c,ER1_b,6,3
hDeltaF,hDeltaM,6,3
PEG,ER3w_b,6,4
PEG,ER3d_a,6,4
hDeltaC,PEN_a(PEN1),6,4
PFL1,FC2A,6,2
ER4d,ER3m,6,3
PFNp_d,hDeltaB,6,4
hDeltaC,hDeltaB,6,4
hDeltaB,hDeltaF,6,3
PFL1,PEG,6,4
PFL1,PFNv,6,4
PFL1,Delta7,6,5
PFL2,hDeltaM,6,5
ER3d_c,ER5,6,4
PEN_b(PEN2),ER1_a,6,5
ER3p_b,ER3a_a,6,5
ER3p_a,ER3d_e,6,4
ER3w_c,ER2_a,6,5
FC2A,PFNd,6,5
hDeltaA,EPG,6,5
PEG,ER3a_b,6,4
hDeltaJ,FC,6,4
ER4d,ER3a_a,6,5
EPGt,ER1_b,6,5
PEN_a(PEN1),ER3w_c,6,5
FC1C_a,FC2B,6,5
FC2A,PFNp_a,6,3
ER2_a,ER3a_d,6,5
FC1B,hDeltaG,6,4
FC1B,hDeltaA,6,5
hDeltaM,hDeltaL,6,5
PEN_b(PEN2),PFL1,6,5
FC1B,PFL2,6,4
PFNm_a,hDeltaL,6,4
hDeltaK,FC3_b,6,5
ER3d_c,ER2_c,6,5
PFNd,FC1B,6,5
PFNd,FC1F,6,5
hDeltaA,FC1C_b,6,5
FC1B,PFGs,6,5
hDeltaB,FC1D,6,5
hDeltaD,hDeltaL,6,5
PFNa,hDeltaB,6,5
hDeltaK,hDeltaJ,6,5
FC1F,PFL2,6,5
FC3_c,hDeltaF,6,5
PEN_b(PEN2),PFNp_b,6,5
hDeltaG,FC3_b,6,5
FC3_a,EPG,6,5
ER3w_a,PEN_b(PEN2),6,6
PEG,Delta7,6,6
ER3d_a,ER4m,6,6
ER3m,ER1_b,6,6
ER3m,ER5,6,6
PFNv,PFL1,6,6
PEG,PFGs,6,6
hDeltaK,hDeltaL,6,6
PEN_b(PEN2),PFNa,6,6
FC1B,hDeltaB,6,6
ER3d_e,ER1_a,6,6
FC1B,PFNv,6,6
FC1C_b,hDeltaH,6,6
FC2A,FC1C_a,6,6
hDeltaM,FC1E,6,6
PFNp_e,Delta7,6,6
ER6,ER5,6,6
ER4m,hDeltaK,6,6
EL,Delta7,6,6
EPGt,PFR_b,5,1
PFNp_a,EPGt,5,2
PFL3,hDeltaG,5,2
hDeltaK,hDeltaE,5,2
ER3p_a,ER5,5,3
ER1_a,ER2_b,5,3
ER1_a,ER3a_d,5,2
FC,FC,5,3
hDeltaI,EPGt,5,3
PEN_a(PEN1),ER3p_b,5,4
PFL1,PFR_a,5,4
hDeltaC,hDeltaE,5,3
ER3w_a,ER3a_b,5,3
hDeltaI,PFNd,5,4
hDeltaB,hDeltaD,5,3
EPG,FC2B,5,4
EPG,FC3_a,5,4
PEN_a(PEN1),PFGs,5,4
hDeltaI,FC1F,5,3
ER1_c,EPGt,5,3
PFNp_d,hDeltaA,5,3
PFNp_b,hDeltaH,5,4
PFNp_a,hDeltaJ,5,4
PFNm_a,PFL2,5,4
hDeltaC,hDeltaI,5,4
PFNm_a,FC,5,4
hDeltaI,hDeltaL,5,4
hDeltaC,hDeltaD,5,3
PFNa,hDeltaK,5,4
FC1F,hDeltaM,5,4
PFR_a,FC,5,4
ER3w_b,ER3a_c,5,4
hDeltaI,FC1B,5,3
ER3a_b,ER3d_c,5,4
ER3d_b,ER3a_b,5,4
PEN_b(PEN2),FC1E,5,4
FC1A,hDeltaG,5,4
FC3_c,PEG,5,4
hDeltaB,FC,5,4
hDeltaC,PFNd,5,4
hDeltaL,PFR_b,5,4
PFNd,FC1E,5,4
PFNd,FC1A,5,4
PFNp_c,PFL1,5,4
PFNd,FC2A,5,4
ER3p_b,PEG,5,4
ER3a_c,PEG,5,4
hDeltaL,FC3_c,5,4
EL,PFL1,5,4
hDeltaG,hDeltaJ,5,4
ER3d_d,ER3a_a,5,4
PFNv,PFL3,5,5
ER3d_a,ER5,5,5
ER3d_d,ER2_c,5,5
ER3d_c,ER3a_b,5,5
ER3d_e,ER4d,5,5
PFNv,hDeltaF,5,5
ER3w_b,ER2_d,5,5
ER2_c,PEG,5,5
PFNm_a,PEN_a(PEN1),5,5
hDeltaK,hDeltaG,5,5
hDeltaL,PFR_a,5,5
hDeltaK,hDeltaB,5,5
FC2A,FC1A,5,5
hDeltaJ,FC1F,5,5
FC2A,hDeltaB,5,5
FC3_b,Delta7,5,5
PEG,ER2_a,5,5
PFNm_b,PEN_a(PEN1),5,5
PFR_b,PFNp_b,5,5
FC1C_a,hDeltaB,5,5
ER2_a,ER3w_b,5,5
PFR_b,FC1C_b,5,5
FC,FC1D,5,5
PFR_b,PEN_b(PEN2),5,5
ER1_a,ER3w_c,5,5
hDeltaM,PFGs,5,5
FC1C_a,hDeltaJ,5,5
EPG,hDeltaJ,5,5
ER3w_c,ER3a_c,5,5
ER2_b,ER3p_a,5,5
PFNm_b,Delta7,5,5
PFL1,PFNa,5,5
PEN_a(PEN1),PFNv,5,5
PFL2,PFL1,5,5
EPG,ER3a_a,5,5
PFNm_b,PFL3,4,2
ER3p_b,ER4d,4,2
ER3a_d,ER3d_d,4,2
hDeltaF,FC,4,2
PFL1,FC1E,4,3
PFL1,FC1A,4,3
PFL3,hDeltaH,4,3
PFL1,hDeltaB,4,3
EPG,PFNp_d,4,3
PEG,hDeltaA,4,2
PFNp_b,FC3_b,4,3
FC2A,EPG,4,3
PFL1,hDeltaI,4,2
FC,FC1B,4,3
PFL3,ER3p_a,4,3
FC2A,PFGs,4,3
hDeltaG,PFNd,4,3
hDeltaM,FC1D,4,3
hDeltaD,FC2B,4,2
FC2B,hDeltaF,4,3
PEN_b(PEN2),PFNp_d,4,3
ER2_b,ER4d,4,3
ER3m,ER1_c,4,3
FC1A,hDeltaL,4,3
FC,PFL3,4,3
PEG,ER3d_e,4,3
ER4d,ER3w_a,4,2
hDeltaB,PFNv,4,3
ER3d_e,ER4m,4,3
PFNd,PFL2,4,3
FC1F,EPG,4,3
ER3d_b,ER3w_c,4,4
ER3d_d,ER3p_a,4,4
ER3d_d,ER3a_d,4,4
PFNv,FC1C_b,4,4
PFGs,PFNm_b,4,4
ER3d_c,ER3w_c,4,4
FC3_a,Delta7,4,4
EL,hDeltaL,4,4
PFNp_c,PFNd,4,4
FC1E,PFNv,4,4
EL,FC2C,4,4
PFNd,hDeltaL,4,4
hDeltaB,FC1C_a,4,4
FC2C,PFNp_a,4,4
PFGs,FC1C_a,4,4
ER3a_a,ER1_b,4,4
PFNd,PEG,4,4
ER3a_c,ER3w_b,4,4
hDeltaJ,PEG,4,4
ER3d_b,ER3w_b,4,4
hDeltaF,FC3_a,4,4
FC1E,hDeltaB,4,4
FC2A,ER1_b,4,4
FC1C_b,hDeltaB,4,4
PFR_a,PFNp_d,4,4
FC1C_b,hDeltaL,4,4
ER3a_a,ER2_d,4,4
ER1_c,ER3w_b,4,4
FC2A,FC3_c,4,4
FC2C,PFNd,4,4
ER3a_d,ER2_c,4,4
hDeltaC,PEN_b(PEN2),4,4
PFR_b,FC1D,4,4
ER3d_a,ER3a_d,4,4
ER1_a,ER2_d,4,4
PEN_a(PEN1),PFNm_b,4,4
PFL3,PFGs,4,4
PFL3,FC2B,4,4
PFNp_e,PFNd,4,4
FC1C_a,hDeltaI,4,4
FC1C_a,PFGs,4,4
ER3w_c,ER3p_b,4,4
PFR_a,FC1A,4,4
FC1A,PFR_b,4,4
PFL3,hDeltaJ,4,4
ER3w_c,ER3m,4,4
FC1E,hDeltaM,4,4
FC3_b,hDeltaL,4,4
PEN_a(PEN1),ER2_d,4,4
ER2_c,ER3a_d,4,4
PFNp_b,PEN_b(PEN2),4,4
PFL1,FC1F,4,4
PFL1,ER3a_b,4,4
PFNp_b,PEN_a(PEN1),4,4
EPG,FC3_b,4,4
PFL3,PFR_b,4,4
PFNp_d,PFNv,4,4
ER4m,ER6,4,4
PFL2,PFNp_a,4,4
PFL1,PFR_b,4,4
PFL2,hDeltaA,4,4
ER3w_a,ER5,3,1
FC,hDeltaG,3,1
PFNp_c,hDeltaL,3,1
Delta7,FC3_a,3,1
PFNm_a,PFL1,3,1
PFNd,FC1C_b,3,2
PFR_b,PFNm_b,3,2
PEN_b(PEN2),hDeltaC,3,2
PFL1,FC3_a,3,2
PFL1,FC3_b,3,2
ER3d_d,ER5,3,2
hDeltaG,PEG,3,2
hDeltaA,FC1B,3,2
PFGs,FC1C_b,3,2
hDeltaH,FC,3,2
ER2_b,ER3a_b,3,2
EPG,FC2A,3,2
EPG,FC1D,3,2
EPG,FC3_c,3,2
ER3w_c,ER2_c,3,2
hDeltaH,hDeltaL,3,2
ER3a_a,ER3p_b,3,2
hDeltaM,FC,3,2
PFNp_b,hDeltaL,3,2
PFNp_a,PEG,3,2
PFNp_d,PFNd,3,2
FC,hDeltaA,3,2
FC1C_a,PFR_a,3,2
hDeltaG,FC1C_a,3,2
ER5,ER6,3,2
FC1B,PFNp_b,3,2
ER3d_e,ER3w_c,3,2
ER2_c,ER3w_c,3,2
hDeltaJ,PEN_a(PEN1),3,2
PFGs,hDeltaM,3,2
PEG,ER3w_c,3,2
PFNd,PFNm_b,3,2
PEN_b(PEN2),FC1D,3,2
PFNd,hDeltaD,3,2
PFL1,hDeltaM,3,2
ER3a_d,ER1_a,3,2
FC1D,PFNv,3,2
FC1C_a,EPG,3,2
ER1_c,ER3a_c,3,2
ER3a_d,ER3d_b,3,2
FC1B,PEG,3,2
ER3d_b,PEG,3,2
hDeltaA,FC1D,3,2
PFNv,FC,3,3
FC2A,PFNp_c,3,3
EL,PFNd,3,3
PEG,PFR_b,3,3
PEG,PFL1,3,3
FC2A,PFNa,3,3
hDeltaJ,hDeltaF,3,3
EL,FC3_b,3,3
ER3d_c,ER4d,3,3
FC1D,hDeltaL,3,3
ER3d_b,ER4m,3,3
PFGs,FC2B,3,3
ER4d,ER3p_a,3,3
FC1E,EPG,3,3
PFNm_a,Delta7,3,3
FC2C,PFNp_e,3,3
hDeltaL,PFL1,3,3
PFNd,EL,3,3
FC3_a,hDeltaF,3,3
PFR_a,ER3a_b,3,3
hDeltaK,hDeltaI,3,3
FC2A,FC1B,3,3
ER5,ER2_b,3,3
PEG,ER2_c,3,3
PEG,ER4d,3,3
FC2A,FC1F,3,3
PFNd,hDeltaF,3,3
ER3m,ER4d,3,3
FC1D,PFR_a,3,3
FC1D,EPG,3,3
PFR_b,PFNp_e,3,3
ER3d_e,ER3w_b,3,3
FC1C_b,PFL2,3,3
ER1_b,ER3p_a,3,3
FC1C_b,PFR_a,3,3
ER3a_b,ER2_d,3,3
FC1D,PFGs,3,3
FC1C_a,PFL3,3,3
PFGs,PFNp_b,3,3
PFGs,PFNa,3,3
PFNd,PFNp_a,3,3
PFL3,hDeltaB,3,3
FC1B,hDeltaL,3,3
PEN_a(PEN1),PFNp_e,3,3
PFNa,PFNp_d,3,3
ER4d,ER3a_b,3,3
ER4d,ER3d_c,3,3
PFR_a,EPGt,3,3
FC1C_b,PFNd,3,3
PFR_b,FC1E,3,3
PFR_b,PFNa,3,3
FC,hDeltaJ,3,3
PFR_a,PFNv,3,3
ER1_c,ER3p_a,3,3
hDeltaB,FC1C_b,3,3
PFR_b,FC1B,3,3
PFNp_e,PFNv,3,3
PEN_a(PEN1),hDeltaJ,3,3
PEN_b(PEN2),PFNp_a,3,3
hDeltaM,FC1C_b,3,3
PFL3,hDeltaM,3,3
PEG,ER5,3,3
PFNa,PFNp_a,3,3
FC,FC2B,3,3
FC,FC3_b,3,3
PFGs,FC2A,3,3
FC2B,FC1C_b,3,3
hDeltaJ,FC1A,3,3
ER3d_c,ER3a_d,3,3
ER3w_b,ER3d_e,3,3
ER3w_b,ER5,3,3
FC1F,hDeltaB,3,3
ER3a_a,ER3p_a,3,3
FC2C,hDeltaD,3,3
ER2_a,ER3p_b,3,3
hDeltaM,EPG,3,3
hDeltaH,FC1C_b,3,3
hDeltaH,PFL1,3,3
FC1C_b,EPG,3,3
PFL1,PFL2,3,3
EPG,hDeltaM,3,3
Delta7,hDeltaI,3,3
ER2_b,ER3d_d,3,3
ER6,ER3a_a,3,3
PFL2,hDeltaJ,3,3
EPG,hDeltaH,3,3
PFL2,Delta7,3,3
PFL1,FC2C,3,3
PFL1,PFNp_c,3,3
PFL2,FC2A,3,3
PFL2,EPG,3,3
ER3d_c,PEG,2,1
ER6,PFR_a,2,1
ER6,ER2_c,2,1
ER3p_a,ER4d,2,1
ER6,ER3m,2,1
PFNp_e,FC3_a,2,1
PFNp_d,FC1A,2,1
PFNp_d,PFL1,2,1
PFNp_a,FC,2,1
PEN_a(PEN1),ER3d_c,2,1
PFL1,ER4m,2,1
hDeltaG,FC,2,1
hDeltaL,hDeltaM,2,1
hDeltaD,PFL1,2,1
hDeltaD,hDeltaH,2,1
FC1F,PEG,2,1
ER4d,ER6,2,1
PFR_b,PEN_a(PEN1),2,1
PEN_b(PEN2),hDeltaI,2,1
hDeltaJ,PEN_b(PEN2),2,1
hDeltaK,PFNm_b,2,1
PFNv,EL,2,1
PFR_b,PFNm_a,2,1
PFGs,hDeltaD,2,1
PFGs,ER3a_d,2,1
FC2A,PFNm_b,2,1
ER3p_a,ER3a_a,2,1
hDeltaL,FC1C_a,2,1
PFNp_c,PEN_b(PEN2),2,1
ER3w_b,ER1_c,2,2
ER3w_a,ER4d,2,2
ER3w_a,PEN_a(PEN1),2,2
PEG,hDeltaH,2,2
PEG,PFNa,2,2
PFNp_c,Delta7,2,2
hDeltaF,hDeltaJ,2,2
ER5,ER3d_d,2,2
FC1D,hDeltaG,2,2
FC1D,hDeltaB,2,2
hDeltaG,hDeltaD,2,2
PFNv,FC1A,2,2
PFGs,FC1B,2,2
ER3d_d,ER4d,2,2
PFNv,FC1C_a,2,2
PFNm_a,FC1D,2,2
EL,FC2B,2,2
PFNd,FC1C_a,2,2
FC1E,PFR_a,2,2
hDeltaB,FC1F,2,2
FC2C,PFNp_d,2,2
FC3_a,PEG,2,2
hDeltaG,hDeltaI,2,2
FC1A,EPG,2,2
FC1A,hDeltaB,2,2
ER3a_a,ER4m,2,2
hDeltaK,PFNp_c,2,2
ER3a_c,ER3w_c,2,2
FC1D,PEG,2,2
ER3p_a,ER2_d,2,2
hDeltaJ,EPG,2,2
hDeltaD,hDeltaC,2,2
hDeltaK,FC2B,2,2
hDeltaK,PFNp_e,2,2
hDeltaK,PEN_a(PEN1),2,2
ER3d_b,ER2_c,2,2
PEN_b(PEN2),PFNp_e,2,2
PEN_b(PEN2),PFNm_b,2,2
PFL1,FC1C_b,2,2
ER3a_a,ER1_c,2,2
hDeltaC,hDeltaA,2,2
hDeltaC,EL,2,2
EPGt,FC3_c,2,2
EPGt,FC1E,2,2
EPGt,hDeltaB,2,2
hDeltaC,PFL1,2,2
PFGs,ER6,2,2
EL,hDeltaC,2,2
EL,hDeltaI,2,2
PFR_a,ER5,2,2
FC3_c,PFNm_b,2,2
ER3a_d,ER3d_a,2,2
hDeltaJ,PFNp_c,2,2
FC1A,PFGs,2,2
ER1_b,ER3p_b,2,2
EL,FC3_a,2,2
FC3_b,PFNm_b,2,2
PFNa,PFR_b,2,2
hDeltaK,PFL3,2,2
PFL3,FC3_a,2,2
FC1C_a,hDeltaG,2,2
PEN_a(PEN1),PFNm_a,2,2
hDeltaL,FC3_a,2,2
hDeltaL,hDeltaJ,2,2
hDeltaA,FC1F,2,2
ER3a_b,ER1_b,2,2
FC,FC1A,2,2
FC,hDeltaC,2,2
FC,PFL2,2,2
hDeltaC,PFNa,2,2
hDeltaC,FC1C_a,2,2
hDeltaC,PFNp_a,2,2
PFR_b,EL,2,2
FC2A,PFNp_e,2,2
hDeltaB,PFNa,2,2
PFNp_e,PEN_b(PEN2),2,2
PFR_a,PFNp_b,2,2
hDeltaD,PFNd,2,2
ER3d_a,ER3w_b,2,2
ER3d_a,ER3w_c,2,2
ER1_a,ER3a_a,2,2
ER1_a,ER3d_e,2,2
PFNa,PEN_a(PEN1),2,2
PFL1,hDeltaJ,2,2
PEN_b(PEN2),hDeltaJ,2,2
PEN_b(PEN2),hDeltaB,2,2
PFNm_a,hDeltaD,2,2
hDeltaM,FC3_c,2,2
PFR_b,FC,2,2
PFR_b,FC1A,2,2
PFR_b,EPGt,2,2
EL,FC2A,2,2
hDeltaK,PFNm_a,2,2
hDeltaK,PFNv,2,2
PEG,ER3d_b,2,2
PEG,ER1_c,2,2
FC1C_a,PFNv,2,2
PFNa,PEN_b(PEN2),2,2
FC,PFNa,2,2
PFGs,PFNp_c,2,2
PFGs,EPGt,2,2
EPG,hDeltaA,2,2
ER3p_a,ER2_a,2,2
hDeltaK,FC3_c,2,2
ER2_b,PEG,2,2
ER3w_b,ER3d_b,2,2
ER4d,ER3p_b,2,2
hDeltaK,PFNp_b,2,2
PFNm_b,PEN_b(PEN2),2,2
hDeltaC,PFNp_b,2,2
PFGs,ER3a_b,2,2
FC3_b,PEG,2,2
hDeltaM,FC1B,2,2
hDeltaH,PFNp_b,2,2
ER2_a,ER1_a,2,2
PFNm_b,FC1B,2,2
ER2_d,ER3a_b,2,2
hDeltaA,hDeltaG,2,2
PFNp_c,PEN_a(PEN1),2,2
ER2_c,ER3d_b,2,2
ER2_c,hDeltaK,2,2
ER4d,ER3w_b,2,2
hDeltaB,PFNp_a,2,2
FC1C_a,hDeltaM,2,2
PFL1,hDeltaF,2,2
ER3m,PEN_a(PEN1),2,2
PFNp_a,PEN_b(PEN2),2,2
PFL1,hDeltaA,2,2
PFL1,hDeltaK,2,2
PEN_a(PEN1),ER3m,2,2
PFL3,EL,2,2
PFNp_d,PEN_b(PEN2),2,2
PFNp_d,hDeltaJ,2,2
hDeltaM,ER3w_b,2,2
ER2_d,PEN_a(PEN1),2,2
PFNp_d,hDeltaL,2,2
ER5,ER3w_b,2,2
PFR_a,hDeltaF,2,2
ER6,ER4d,2,2
EPG,ER3a_d,2,2
hDeltaH,FC1F,2,2
hDeltaI,Delta7,2,2
hDeltaH,PFNd,2,2
hDeltaA,FC3_c,2,2
hDeltaH,hDeltaF,2,2
EPG,hDeltaC,2,2
ER3a_d,ER2_d,2,2
ER4m,ER3m,2,2
PFL1,PFNd,2,2
PFL1,ER3a_c,2,2
PFL1,EL,2,2
PFL1,FC1D,2,2
ER5,ER3w_a,2,2
hDeltaK,EPG,2,2
PFR_a,PEN_a(PEN1),2,2
PFL2,ER4m,2,2
ER3w_b,PEG,1,1
PEG,hDeltaM,1,1
PEG,PFNv,1,1
ER3d_a,ER3p_a,1,1
ER3p_a,ER4m,1,1
ER3p_b,ER3d_d,1,1
ER3p_a,ER3d_a,1,1
ER3d_c,ER3p_a,1,1
FC1D,EPGt,1,1
hDeltaL,hDeltaA,1,1
ER3m,PFGs,1,1
ER3d_d,ER1_a,1,1
ER3p_b,ER3a_b,1,1
hDeltaG,EPG,1,1
ER4d,PFR_a,1,1
ER3d_a,ER1_b,1,1
PFNm_a,FC1B,1,1
ER3d_d,PFL3,1,1
FC3_a,EPGt,1,1
PFGs,FC1F,1,1
hDeltaG,FC1F,1,1
FC1A,PEG,1,1
hDeltaL,PEN_a(PEN1),1,1
FC3_b,hDeltaF,1,1
ER3a_c,PFL3,1,1
ER3p_b,ER1_c,1,1
ER3p_b,ER3a_d,1,1
PFR_a,ER3a_c,1,1
PFNp_c,hDeltaH,1,1
FC1A,PEN_b(PEN2),1,1
hDeltaA,FC1E,1,1
hDeltaD,hDeltaG,1,1
FC2B,PFNv,1,1
PEN_b(PEN2),PFNm_a,1,1
hDeltaF,FC1B,1,1
FC1D,EL,1,1
PEG,PFNd,1,1
PEG,PFNp_a,1,1
PEG,FC3_b,1,1
hDeltaE,EL,1,1
hDeltaE,EPG,1,1
ER3a_a,PFGs,1,1
ER3p_a,ER2_c,1,1
FC1B,hDeltaK,1,1
PFR_a,ER1_b,1,1
EPGt,FC1C_a,1,1
FC2C,EPGt,1,1
FC3_c,EPG,1,1
FC3_b,PFNp_c,1,1
FC1B,PEN_a(PEN1),1,1
EL,hDeltaE,1,1
ER3d_a,PEG,1,1
PFNm_a,hDeltaI,1,1
hDeltaJ,PFNm_a,1,1
FC1A,hDeltaK,1,1
ER3d_e,ER5,1,1
FC1D,hDeltaF,1,1
EL,FC1F,1,1
FC3_c,EL,1,1
ER1_b,PFL1,1,1
ER1_b,ER4m,1,1
FC1C_a,hDeltaL,1,1
FC1C_a,hDeltaC,1,1
ER3a_b,PFL1,1,1
ER3d_c,ER3p_b,1,1
FC1D,ER1_b,1,1
FC1D,hDeltaD,1,1
PFGs,FC1D,1,1
PFNm_a,FC3_a,1,1
PFNp_e,FC3_b,1,1
PFL3,FC1A,1,1
ER3a_b,PFL3,1,1
hDeltaL,EPG,1,1
ER1_b,ER3a_c,1,1
ER3a_a,ER6,1,1
hDeltaD,hDeltaJ,1,1
hDeltaD,hDeltaK,1,1
ER3a_b,ER1_c,1,1
FC1E,PFGs,1,1
PFNp_c,hDeltaM,1,1
FC,PFNd,1,1
FC,hDeltaH,1,1
FC,FC3_c,1,1
FC,EPG,1,1
PFR_a,hDeltaD,1,1
FC1F,EPGt,1,1
PFNa,PFR_a,1,1
hDeltaJ,hDeltaD,1,1
hDeltaJ,EPGt,1,1
PFNd,PFNp_b,1,1
PFNv,hDeltaD,1,1
FC1C_b,hDeltaF,1,1
FC2A,hDeltaG,1,1
ER1_c,ER3m,1,1
ER1_a,PFL1,1,1
PEN_b(PEN2),hDeltaG,1,1
ER3a_d,ER4m,1,1
hDeltaE,Delta7,1,1
PFNa,PEG,1,1
ER3d_d,ER3p_b,1,1
ER3d_d,ER1_b,1,1
hDeltaJ,PFNa,1,1
PFNm_a,FC1A,1,1
PEN_a(PEN1),hDeltaC,1,1
ER3m,PFL2,1,1
PEN_b(PEN2),FC2A,1,1
hDeltaL,PFNd,1,1
hDeltaL,hDeltaD,1,1
hDeltaL,hDeltaB,1,1
ER3d_b,ER1_c,1,1
PFNm_a,FC3_b,1,1
ER3a_b,ER3p_b,1,1
ER3a_b,ER3w_b,1,1
ER3a_b,ER3w_a,1,1
PEG,ER3d_c,1,1
PEG,ER3a_d,1,1
PEG,ER3a_a,1,1
FC1C_a,PFL2,1,1
FC,PFR_b,1,1
FC,PFGs,1,1
FC,hDeltaI,1,1
hDeltaI,PFNa,1,1
FC1C_b,PFNp_b,1,1
FC1C_b,hDeltaK,1,1
ER3d_b,ER3a_d,1,1
PFGs,FC1A,1,1
hDeltaE,PFL3,1,1
hDeltaG,EL,1,1
PFNp_c,FC3_c,1,1
ER3d_d,ER2_b,1,1
ER3w_b,hDeltaM,1,1
PFNd,PFNp_d,1,1
ER3d_c,ER1_a,1,1
ER3d_d,ER4m,1,1
FC2B,EL,1,1
PFNv,hDeltaE,1,1
hDeltaB,PFNm_b,1,1
FC1C_a,PEG,1,1
ER3w_c,PEG,1,1
ER3a_a,PEG,1,1
PEG,hDeltaB,1,1
PEG,FC2C,1,1
hDeltaK,hDeltaA,1,1
ER2_b,ER5,1,1
PEN_a(PEN1),PFL2,1,1
ER3w_c,ER1_b,1,1
ER3w_c,ER3d_a,1,1
hDeltaH,PEG,1,1
hDeltaK,PFR_a,1,1
hDeltaK,PFNp_d,1,1
hDeltaK,hDeltaM,1,1
hDeltaK,PEN_b(PEN2),1,1
FC1F,hDeltaK,1,1
hDeltaF,hDeltaD,1,1
ER3w_a,ER3a_a,1,1
EPG,FC1C_b,1,1
PFGs,ER3d_b,1,1
PEN_b(PEN2),FC1A,1,1
FC1E,hDeltaK,1,1
hDeltaC,FC,1,1
ER4d,ER3d_d,1,1
PFL3,FC,1,1
FC1F,hDeltaL,1,1
hDeltaK,PFNa,1,1
hDeltaM,PFNd,1,1
PFNp_e,PFL1,1,1
hDeltaH,hDeltaE,1,1
hDeltaH,FC1E,1,1
hDeltaM,FC1A,1,1
hDeltaM,PFNp_a,1,1
hDeltaM,FC1F,1,1
hDeltaM,hDeltaF,1,1
ER5,ER3d_e,1,1
FC1D,PFNm_b,1,1
ER3d_e,PEG,1,1
ER2_a,hDeltaK,1,1
PFNp_e,EPG,1,1
ER2_c,ER3w_b,1,1
ER2_a,hDeltaM,1,1
hDeltaE,PFR_a,1,1
PEN_a(PEN1),FC3_b,1,1
PEN_a(PEN1),hDeltaD,1,1
FC1F,hDeltaF,1,1
hDeltaL,hDeltaH,1,1
FC1C_b,PFNv,1,1
ER2_d,ER1_a,1,1
FC2A,EL,1,1
FC2B,PFNa,1,1
hDeltaG,FC1E,1,1
hDeltaG,PFL1,1,1
PFNm_b,PEG,1,1
PFL2,hDeltaF,1,1
hDeltaI,EL,1,1
ER2_c,ER1_b,1,1
PFGs,PFNp_a,1,1
PFNa,PFGs,1,1
PFGs,hDeltaA,1,1
PFGs,PFL1,1,1
PFNm_b,PFL2,1,1
FC1C_b,PEG,1,1
PFL1,hDeltaD,1,1
PFL1,hDeltaH,1,1
ER3m,ER4m,1,1
EPG,hDeltaE,1,1
FC2C,PEG,1,1
PEN_b(PEN2),FC2C,1,1
PEN_b(PEN2),PFL2,1,1
PFNm_b,hDeltaK,1,1
FC,hDeltaB,1,1
FC,FC1F,1,1
PFL1,PFGs,1,1
PFR_a,ER1_c,1,1
PFR_a,ER1_a,1,1
PFNp_b,hDeltaK,1,1
PFNp_a,PFL1,1,1
ER3w_b,PEN_a(PEN1),1,1
PFNp_d,hDeltaC,1,1
PFNp_b,hDeltaE,1,1
PFL3,ER3d_d,1,1
PFL3,ER3d_c,1,1
PFNp_b,PEG,1,1
hDeltaM,ER1_b,1,1
hDeltaM,ER3w_c,1,1
PFNp_b,FC3_a,1,1
hDeltaB,PEN_a(PEN1),1,1
PFNp_d,EPG,1,1
PFNp_d,hDeltaK,1,1
PFNp_d,PFR_b,1,1
PFNp_d,hDeltaG,1,1
PFNp_d,PEN_a(PEN1),1,1
PFNp_c,hDeltaB,1,1
hDeltaL,PFNm_b,1,1
ER6,ER3w_b,1,1
PFL3,Delta7,1,1
PFNp_d,hDeltaH,1,1
ER5,ER2_d,1,1
ER4m,ER3a_a,1,1
PFL2,FC1A,1,1
PFL2,hDeltaD,1,1
PFR_a,PFNp_e,1,1
PFR_a,PFNa,1,1
ER1_c,ER3p_b,1,1
ER3a_a,PFL2,1,1
ER3a_a,PFL3,1,1
Delta7,hDeltaG,1,1
PFL3,PFNp_c,1,1
PFL2,FC2C,1,1
PFL3,FC3_c,1,1
ER4m,PFL3,1,1
PFR_a,PEN_b(PEN2),1,1
ER4d,ER2_b,1,1
ER2_b,ER3a_a,1,1
EPG,FC1B,1,1
ER3p_b,ER5,1,1
hDeltaA,FC1A,1,1
hDeltaA,EPGt,1,1
PEG,hDeltaL,1,1
PEG,hDeltaD,1,1
hDeltaB,PFNp_c,1,1
EPG,hDeltaF,1,1
ER4m,ER3d_d,1,1
ER3p_a,ER3d_c,1,1
FC3_c,hDeltaE,1,1
Delta7,FC3_b,1,1
hDeltaM,FC3_a,1,1
EL,FC1E,1,1
PFL3,hDeltaK,1,1
FC1B,EL,1,1
FC2A,hDeltaL,1,1
PFNa,hDeltaA,1,1
ER3a_d,PEG,1,1
ER3a_d,ER3p_a,1,1
PFL1,PEN_a(PEN1),1,1
PFL1,FC3_c,1,1
PFL1,FC1B,1,1
PFL1,hDeltaL,1,1
PFL3,PFNp_b,1,1
FC2B,PFNd,1,1
EL,FC1A,1,1
EL,PFNp_a,1,1
PFL2,hDeltaG,1,1
PFL2,hDeltaC,1,1
PFL2,FC3_b,1,1
PFL1,PFNp_b,1,1
PFL1,FC1C_a,1,1
ER5,ER3d_a,1,1
PFR_b,PFNp_a,1,1
hDeltaC,PFNp_d,1,1
PEN_a(PEN1),FC2C,1,1
PEN_a(PEN1),PFNp_d,1,1
ER6,ER3d_b,1,1
ER6,ER3d_d,1,1
ER6,PFL2,1,1
PEG,ER2_b,1,1
PFL1,FC,1,1
ER3w_a,PEG,1,1
ER3w_a,ER1_c,1,1
ER1_b,hDeltaK,1,1
ER1_b,FC3_b,1,1
ER1_b,ER3a_a,1,1
ER2_d,hDeltaK,1,1
PEG,FC2B,1,1
ER5,PFL1,1,1
hDeltaI,PEG,1,1
ER3d_d,ER3w_b,1,1
FC2A,EPGt,1,1
FC2A,PEG,1,1
ER3a_a,ER3w_a,1,1
ER3a_a,ER2_b,1,1
hDeltaF,PFL1,1,1
FC1B,EPG,1,1
FC2C,PEN_b(PEN2),1,1
EPGt,ER3a_b,1,1
EPGt,ER3p_a,1,1
EPGt,hDeltaK,1,1
EPGt,FC2C,1,1
EPGt,FC1D,1,1
ER3a_c,ER4m,1,1
ER3a_c,ER1_c,1,1
ER4m,ER1_a,1,1
hDeltaK,Delta7,1,1
ER5,ER1_b,1,1
PEN_a(PEN1),PFL3,1,1
PFL2,PFR_b,1,1
